parent_id,child_id,edge_type
go:GO:0000018,go:GO:0010569,go_parent
go:GO:0000018,go:GO:0045191,go_parent
go:GO:0000018,go:GO:0045910,go_parent
go:GO:0000018,go:GO:0045911,go_parent
go:GO:0000028,go:GO:0180026,go_parent
go:GO:0000041,go:GO:0006829,go_parent
go:GO:0000045,target:BECN1,annotates_target
go:GO:0000070,go:GO:0007076,go_parent
go:GO:0000070,go:GO:0007080,go_parent
go:GO:0000070,go:GO:0051306,go_parent
go:GO:0000070,go:GO:0090307,go_parent
go:GO:0000075,go:GO:0007093,go_parent
go:GO:0000075,go:GO:0031570,go_parent
go:GO:0000075,go:GO:0031577,go_parent
go:GO:0000077,go:GO:0044773,go_parent
go:GO:0000077,target:ATM,annotates_target
go:GO:0000077,target:DOT1L,annotates_target
go:GO:0000082,target:ACVR1B,annotates_target
go:GO:0000082,target:PIAS1,annotates_target
go:GO:0000086,target:CDC25B,annotates_target
go:GO:0000086,target:NEK2,annotates_target
go:GO:0000086,target:USP22,annotates_target
go:GO:0000122,go:GO:0060633,go_parent
go:GO:0000122,target:AASS,annotates_target
go:GO:0000122,target:ATF4,annotates_target
go:GO:0000122,target:C1QBP,annotates_target
go:GO:0000122,target:CREM,annotates_target
go:GO:0000122,target:CTBP2,annotates_target
go:GO:0000122,target:DNAJA3,annotates_target
go:GO:0000122,target:DNMT1,annotates_target
go:GO:0000122,target:DPF2,annotates_target
go:GO:0000122,target:EHMT1,annotates_target
go:GO:0000122,target:EHMT2,annotates_target
go:GO:0000122,target:EID2,annotates_target
go:GO:0000122,target:EP300,annotates_target
go:GO:0000122,target:FOXH1,annotates_target
go:GO:0000122,target:HDAC3,annotates_target
go:GO:0000122,target:HDAC8,annotates_target
go:GO:0000122,target:HDGF,annotates_target
go:GO:0000122,target:HMGB2,annotates_target
go:GO:0000122,target:HSBP1,annotates_target
go:GO:0000122,target:IRF3,annotates_target
go:GO:0000122,target:JAZF1,annotates_target
go:GO:0000122,target:KAT2A,annotates_target
go:GO:0000122,target:KDM1A,annotates_target
go:GO:0000122,target:KDM2B,annotates_target
go:GO:0000122,target:KLF10,annotates_target
go:GO:0000122,target:MAX,annotates_target
go:GO:0000122,target:MED1,annotates_target
go:GO:0000122,target:MED13,annotates_target
go:GO:0000122,target:MED25,annotates_target
go:GO:0000122,target:MTA1,annotates_target
go:GO:0000122,target:NCK2,annotates_target
go:GO:0000122,target:NELFE,annotates_target
go:GO:0000122,target:NFATC3,annotates_target
go:GO:0000122,target:NFE2L1,annotates_target
go:GO:0000122,target:NFX1,annotates_target
go:GO:0000122,target:PHF12,annotates_target
go:GO:0000122,target:PHF14,annotates_target
go:GO:0000122,target:PIAS1,annotates_target
go:GO:0000122,target:RBPJ,annotates_target
go:GO:0000122,target:RNF2,annotates_target
go:GO:0000122,target:SIN3B,annotates_target
go:GO:0000122,target:SMARCA4,annotates_target
go:GO:0000122,target:SNCA,annotates_target
go:GO:0000122,target:SOX2,annotates_target
go:GO:0000122,target:SOX4,annotates_target
go:GO:0000122,target:SRC,annotates_target
go:GO:0000122,target:STAT1,annotates_target
go:GO:0000122,target:SUPT4H1,annotates_target
go:GO:0000122,target:TCF3,annotates_target
go:GO:0000122,target:TCF7L2,annotates_target
go:GO:0000122,target:TET1,annotates_target
go:GO:0000122,target:THAP11,annotates_target
go:GO:0000122,target:TMBIM6,annotates_target
go:GO:0000122,target:TSC22D4,annotates_target
go:GO:0000122,target:WFS1,annotates_target
go:GO:0000122,target:ZBTB39,annotates_target
go:GO:0000122,target:ZNF107,annotates_target
go:GO:0000122,target:ZNF92,annotates_target
go:GO:0000132,target:HDAC3,annotates_target
go:GO:0000165,go:GO:0007254,go_parent
go:GO:0000165,go:GO:0038066,go_parent
go:GO:0000165,go:GO:0051403,go_parent
go:GO:0000165,go:GO:0070371,go_parent
go:GO:0000165,target:FGFR1,annotates_target
go:GO:0000165,target:MAP3K7,annotates_target
go:GO:0000165,target:MAPKAPK2,annotates_target
go:GO:0000165,target:NRAS,annotates_target
go:GO:0000165,target:RAF1,annotates_target
go:GO:0000165,target:STUB1,annotates_target
go:GO:0000183,target:SMARCA5,annotates_target
go:GO:0000209,go:GO:0035519,go_parent
go:GO:0000209,go:GO:0070534,go_parent
go:GO:0000209,go:GO:0070936,go_parent
go:GO:0000209,target:BIRC2,annotates_target
go:GO:0000209,target:CTNNB1,annotates_target
go:GO:0000209,target:DZIP3,annotates_target
go:GO:0000209,target:RNF20,annotates_target
go:GO:0000209,target:SHPRH,annotates_target
go:GO:0000209,target:STUB1,annotates_target
go:GO:0000209,target:UBE3C,annotates_target
go:GO:0000209,target:WSB2,annotates_target
go:GO:0000226,go:GO:0001578,go_parent
go:GO:0000226,go:GO:0007051,go_parent
go:GO:0000226,go:GO:0031023,go_parent
go:GO:0000226,go:GO:0031122,go_parent
go:GO:0000226,go:GO:0051293,go_parent
go:GO:0000226,go:GO:1902850,go_parent
go:GO:0000226,target:CAMSAP2,annotates_target
go:GO:0000226,target:MAP1B,annotates_target
go:GO:0000226,target:PPP2R3C,annotates_target
go:GO:0000226,target:TXNDC9,annotates_target
go:GO:0000245,go:GO:1903241,go_parent
go:GO:0000245,target:ZRSR2,annotates_target
go:GO:0000266,target:MTFR1,annotates_target
go:GO:0000271,go:GO:0009250,go_parent
go:GO:0000278,go:GO:1903047,go_parent
go:GO:0000278,target:CDC25B,annotates_target
go:GO:0000278,target:NEK2,annotates_target
go:GO:0000280,go:GO:0140013,go_parent
go:GO:0000280,go:GO:0140014,go_parent
go:GO:0000281,go:GO:1902410,go_parent
go:GO:0000281,target:KIF20A,annotates_target
go:GO:0000302,go:GO:0034614,go_parent
go:GO:0000302,go:GO:0042542,go_parent
go:GO:0000302,target:APOE,annotates_target
go:GO:0000338,target:TOR1A,annotates_target
go:GO:0000375,go:GO:0000377,go_parent
go:GO:0000377,go:GO:0000398,go_parent
go:GO:0000380,target:DHX9,annotates_target
go:GO:0000380,target:STRAP,annotates_target
go:GO:0000387,target:STRAP,annotates_target
go:GO:0000398,go:GO:0000245,go_parent
go:GO:0000398,go:GO:0000380,go_parent
go:GO:0000398,go:GO:0000387,go_parent
go:GO:0000398,target:HTATSF1,annotates_target
go:GO:0000398,target:METTL14,annotates_target
go:GO:0000398,target:METTL3,annotates_target
go:GO:0000398,target:STRAP,annotates_target
go:GO:0000398,target:ZRSR2,annotates_target
go:GO:0000422,go:GO:0000423,go_parent
go:GO:0000423,target:BECN1,annotates_target
go:GO:0000425,target:ATM,annotates_target
go:GO:0000723,target:ATM,annotates_target
go:GO:0000724,target:ATM,annotates_target
go:GO:0000724,target:BRD9,annotates_target
go:GO:0000724,target:HTATSF1,annotates_target
go:GO:0000725,go:GO:0000724,go_parent
go:GO:0000729,target:ATM,annotates_target
go:GO:0000731,target:RRM1,annotates_target
go:GO:0000819,go:GO:0000070,go_parent
go:GO:0000902,go:GO:0036344,go_parent
go:GO:0000902,go:GO:0048667,go_parent
go:GO:0000902,go:GO:0048858,go_parent
go:GO:0000902,go:GO:0070309,go_parent
go:GO:0000902,go:GO:0098508,go_parent
go:GO:0000902,target:CYFIP1,annotates_target
go:GO:0000902,target:MED1,annotates_target
go:GO:0000902,target:NCKAP1,annotates_target
go:GO:0000910,go:GO:0032506,go_parent
go:GO:0000910,go:GO:0061640,go_parent
go:GO:0000956,go:GO:0071044,go_parent
go:GO:0000957,go:GO:0000958,go_parent
go:GO:0000957,go:GO:2000827,go_parent
go:GO:0000957,target:C1QBP,annotates_target
go:GO:0000957,target:SUPV3L1,annotates_target
go:GO:0000958,go:GO:0035946,go_parent
go:GO:0000958,target:SUPV3L1,annotates_target
go:GO:0000959,go:GO:0000957,go_parent
go:GO:0000959,go:GO:0000963,go_parent
go:GO:0000959,go:GO:0006390,go_parent
go:GO:0000959,go:GO:0006391,go_parent
go:GO:0000959,go:GO:0090646,go_parent
go:GO:0000960,go:GO:0000961,go_parent
go:GO:0000960,go:GO:0000962,go_parent
go:GO:0000960,go:GO:1905637,go_parent
go:GO:0000961,go:GO:1905638,go_parent
go:GO:0000961,target:LRPPRC,annotates_target
go:GO:0000962,target:SUPV3L1,annotates_target
go:GO:0000963,go:GO:0000965,go_parent
go:GO:0000963,go:GO:0090646,go_parent
go:GO:0000963,go:GO:0097222,go_parent
go:GO:0000965,go:GO:1990180,go_parent
go:GO:0000965,target:SUPV3L1,annotates_target
go:GO:0001101,go:GO:0043200,go_parent
go:GO:0001101,go:GO:0071229,go_parent
go:GO:0001188,target:SMARCA4,annotates_target
go:GO:0001188,target:SMARCB1,annotates_target
go:GO:0001501,go:GO:0048705,go_parent
go:GO:0001501,go:GO:0048706,go_parent
go:GO:0001501,go:GO:0051216,go_parent
go:GO:0001501,go:GO:0060348,go_parent
go:GO:0001501,target:FGFR1,annotates_target
go:GO:0001503,go:GO:0001649,go_parent
go:GO:0001503,go:GO:0030282,go_parent
go:GO:0001503,target:DHX36,annotates_target
go:GO:0001504,go:GO:0098810,go_parent
go:GO:0001508,go:GO:0086001,go_parent
go:GO:0001508,go:GO:0086011,go_parent
go:GO:0001510,target:METTL14,annotates_target
go:GO:0001510,target:METTL3,annotates_target
go:GO:0001523,target:APOE,annotates_target
go:GO:0001525,go:GO:0001569,go_parent
go:GO:0001525,go:GO:0002040,go_parent
go:GO:0001525,go:GO:0060055,go_parent
go:GO:0001525,target:EPHB4,annotates_target
go:GO:0001525,target:ITGAV,annotates_target
go:GO:0001525,target:KDR,annotates_target
go:GO:0001525,target:MED1,annotates_target
go:GO:0001525,target:RBPJ,annotates_target
go:GO:0001525,target:THY1,annotates_target
go:GO:0001554,target:CASP2,annotates_target
go:GO:0001554,target:CASP3,annotates_target
go:GO:0001558,go:GO:0030307,go_parent
go:GO:0001558,go:GO:0030308,go_parent
go:GO:0001558,go:GO:0061387,go_parent
go:GO:0001568,go:GO:0048514,go_parent
go:GO:0001568,go:GO:0060674,go_parent
go:GO:0001568,go:GO:0060837,go_parent
go:GO:0001568,go:GO:0060840,go_parent
go:GO:0001568,target:TCF7L2,annotates_target
go:GO:0001568,target:TGFBR2,annotates_target
go:GO:0001569,target:KDR,annotates_target
go:GO:0001569,target:TGFBR2,annotates_target
go:GO:0001570,target:ITGAV,annotates_target
go:GO:0001570,target:KDR,annotates_target
go:GO:0001570,target:PAXIP1,annotates_target
go:GO:0001570,target:TGFBR2,annotates_target
go:GO:0001578,target:KIF20A,annotates_target
go:GO:0001578,target:MAP1B,annotates_target
go:GO:0001649,target:COL6A1,annotates_target
go:GO:0001649,target:CTNNB1,annotates_target
go:GO:0001649,target:DHX9,annotates_target
go:GO:0001649,target:MAP3K7,annotates_target
go:GO:0001649,target:SOX2,annotates_target
go:GO:0001654,go:GO:0043010,go_parent
go:GO:0001654,go:GO:0048592,go_parent
go:GO:0001654,target:PBX1,annotates_target
go:GO:0001654,target:PBX3,annotates_target
go:GO:0001654,target:PMEL,annotates_target
go:GO:0001654,target:SOX2,annotates_target
go:GO:0001656,go:GO:0072075,go_parent
go:GO:0001656,go:GO:0072203,go_parent
go:GO:0001666,go:GO:0071456,go_parent
go:GO:0001666,target:ATP1B1,annotates_target
go:GO:0001666,target:BECN1,annotates_target
go:GO:0001666,target:BIRC2,annotates_target
go:GO:0001666,target:CASP3,annotates_target
go:GO:0001666,target:CXCL12,annotates_target
go:GO:0001666,target:EP300,annotates_target
go:GO:0001666,target:HSP90B1,annotates_target
go:GO:0001666,target:MAP3K7,annotates_target
go:GO:0001666,target:TFAM,annotates_target
go:GO:0001676,go:GO:0019369,go_parent
go:GO:0001678,go:GO:0071333,go_parent
go:GO:0001701,go:GO:0001824,go_parent
go:GO:0001701,go:GO:0001892,go_parent
go:GO:0001701,target:HDAC3,annotates_target
go:GO:0001701,target:ZNF850,annotates_target
go:GO:0001702,target:UGDH,annotates_target
go:GO:0001704,go:GO:0001706,go_parent
go:GO:0001704,go:GO:0060795,go_parent
go:GO:0001704,target:ITGAV,annotates_target
go:GO:0001706,go:GO:0035987,go_parent
go:GO:0001708,go:GO:0001714,go_parent
go:GO:0001708,go:GO:0060847,go_parent
go:GO:0001711,go:GO:0001714,go_parent
go:GO:0001714,target:SOX2,annotates_target
go:GO:0001732,target:EIF3H,annotates_target
go:GO:0001754,go:GO:0042462,go_parent
go:GO:0001754,go:GO:0060219,go_parent
go:GO:0001763,go:GO:0061138,go_parent
go:GO:0001764,target:CXCL12,annotates_target
go:GO:0001764,target:FGFR1,annotates_target
go:GO:0001764,target:MAP1B,annotates_target
go:GO:0001773,go:GO:0043011,go_parent
go:GO:0001774,target:SNCA,annotates_target
go:GO:0001775,go:GO:0002263,go_parent
go:GO:0001775,go:GO:0030168,go_parent
go:GO:0001775,go:GO:0045321,go_parent
go:GO:0001775,go:GO:0061900,go_parent
go:GO:0001776,go:GO:0002260,go_parent
go:GO:0001776,go:GO:0036145,go_parent
go:GO:0001778,target:CHMP3,annotates_target
go:GO:0001779,target:PBX1,annotates_target
go:GO:0001782,target:PPP2R3C,annotates_target
go:GO:0001816,go:GO:0071604,go_parent
go:GO:0001817,go:GO:0001818,go_parent
go:GO:0001817,go:GO:0001819,go_parent
go:GO:0001817,go:GO:0002718,go_parent
go:GO:0001817,go:GO:0010574,go_parent
go:GO:0001817,go:GO:0032479,go_parent
go:GO:0001817,go:GO:0032649,go_parent
go:GO:0001817,go:GO:0032655,go_parent
go:GO:0001817,go:GO:0032661,go_parent
go:GO:0001817,go:GO:0032663,go_parent
go:GO:0001817,go:GO:0032675,go_parent
go:GO:0001817,go:GO:0071634,go_parent
go:GO:0001817,go:GO:1900015,go_parent
go:GO:0001817,go:GO:1903555,go_parent
go:GO:0001817,target:CD276,annotates_target
go:GO:0001817,target:ZBTB39,annotates_target
go:GO:0001818,go:GO:0032689,go_parent
go:GO:0001818,go:GO:0032695,go_parent
go:GO:0001818,go:GO:0032715,go_parent
go:GO:0001818,go:GO:0071635,go_parent
go:GO:0001818,target:CASP3,annotates_target
go:GO:0001819,go:GO:0002720,go_parent
go:GO:0001819,go:GO:0010575,go_parent
go:GO:0001819,go:GO:0032481,go_parent
go:GO:0001819,go:GO:0032729,go_parent
go:GO:0001819,go:GO:0032741,go_parent
go:GO:0001819,go:GO:0032743,go_parent
go:GO:0001819,go:GO:0032755,go_parent
go:GO:0001819,go:GO:1900017,go_parent
go:GO:0001819,go:GO:1903557,go_parent
go:GO:0001819,target:CD276,annotates_target
go:GO:0001819,target:IRF3,annotates_target
go:GO:0001819,target:KAT2A,annotates_target
go:GO:0001822,go:GO:0001656,go_parent
go:GO:0001822,go:GO:0060993,go_parent
go:GO:0001822,go:GO:0061005,go_parent
go:GO:0001822,go:GO:0072074,go_parent
go:GO:0001822,go:GO:0072111,go_parent
go:GO:0001822,target:WFS1,annotates_target
go:GO:0001824,go:GO:0001825,go_parent
go:GO:0001825,go:GO:0001826,go_parent
go:GO:0001826,target:TET1,annotates_target
go:GO:0001836,target:CASP2,annotates_target
go:GO:0001837,go:GO:0060317,go_parent
go:GO:0001837,target:CTNNB1,annotates_target
go:GO:0001837,target:DLG5,annotates_target
go:GO:0001837,target:FGFR1,annotates_target
go:GO:0001837,target:GSK3B,annotates_target
go:GO:0001837,target:RBPJ,annotates_target
go:GO:0001837,target:SLC39A6,annotates_target
go:GO:0001837,target:TGFBR2,annotates_target
go:GO:0001838,go:GO:0001841,go_parent
go:GO:0001838,go:GO:0014020,go_parent
go:GO:0001841,go:GO:0014020,go_parent
go:GO:0001843,go:GO:0021993,go_parent
go:GO:0001881,go:GO:0038020,go_parent
go:GO:0001889,go:GO:0070365,go_parent
go:GO:0001889,target:IGF2R,annotates_target
go:GO:0001890,go:GO:0001892,go_parent
go:GO:0001890,go:GO:0060674,go_parent
go:GO:0001892,go:GO:0060711,go_parent
go:GO:0001894,go:GO:0010669,go_parent
go:GO:0001894,go:GO:0035633,go_parent
go:GO:0001894,go:GO:0045453,go_parent
go:GO:0001906,go:GO:0031640,go_parent
go:GO:0001919,go:GO:0001921,go_parent
go:GO:0001921,target:SNCA,annotates_target
go:GO:0001932,go:GO:0001933,go_parent
go:GO:0001932,go:GO:0001934,go_parent
go:GO:0001932,go:GO:0033135,go_parent
go:GO:0001932,go:GO:0045859,go_parent
go:GO:0001933,go:GO:0006469,go_parent
go:GO:0001934,go:GO:0033138,go_parent
go:GO:0001934,go:GO:0045860,go_parent
go:GO:0001934,target:HDAC3,annotates_target
go:GO:0001934,target:KDR,annotates_target
go:GO:0001936,go:GO:0001937,go_parent
go:GO:0001936,go:GO:0001938,go_parent
go:GO:0001936,go:GO:1905562,go_parent
go:GO:0001937,target:APOE,annotates_target
go:GO:0001937,target:STAT1,annotates_target
go:GO:0001938,go:GO:1905564,go_parent
go:GO:0001938,target:CXCL12,annotates_target
go:GO:0001938,target:HMGB2,annotates_target
go:GO:0001938,target:KDR,annotates_target
go:GO:0001938,target:NRAS,annotates_target
go:GO:0001941,go:GO:0071340,go_parent
go:GO:0001941,go:GO:0097113,go_parent
go:GO:0001941,go:GO:0097114,go_parent
go:GO:0001944,go:GO:0001568,go_parent
go:GO:0001944,target:KDR,annotates_target
go:GO:0001947,target:FOXH1,annotates_target
go:GO:0001947,target:TGFBR2,annotates_target
go:GO:0001952,go:GO:0001953,go_parent
go:GO:0001952,go:GO:0001954,go_parent
go:GO:0001952,go:GO:0051893,go_parent
go:GO:0001952,target:THY1,annotates_target
go:GO:0001953,go:GO:0051895,go_parent
go:GO:0001954,go:GO:0051894,go_parent
go:GO:0001954,target:GSK3B,annotates_target
go:GO:0001956,go:GO:1903296,go_parent
go:GO:0001959,go:GO:0001960,go_parent
go:GO:0001959,go:GO:0010803,go_parent
go:GO:0001959,go:GO:0060334,go_parent
go:GO:0001959,go:GO:0060338,go_parent
go:GO:0001960,go:GO:0060336,go_parent
go:GO:0001960,go:GO:0060339,go_parent
go:GO:0001963,go:GO:0051583,go_parent
go:GO:0001963,target:SNCA,annotates_target
go:GO:0001966,target:EP300,annotates_target
go:GO:0001974,target:RBPJ,annotates_target
go:GO:0001975,target:CALM3,annotates_target
go:GO:0001990,go:GO:0003081,go_parent
go:GO:0001991,go:GO:0002002,go_parent
go:GO:0002002,go:GO:0002003,go_parent
go:GO:0002003,target:PRCP,annotates_target
go:GO:0002009,go:GO:0002011,go_parent
go:GO:0002009,go:GO:0003159,go_parent
go:GO:0002009,go:GO:0016331,go_parent
go:GO:0002009,go:GO:0021993,go_parent
go:GO:0002009,go:GO:0060562,go_parent
go:GO:0002009,go:GO:0061138,go_parent
go:GO:0002009,target:VCL,annotates_target
go:GO:0002011,go:GO:0090504,go_parent
go:GO:0002027,go:GO:0010460,go_parent
go:GO:0002027,go:GO:0086091,go_parent
go:GO:0002027,target:CALM3,annotates_target
go:GO:0002028,go:GO:0010765,go_parent
go:GO:0002028,go:GO:1902305,go_parent
go:GO:0002040,go:GO:0002042,go_parent
go:GO:0002042,target:EPHB4,annotates_target
go:GO:0002052,target:CTNNB1,annotates_target
go:GO:0002052,target:KDM1A,annotates_target
go:GO:0002053,target:STAT1,annotates_target
go:GO:0002053,target:TGFBR2,annotates_target
go:GO:0002062,go:GO:0002063,go_parent
go:GO:0002062,go:GO:0003413,go_parent
go:GO:0002063,go:GO:0003433,go_parent
go:GO:0002064,go:GO:0002066,go_parent
go:GO:0002064,go:GO:0070307,go_parent
go:GO:0002065,go:GO:0002066,go_parent
go:GO:0002065,go:GO:0060563,go_parent
go:GO:0002065,go:GO:0060575,go_parent
go:GO:0002066,go:GO:0060576,go_parent
go:GO:0002082,go:GO:0090324,go_parent
go:GO:0002088,go:GO:0002089,go_parent
go:GO:0002088,go:GO:0070306,go_parent
go:GO:0002088,target:MED1,annotates_target
go:GO:0002089,go:GO:0070309,go_parent
go:GO:0002154,target:MED1,annotates_target
go:GO:0002181,go:GO:0002182,go_parent
go:GO:0002181,go:GO:0002183,go_parent
go:GO:0002182,go:GO:0072344,go_parent
go:GO:0002183,go:GO:0001732,go_parent
go:GO:0002183,target:EIF3H,annotates_target
go:GO:0002200,go:GO:0002562,go_parent
go:GO:0002200,go:GO:0016445,go_parent
go:GO:0002209,target:EP300,annotates_target
go:GO:0002218,go:GO:0002758,go_parent
go:GO:0002220,go:GO:0002223,go_parent
go:GO:0002220,go:GO:0002752,go_parent
go:GO:0002221,go:GO:0002224,go_parent
go:GO:0002221,go:GO:0002752,go_parent
go:GO:0002221,go:GO:0002753,go_parent
go:GO:0002223,target:EP300,annotates_target
go:GO:0002223,target:MAP3K7,annotates_target
go:GO:0002223,target:SRC,annotates_target
go:GO:0002224,go:GO:0002755,go_parent
go:GO:0002224,go:GO:0002756,go_parent
go:GO:0002224,target:MAPKAPK2,annotates_target
go:GO:0002230,target:STAT1,annotates_target
go:GO:0002237,go:GO:0032496,go_parent
go:GO:0002237,go:GO:0071219,go_parent
go:GO:0002244,go:GO:0002320,go_parent
go:GO:0002244,target:SBDS,annotates_target
go:GO:0002252,go:GO:0002263,go_parent
go:GO:0002253,go:GO:0002218,go_parent
go:GO:0002253,go:GO:0002757,go_parent
go:GO:0002260,go:GO:0001782,go_parent
go:GO:0002260,go:GO:0043029,go_parent
go:GO:0002262,go:GO:0034101,go_parent
go:GO:0002263,go:GO:0002366,go_parent
go:GO:0002269,go:GO:0001774,go_parent
go:GO:0002274,go:GO:0001773,go_parent
go:GO:0002274,go:GO:0042116,go_parent
go:GO:0002285,go:GO:0002312,go_parent
go:GO:0002312,go:GO:0002313,go_parent
go:GO:0002313,go:GO:0002314,go_parent
go:GO:0002313,go:GO:0002317,go_parent
go:GO:0002314,target:PHF14,annotates_target
go:GO:0002317,target:JMJD1C,annotates_target
go:GO:0002320,go:GO:0002328,go_parent
go:GO:0002326,target:TCF3,annotates_target
go:GO:0002327,go:GO:0002329,go_parent
go:GO:0002328,target:SOX4,annotates_target
go:GO:0002329,go:GO:0002331,go_parent
go:GO:0002331,target:ATM,annotates_target
go:GO:0002335,go:GO:0002313,go_parent
go:GO:0002366,go:GO:0002285,go_parent
go:GO:0002376,go:GO:0001776,go_parent
go:GO:0002376,go:GO:0002200,go_parent
go:GO:0002376,go:GO:0002252,go_parent
go:GO:0002376,go:GO:0002253,go_parent
go:GO:0002376,go:GO:0002262,go_parent
go:GO:0002376,go:GO:0002440,go_parent
go:GO:0002376,go:GO:0002520,go_parent
go:GO:0002376,go:GO:0006955,go_parent
go:GO:0002376,go:GO:0019882,go_parent
go:GO:0002376,go:GO:0031294,go_parent
go:GO:0002376,go:GO:0045058,go_parent
go:GO:0002376,go:GO:0045321,go_parent
go:GO:0002376,go:GO:0050900,go_parent
go:GO:0002376,target:DNAJA3,annotates_target
go:GO:0002376,target:IRF3,annotates_target
go:GO:0002377,go:GO:0016445,go_parent
go:GO:0002429,go:GO:0002220,go_parent
go:GO:0002429,go:GO:0002431,go_parent
go:GO:0002429,go:GO:0050851,go_parent
go:GO:0002431,go:GO:0038096,go_parent
go:GO:0002437,target:HMGB2,annotates_target
go:GO:0002440,go:GO:0002377,go_parent
go:GO:0002474,go:GO:0019885,go_parent
go:GO:0002478,go:GO:0019886,go_parent
go:GO:0002483,go:GO:0019885,go_parent
go:GO:0002495,go:GO:0019886,go_parent
go:GO:0002504,go:GO:0002495,go_parent
go:GO:0002520,go:GO:0002200,go_parent
go:GO:0002520,go:GO:0048534,go_parent
go:GO:0002521,go:GO:0002573,go_parent
go:GO:0002521,go:GO:1903131,go_parent
go:GO:0002562,go:GO:0016447,go_parent
go:GO:0002562,go:GO:0033151,go_parent
go:GO:0002573,go:GO:0030316,go_parent
go:GO:0002573,go:GO:0030851,go_parent
go:GO:0002573,go:GO:0043011,go_parent
go:GO:0002576,target:STXBP1,annotates_target
go:GO:0002637,go:GO:0002638,go_parent
go:GO:0002637,go:GO:0002639,go_parent
go:GO:0002637,go:GO:0045191,go_parent
go:GO:0002638,target:TMBIM6,annotates_target
go:GO:0002639,go:GO:0045830,go_parent
go:GO:0002639,target:STX4,annotates_target
go:GO:0002643,go:GO:0002645,go_parent
go:GO:0002643,go:GO:0002649,go_parent
go:GO:0002643,go:GO:0002661,go_parent
go:GO:0002643,go:GO:0002664,go_parent
go:GO:0002645,go:GO:0002651,go_parent
go:GO:0002645,go:GO:0002663,go_parent
go:GO:0002645,go:GO:0002666,go_parent
go:GO:0002649,go:GO:0002651,go_parent
go:GO:0002651,target:TGFBR2,annotates_target
go:GO:0002661,go:GO:0002663,go_parent
go:GO:0002663,target:TGFBR2,annotates_target
go:GO:0002664,go:GO:0002666,go_parent
go:GO:0002666,target:TGFBR2,annotates_target
go:GO:0002682,go:GO:0002643,go_parent
go:GO:0002682,go:GO:0002683,go_parent
go:GO:0002682,go:GO:0002684,go_parent
go:GO:0002682,go:GO:0002685,go_parent
go:GO:0002682,go:GO:0002694,go_parent
go:GO:0002682,go:GO:0002697,go_parent
go:GO:0002682,go:GO:0050776,go_parent
go:GO:0002682,go:GO:1903706,go_parent
go:GO:0002682,target:DNAJA3,annotates_target
go:GO:0002682,target:THY1,annotates_target
go:GO:0002682,target:ZBTB39,annotates_target
go:GO:0002683,go:GO:0002686,go_parent
go:GO:0002683,go:GO:0002695,go_parent
go:GO:0002683,go:GO:0002698,go_parent
go:GO:0002683,go:GO:0039532,go_parent
go:GO:0002683,go:GO:0050777,go_parent
go:GO:0002683,go:GO:0050858,go_parent
go:GO:0002684,go:GO:0002645,go_parent
go:GO:0002684,go:GO:0002687,go_parent
go:GO:0002684,go:GO:0002696,go_parent
go:GO:0002684,go:GO:0002699,go_parent
go:GO:0002684,go:GO:0050778,go_parent
go:GO:0002684,go:GO:1903708,go_parent
go:GO:0002685,go:GO:0002686,go_parent
go:GO:0002685,go:GO:0002687,go_parent
go:GO:0002685,go:GO:0002688,go_parent
go:GO:0002685,go:GO:0002691,go_parent
go:GO:0002685,go:GO:0071675,go_parent
go:GO:0002685,go:GO:1902622,go_parent
go:GO:0002686,go:GO:0002692,go_parent
go:GO:0002687,go:GO:0002690,go_parent
go:GO:0002687,go:GO:0002693,go_parent
go:GO:0002687,go:GO:0071677,go_parent
go:GO:0002687,go:GO:1902624,go_parent
go:GO:0002688,go:GO:0002690,go_parent
go:GO:0002688,go:GO:0071622,go_parent
go:GO:0002688,go:GO:0090025,go_parent
go:GO:0002688,go:GO:2000508,go_parent
go:GO:0002690,go:GO:0071624,go_parent
go:GO:0002690,go:GO:0090026,go_parent
go:GO:0002690,go:GO:2000510,go_parent
go:GO:0002691,go:GO:0002692,go_parent
go:GO:0002691,go:GO:0002693,go_parent
go:GO:0002691,go:GO:1903236,go_parent
go:GO:0002692,go:GO:1903237,go_parent
go:GO:0002693,target:THY1,annotates_target
go:GO:0002694,go:GO:0002695,go_parent
go:GO:0002694,go:GO:0002696,go_parent
go:GO:0002694,go:GO:0051249,go_parent
go:GO:0002694,go:GO:1902563,go_parent
go:GO:0002695,go:GO:0051250,go_parent
go:GO:0002695,go:GO:1902564,go_parent
go:GO:0002696,go:GO:0051251,go_parent
go:GO:0002697,go:GO:0002698,go_parent
go:GO:0002697,go:GO:0002699,go_parent
go:GO:0002697,go:GO:0002700,go_parent
go:GO:0002697,go:GO:0002703,go_parent
go:GO:0002697,go:GO:0030449,go_parent
go:GO:0002697,go:GO:0043300,go_parent
go:GO:0002697,go:GO:2000319,go_parent
go:GO:0002698,go:GO:0002701,go_parent
go:GO:0002699,go:GO:0002702,go_parent
go:GO:0002699,go:GO:0002705,go_parent
go:GO:0002699,go:GO:0043302,go_parent
go:GO:0002699,go:GO:2000321,go_parent
go:GO:0002700,go:GO:0002637,go_parent
go:GO:0002700,go:GO:0002701,go_parent
go:GO:0002700,go:GO:0002702,go_parent
go:GO:0002700,go:GO:0002718,go_parent
go:GO:0002701,go:GO:0002638,go_parent
go:GO:0002702,go:GO:0002639,go_parent
go:GO:0002702,go:GO:0002720,go_parent
go:GO:0002703,go:GO:0002705,go_parent
go:GO:0002703,go:GO:0002706,go_parent
go:GO:0002703,go:GO:0002730,go_parent
go:GO:0002703,go:GO:0002886,go_parent
go:GO:0002705,go:GO:0002708,go_parent
go:GO:0002705,go:GO:0002732,go_parent
go:GO:0002705,go:GO:0002888,go_parent
go:GO:0002706,go:GO:0002708,go_parent
go:GO:0002706,go:GO:0002709,go_parent
go:GO:0002706,go:GO:0002712,go_parent
go:GO:0002708,go:GO:0002711,go_parent
go:GO:0002708,go:GO:0002714,go_parent
go:GO:0002709,go:GO:0002711,go_parent
go:GO:0002709,go:GO:0002724,go_parent
go:GO:0002711,go:GO:0002726,go_parent
go:GO:0002712,go:GO:0002714,go_parent
go:GO:0002712,go:GO:0002889,go_parent
go:GO:0002714,go:GO:0002891,go_parent
go:GO:0002718,go:GO:0002720,go_parent
go:GO:0002718,go:GO:0002724,go_parent
go:GO:0002718,go:GO:0002730,go_parent
go:GO:0002720,go:GO:0002726,go_parent
go:GO:0002720,go:GO:0002732,go_parent
go:GO:0002720,go:GO:0061081,go_parent
go:GO:0002724,go:GO:0002726,go_parent
go:GO:0002726,target:MAP3K7,annotates_target
go:GO:0002730,go:GO:0002732,go_parent
go:GO:0002730,go:GO:0002733,go_parent
go:GO:0002732,go:GO:0002735,go_parent
go:GO:0002733,go:GO:0002735,go_parent
go:GO:0002735,target:DHX36,annotates_target
go:GO:0002752,go:GO:0140895,go_parent
go:GO:0002753,go:GO:0035872,go_parent
go:GO:0002753,go:GO:0039530,go_parent
go:GO:0002753,go:GO:0140894,go_parent
go:GO:0002753,go:GO:0140896,go_parent
go:GO:0002753,target:BECN1,annotates_target
go:GO:0002753,target:IRF3,annotates_target
go:GO:0002753,target:MAP3K7,annotates_target
go:GO:0002755,target:MAP3K7,annotates_target
go:GO:0002756,go:GO:0035666,go_parent
go:GO:0002757,go:GO:0002429,go_parent
go:GO:0002757,go:GO:0002758,go_parent
go:GO:0002758,go:GO:0002220,go_parent
go:GO:0002758,go:GO:0002221,go_parent
go:GO:0002761,go:GO:0002763,go_parent
go:GO:0002761,go:GO:0030852,go_parent
go:GO:0002763,go:GO:0030854,go_parent
go:GO:0002764,go:GO:0002757,go_parent
go:GO:0002764,go:GO:0002768,go_parent
go:GO:0002768,go:GO:0002429,go_parent
go:GO:0002768,go:GO:0038093,go_parent
go:GO:0002791,go:GO:0002793,go_parent
go:GO:0002791,go:GO:0090276,go_parent
go:GO:0002793,go:GO:0090277,go_parent
go:GO:0002819,go:GO:0002821,go_parent
go:GO:0002819,go:GO:0002822,go_parent
go:GO:0002821,go:GO:0002824,go_parent
go:GO:0002822,go:GO:0002709,go_parent
go:GO:0002822,go:GO:0002712,go_parent
go:GO:0002822,go:GO:0002824,go_parent
go:GO:0002822,go:GO:2000316,go_parent
go:GO:0002824,go:GO:0002711,go_parent
go:GO:0002824,go:GO:0002714,go_parent
go:GO:0002824,go:GO:2000318,go_parent
go:GO:0002831,go:GO:0002832,go_parent
go:GO:0002831,go:GO:0002833,go_parent
go:GO:0002831,go:GO:0045088,go_parent
go:GO:0002831,go:GO:0050688,go_parent
go:GO:0002832,go:GO:0045824,go_parent
go:GO:0002832,go:GO:0050687,go_parent
go:GO:0002833,go:GO:0045089,go_parent
go:GO:0002861,go:GO:0002862,go_parent
go:GO:0002862,target:SRC,annotates_target
go:GO:0002886,go:GO:0002733,go_parent
go:GO:0002886,go:GO:0002888,go_parent
go:GO:0002886,go:GO:0043304,go_parent
go:GO:0002886,go:GO:0043309,go_parent
go:GO:0002888,go:GO:0002735,go_parent
go:GO:0002888,go:GO:0043311,go_parent
go:GO:0002889,go:GO:0002891,go_parent
go:GO:0002889,go:GO:0045191,go_parent
go:GO:0002891,go:GO:0045830,go_parent
go:GO:0002920,go:GO:0030449,go_parent
go:GO:0002931,target:STUB1,annotates_target
go:GO:0003002,go:GO:0009952,go_parent
go:GO:0003002,go:GO:0010092,go_parent
go:GO:0003002,go:GO:0021532,go_parent
go:GO:0003002,go:GO:0060972,go_parent
go:GO:0003006,go:GO:0007281,go_parent
go:GO:0003006,go:GO:0007283,go_parent
go:GO:0003006,go:GO:0007530,go_parent
go:GO:0003006,go:GO:0007548,go_parent
go:GO:0003006,go:GO:0045137,go_parent
go:GO:0003006,go:GO:0048515,go_parent
go:GO:0003006,go:GO:0048608,go_parent
go:GO:0003006,target:STXBP1,annotates_target
go:GO:0003007,go:GO:0003143,go_parent
go:GO:0003007,go:GO:0003151,go_parent
go:GO:0003007,go:GO:0003203,go_parent
go:GO:0003007,go:GO:0003206,go_parent
go:GO:0003007,go:GO:0055008,go_parent
go:GO:0003007,go:GO:0060317,go_parent
go:GO:0003007,go:GO:0060914,go_parent
go:GO:0003007,go:GO:0061343,go_parent
go:GO:0003007,target:EPHB4,annotates_target
go:GO:0003008,go:GO:0003012,go_parent
go:GO:0003008,go:GO:0003013,go_parent
go:GO:0003008,go:GO:0003014,go_parent
go:GO:0003008,go:GO:0022600,go_parent
go:GO:0003008,go:GO:0050877,go_parent
go:GO:0003008,go:GO:0050886,go_parent
go:GO:0003012,go:GO:0006936,go_parent
go:GO:0003012,go:GO:0090075,go_parent
go:GO:0003013,go:GO:0003015,go_parent
go:GO:0003013,go:GO:0003018,go_parent
go:GO:0003013,go:GO:0008015,go_parent
go:GO:0003014,go:GO:0003091,go_parent
go:GO:0003015,go:GO:0060047,go_parent
go:GO:0003018,go:GO:0010232,go_parent
go:GO:0003018,go:GO:0043114,go_parent
go:GO:0003018,go:GO:0097746,go_parent
go:GO:0003044,go:GO:0001990,go_parent
go:GO:0003056,go:GO:1904694,go_parent
go:GO:0003073,go:GO:0003044,go_parent
go:GO:0003073,go:GO:0003084,go_parent
go:GO:0003073,go:GO:0003085,go_parent
go:GO:0003073,target:PLCB3,annotates_target
go:GO:0003081,go:GO:0001991,go_parent
go:GO:0003084,target:PTPN1,annotates_target
go:GO:0003085,target:PRCP,annotates_target
go:GO:0003091,target:WFS1,annotates_target
go:GO:0003128,go:GO:0003139,go_parent
go:GO:0003139,target:FOXH1,annotates_target
go:GO:0003140,target:FOXH1,annotates_target
go:GO:0003143,go:GO:0001947,go_parent
go:GO:0003148,target:TGFBR2,annotates_target
go:GO:0003149,target:TGFBR2,annotates_target
go:GO:0003151,go:GO:0003148,go_parent
go:GO:0003151,target:CTNNB1,annotates_target
go:GO:0003151,target:FOXH1,annotates_target
go:GO:0003151,target:RBPJ,annotates_target
go:GO:0003151,target:TGFBR2,annotates_target
go:GO:0003157,go:GO:0003160,go_parent
go:GO:0003157,target:KDR,annotates_target
go:GO:0003157,target:RBPJ,annotates_target
go:GO:0003158,go:GO:0003159,go_parent
go:GO:0003158,go:GO:0045446,go_parent
go:GO:0003158,target:KDR,annotates_target
go:GO:0003159,go:GO:0061154,go_parent
go:GO:0003160,target:RBPJ,annotates_target
go:GO:0003170,go:GO:0003171,go_parent
go:GO:0003170,go:GO:0003179,go_parent
go:GO:0003170,go:GO:1905314,go_parent
go:GO:0003170,target:GSK3B,annotates_target
go:GO:0003171,go:GO:0003174,go_parent
go:GO:0003171,go:GO:0003175,go_parent
go:GO:0003171,go:GO:0003181,go_parent
go:GO:0003174,go:GO:0003183,go_parent
go:GO:0003175,go:GO:0003186,go_parent
go:GO:0003176,go:GO:0003180,go_parent
go:GO:0003176,target:RBPJ,annotates_target
go:GO:0003177,target:RBPJ,annotates_target
go:GO:0003179,go:GO:0003180,go_parent
go:GO:0003179,go:GO:0003181,go_parent
go:GO:0003180,target:TGFBR2,annotates_target
go:GO:0003181,go:GO:0003183,go_parent
go:GO:0003181,go:GO:0003186,go_parent
go:GO:0003181,target:TGFBR2,annotates_target
go:GO:0003183,target:SOX4,annotates_target
go:GO:0003186,target:TGFBR2,annotates_target
go:GO:0003197,go:GO:0003203,go_parent
go:GO:0003198,target:RBPJ,annotates_target
go:GO:0003203,go:GO:0003272,go_parent
go:GO:0003203,go:GO:0003274,go_parent
go:GO:0003203,go:GO:1905317,go_parent
go:GO:0003205,go:GO:0003206,go_parent
go:GO:0003205,go:GO:0003230,go_parent
go:GO:0003205,go:GO:0003231,go_parent
go:GO:0003205,go:GO:0003279,go_parent
go:GO:0003206,go:GO:0003208,go_parent
go:GO:0003206,go:GO:0003209,go_parent
go:GO:0003206,go:GO:0060411,go_parent
go:GO:0003208,go:GO:0003214,go_parent
go:GO:0003208,go:GO:0003215,go_parent
go:GO:0003208,go:GO:0055010,go_parent
go:GO:0003209,go:GO:0060413,go_parent
go:GO:0003214,target:RBPJ,annotates_target
go:GO:0003214,target:TGFBR2,annotates_target
go:GO:0003215,target:FOXH1,annotates_target
go:GO:0003215,target:SOX4,annotates_target
go:GO:0003222,target:FOXH1,annotates_target
go:GO:0003222,target:MED1,annotates_target
go:GO:0003222,target:RBPJ,annotates_target
go:GO:0003229,go:GO:0055010,go_parent
go:GO:0003230,go:GO:0003209,go_parent
go:GO:0003230,go:GO:0003283,go_parent
go:GO:0003231,go:GO:0003208,go_parent
go:GO:0003231,go:GO:0003281,go_parent
go:GO:0003254,go:GO:0051900,go_parent
go:GO:0003254,go:GO:1904180,go_parent
go:GO:0003254,go:GO:1904181,go_parent
go:GO:0003272,go:GO:0003198,go_parent
go:GO:0003274,target:TGFBR2,annotates_target
go:GO:0003279,go:GO:0003281,go_parent
go:GO:0003279,go:GO:0003283,go_parent
go:GO:0003279,go:GO:0060411,go_parent
go:GO:0003281,go:GO:0060412,go_parent
go:GO:0003283,go:GO:0003284,go_parent
go:GO:0003283,go:GO:0060413,go_parent
go:GO:0003284,go:GO:0003289,go_parent
go:GO:0003289,target:SOX4,annotates_target
go:GO:0003339,go:GO:0003340,go_parent
go:GO:0003340,target:STAT1,annotates_target
go:GO:0003352,go:GO:0003353,go_parent
go:GO:0003352,go:GO:0060295,go_parent
go:GO:0003353,go:GO:1902093,go_parent
go:GO:0003357,target:SOX4,annotates_target
go:GO:0003406,target:MED1,annotates_target
go:GO:0003407,go:GO:0060219,go_parent
go:GO:0003407,target:CASP2,annotates_target
go:GO:0003407,target:SMARCA4,annotates_target
go:GO:0003413,go:GO:0003418,go_parent
go:GO:0003413,go:GO:0003433,go_parent
go:GO:0003416,go:GO:0003417,go_parent
go:GO:0003417,go:GO:0003418,go_parent
go:GO:0003418,go:GO:0003431,go_parent
go:GO:0003431,target:TSKU,annotates_target
go:GO:0003433,go:GO:0003431,go_parent
go:GO:0005513,target:CALM3,annotates_target
go:GO:0005975,go:GO:0005976,go_parent
go:GO:0005975,go:GO:0005996,go_parent
go:GO:0005975,go:GO:0016051,go_parent
go:GO:0005975,go:GO:0016052,go_parent
go:GO:0005976,go:GO:0000271,go_parent
go:GO:0005976,go:GO:0044042,go_parent
go:GO:0005977,go:GO:0005978,go_parent
go:GO:0005977,target:GSK3B,annotates_target
go:GO:0005977,target:UGP2,annotates_target
go:GO:0005978,target:UGP2,annotates_target
go:GO:0005979,go:GO:0045719,go_parent
go:GO:0005979,go:GO:0045725,go_parent
go:GO:0005996,go:GO:0019318,go_parent
go:GO:0005996,go:GO:0046364,go_parent
go:GO:0005996,go:GO:0046365,go_parent
go:GO:0006006,go:GO:0006007,go_parent
go:GO:0006006,go:GO:0006094,go_parent
go:GO:0006007,go:GO:0061621,go_parent
go:GO:0006011,target:UGP2,annotates_target
go:GO:0006022,go:GO:0006023,go_parent
go:GO:0006022,go:GO:0030203,go_parent
go:GO:0006023,go:GO:0006024,go_parent
go:GO:0006024,target:UGDH,annotates_target
go:GO:0006029,go:GO:0030166,go_parent
go:GO:0006029,go:GO:0030201,go_parent
go:GO:0006029,go:GO:0050654,go_parent
go:GO:0006065,target:UGDH,annotates_target
go:GO:0006066,go:GO:0046165,go_parent
go:GO:0006066,go:GO:1902652,go_parent
go:GO:0006084,go:GO:0006085,go_parent
go:GO:0006084,go:GO:0019287,go_parent
go:GO:0006084,target:HMGCS1,annotates_target
go:GO:0006085,target:ACLY,annotates_target
go:GO:0006090,go:GO:0006096,go_parent
go:GO:0006091,go:GO:0006096,go_parent
go:GO:0006091,go:GO:0015980,go_parent
go:GO:0006091,go:GO:0022900,go_parent
go:GO:0006091,target:COX4I1,annotates_target
go:GO:0006091,target:COX6C,annotates_target
go:GO:0006094,target:ATF4,annotates_target
go:GO:0006094,target:PGAM1,annotates_target
go:GO:0006096,go:GO:0061615,go_parent
go:GO:0006096,target:PGAM1,annotates_target
go:GO:0006101,target:ACLY,annotates_target
go:GO:0006107,target:ACLY,annotates_target
go:GO:0006109,go:GO:0010906,go_parent
go:GO:0006109,go:GO:0032881,go_parent
go:GO:0006109,go:GO:0043255,go_parent
go:GO:0006109,go:GO:0043470,go_parent
go:GO:0006109,go:GO:0045912,go_parent
go:GO:0006109,go:GO:0045913,go_parent
go:GO:0006110,go:GO:0045821,go_parent
go:GO:0006110,target:EP300,annotates_target
go:GO:0006110,target:JMJD8,annotates_target
go:GO:0006111,go:GO:0045721,go_parent
go:GO:0006111,target:TCF7L2,annotates_target
go:GO:0006112,go:GO:0005977,go_parent
go:GO:0006119,go:GO:0019646,go_parent
go:GO:0006119,go:GO:0042773,go_parent
go:GO:0006119,go:GO:0042776,go_parent
go:GO:0006119,target:COX4I1,annotates_target
go:GO:0006119,target:COX6C,annotates_target
go:GO:0006119,target:UQCRB,annotates_target
go:GO:0006120,target:NDUFB4,annotates_target
go:GO:0006120,target:NDUFB6,annotates_target
go:GO:0006120,target:NDUFB9,annotates_target
go:GO:0006120,target:NDUFC2,annotates_target
go:GO:0006122,target:CYCS,annotates_target
go:GO:0006122,target:UQCRB,annotates_target
go:GO:0006122,target:UQCRQ,annotates_target
go:GO:0006123,target:COX4I1,annotates_target
go:GO:0006123,target:COX6C,annotates_target
go:GO:0006123,target:CYCS,annotates_target
go:GO:0006139,go:GO:0034654,go_parent
go:GO:0006139,go:GO:0034655,go_parent
go:GO:0006139,go:GO:0055086,go_parent
go:GO:0006139,go:GO:0090304,go_parent
go:GO:0006140,go:GO:0030808,go_parent
go:GO:0006140,go:GO:0030811,go_parent
go:GO:0006140,go:GO:0045981,go_parent
go:GO:0006140,go:GO:1900542,go_parent
go:GO:0006163,go:GO:0006164,go_parent
go:GO:0006163,go:GO:0006195,go_parent
go:GO:0006163,go:GO:0009150,go_parent
go:GO:0006163,go:GO:0009151,go_parent
go:GO:0006163,go:GO:0052652,go_parent
go:GO:0006164,go:GO:0009152,go_parent
go:GO:0006164,go:GO:0009153,go_parent
go:GO:0006164,go:GO:0032261,go_parent
go:GO:0006170,target:DCK,annotates_target
go:GO:0006195,go:GO:0009154,go_parent
go:GO:0006220,go:GO:0006221,go_parent
go:GO:0006220,go:GO:0009218,go_parent
go:GO:0006220,go:GO:0009219,go_parent
go:GO:0006220,target:DCK,annotates_target
go:GO:0006221,go:GO:0009220,go_parent
go:GO:0006221,go:GO:0009221,go_parent
go:GO:0006231,target:RRM1,annotates_target
go:GO:0006231,target:RRM2,annotates_target
go:GO:0006259,go:GO:0000723,go_parent
go:GO:0006259,go:GO:0000729,go_parent
go:GO:0006259,go:GO:0006260,go_parent
go:GO:0006259,go:GO:0006265,go_parent
go:GO:0006259,go:GO:0006281,go_parent
go:GO:0006259,go:GO:0006287,go_parent
go:GO:0006259,go:GO:0006310,go_parent
go:GO:0006259,go:GO:0015074,go_parent
go:GO:0006259,go:GO:0032042,go_parent
go:GO:0006259,go:GO:0043570,go_parent
go:GO:0006259,go:GO:0045005,go_parent
go:GO:0006259,go:GO:0071897,go_parent
go:GO:0006260,go:GO:0006261,go_parent
go:GO:0006260,target:SET,annotates_target
go:GO:0006260,target:SSBP1,annotates_target
go:GO:0006261,go:GO:0006264,go_parent
go:GO:0006261,go:GO:0045005,go_parent
go:GO:0006261,target:POLB,annotates_target
go:GO:0006264,target:RRM1,annotates_target
go:GO:0006264,target:SSBP1,annotates_target
go:GO:0006265,target:HMGB2,annotates_target
go:GO:0006275,go:GO:0045740,go_parent
go:GO:0006275,go:GO:0090329,go_parent
go:GO:0006275,target:EHMT2,annotates_target
go:GO:0006275,target:INO80B,annotates_target
go:GO:0006275,target:SMARCA5,annotates_target
go:GO:0006281,go:GO:0000725,go_parent
go:GO:0006281,go:GO:0000731,go_parent
go:GO:0006281,go:GO:0006284,go_parent
go:GO:0006281,go:GO:0006290,go_parent
go:GO:0006281,go:GO:0006298,go_parent
go:GO:0006281,go:GO:0006302,go_parent
go:GO:0006281,target:ASF1A,annotates_target
go:GO:0006281,target:ATM,annotates_target
go:GO:0006281,target:CSNK1E,annotates_target
go:GO:0006281,target:DOT1L,annotates_target
go:GO:0006281,target:POLB,annotates_target
go:GO:0006281,target:RRM1,annotates_target
go:GO:0006281,target:RRM2,annotates_target
go:GO:0006281,target:SMARCA5,annotates_target
go:GO:0006282,go:GO:0045738,go_parent
go:GO:0006282,go:GO:0045739,go_parent
go:GO:0006282,go:GO:2000779,go_parent
go:GO:0006282,go:GO:2000819,go_parent
go:GO:0006282,target:KAT2A,annotates_target
go:GO:0006282,target:POLB,annotates_target
go:GO:0006282,target:TADA1,annotates_target
go:GO:0006282,target:USP22,annotates_target
go:GO:0006284,go:GO:0006287,go_parent
go:GO:0006284,target:HMGB2,annotates_target
go:GO:0006284,target:POLB,annotates_target
go:GO:0006284,target:SET,annotates_target
go:GO:0006284,target:XRCC4,annotates_target
go:GO:0006287,target:POLB,annotates_target
go:GO:0006290,target:POLB,annotates_target
go:GO:0006298,target:PMS1,annotates_target
go:GO:0006302,go:GO:0000724,go_parent
go:GO:0006302,go:GO:0000729,go_parent
go:GO:0006302,go:GO:0006303,go_parent
go:GO:0006302,target:ATM,annotates_target
go:GO:0006302,target:MTA1,annotates_target
go:GO:0006302,target:XRCC4,annotates_target
go:GO:0006303,target:ATM,annotates_target
go:GO:0006303,target:HMGB2,annotates_target
go:GO:0006303,target:POLB,annotates_target
go:GO:0006303,target:XRCC4,annotates_target
go:GO:0006310,go:GO:0000725,go_parent
go:GO:0006310,go:GO:0016444,go_parent
go:GO:0006310,go:GO:0035825,go_parent
go:GO:0006310,target:SUPV3L1,annotates_target
go:GO:0006310,target:XRCC4,annotates_target
go:GO:0006325,go:GO:0006334,go_parent
go:GO:0006325,go:GO:0006335,go_parent
go:GO:0006325,go:GO:0006338,go_parent
go:GO:0006325,go:GO:0070828,go_parent
go:GO:0006325,go:GO:0140588,go_parent
go:GO:0006325,go:GO:0140889,go_parent
go:GO:0006325,go:GO:0141119,go_parent
go:GO:0006325,go:GO:1990700,go_parent
go:GO:0006325,target:ASF1A,annotates_target
go:GO:0006325,target:DHX9,annotates_target
go:GO:0006325,target:EHMT1,annotates_target
go:GO:0006325,target:HAT1,annotates_target
go:GO:0006325,target:HDAC3,annotates_target
go:GO:0006325,target:HDAC8,annotates_target
go:GO:0006325,target:HIRA,annotates_target
go:GO:0006325,target:HMGB2,annotates_target
go:GO:0006325,target:HMGN1,annotates_target
go:GO:0006325,target:HTATSF1,annotates_target
go:GO:0006325,target:PHF14,annotates_target
go:GO:0006325,target:SAFB,annotates_target
go:GO:0006325,target:SMARCA5,annotates_target
go:GO:0006325,target:SOX2,annotates_target
go:GO:0006334,target:ASF1A,annotates_target
go:GO:0006334,target:DAXX,annotates_target
go:GO:0006334,target:HIRA,annotates_target
go:GO:0006334,target:HMGB2,annotates_target
go:GO:0006334,target:SET,annotates_target
go:GO:0006334,target:SHPRH,annotates_target
go:GO:0006334,target:SMARCA5,annotates_target
go:GO:0006335,target:ASF1A,annotates_target
go:GO:0006335,target:HAT1,annotates_target
go:GO:0006337,target:SET,annotates_target
go:GO:0006337,target:SMARCE1,annotates_target
go:GO:0006338,go:GO:0034728,go_parent
go:GO:0006338,go:GO:0040029,go_parent
go:GO:0006338,go:GO:0140673,go_parent
go:GO:0006338,go:GO:0140861,go_parent
go:GO:0006338,target:ARID1A,annotates_target
go:GO:0006338,target:ATM,annotates_target
go:GO:0006338,target:BRD9,annotates_target
go:GO:0006338,target:BRPF1,annotates_target
go:GO:0006338,target:DAXX,annotates_target
go:GO:0006338,target:DPF2,annotates_target
go:GO:0006338,target:EP300,annotates_target
go:GO:0006338,target:HDGF,annotates_target
go:GO:0006338,target:HIRA,annotates_target
go:GO:0006338,target:HMGB2,annotates_target
go:GO:0006338,target:INO80B,annotates_target
go:GO:0006338,target:JMJD1C,annotates_target
go:GO:0006338,target:KAT2A,annotates_target
go:GO:0006338,target:KDM1A,annotates_target
go:GO:0006338,target:KDM2B,annotates_target
go:GO:0006338,target:MAP3K7,annotates_target
go:GO:0006338,target:MTA1,annotates_target
go:GO:0006338,target:PAXIP1,annotates_target
go:GO:0006338,target:PHF10,annotates_target
go:GO:0006338,target:RNF2,annotates_target
go:GO:0006338,target:RNF20,annotates_target
go:GO:0006338,target:SMARCA4,annotates_target
go:GO:0006338,target:SMARCA5,annotates_target
go:GO:0006338,target:SMARCB1,annotates_target
go:GO:0006338,target:SMARCE1,annotates_target
go:GO:0006338,target:TET1,annotates_target
go:GO:0006338,target:USP22,annotates_target
go:GO:0006338,target:WAC,annotates_target
go:GO:0006346,target:DNMT1,annotates_target
go:GO:0006346,target:EHMT1,annotates_target
go:GO:0006346,target:EHMT2,annotates_target
go:GO:0006346,target:SETDB1,annotates_target
go:GO:0006346,target:SMARCA5,annotates_target
go:GO:0006351,go:GO:0006352,go_parent
go:GO:0006351,go:GO:0006354,go_parent
go:GO:0006351,go:GO:0006360,go_parent
go:GO:0006351,go:GO:0006366,go_parent
go:GO:0006351,go:GO:0006390,go_parent
go:GO:0006351,go:GO:0009299,go_parent
go:GO:0006351,target:HIRA,annotates_target
go:GO:0006352,go:GO:0006361,go_parent
go:GO:0006352,go:GO:0006367,go_parent
go:GO:0006352,go:GO:0006391,go_parent
go:GO:0006352,go:GO:0070897,go_parent
go:GO:0006352,target:SMARCA5,annotates_target
go:GO:0006352,target:TAF13,annotates_target
go:GO:0006354,go:GO:0006368,go_parent
go:GO:0006355,go:GO:0006356,go_parent
go:GO:0006355,go:GO:0006357,go_parent
go:GO:0006355,go:GO:0006359,go_parent
go:GO:0006355,go:GO:0032784,go_parent
go:GO:0006355,go:GO:0045892,go_parent
go:GO:0006355,go:GO:0045893,go_parent
go:GO:0006355,go:GO:1902893,go_parent
go:GO:0006355,go:GO:2000142,go_parent
go:GO:0006355,target:ACVR1B,annotates_target
go:GO:0006355,target:ATF4,annotates_target
go:GO:0006355,target:BRPF1,annotates_target
go:GO:0006355,target:CREM,annotates_target
go:GO:0006355,target:DAXX,annotates_target
go:GO:0006355,target:DPF2,annotates_target
go:GO:0006355,target:EP300,annotates_target
go:GO:0006355,target:ETV4,annotates_target
go:GO:0006355,target:EWSR1,annotates_target
go:GO:0006355,target:FOXH1,annotates_target
go:GO:0006355,target:HIRA,annotates_target
go:GO:0006355,target:IRF3,annotates_target
go:GO:0006355,target:JMJD1C,annotates_target
go:GO:0006355,target:KAT2A,annotates_target
go:GO:0006355,target:KDM1A,annotates_target
go:GO:0006355,target:MED15,annotates_target
go:GO:0006355,target:MED23,annotates_target
go:GO:0006355,target:MTA1,annotates_target
go:GO:0006355,target:NELFE,annotates_target
go:GO:0006355,target:NFATC3,annotates_target
go:GO:0006355,target:NFE2L1,annotates_target
go:GO:0006355,target:PBX1,annotates_target
go:GO:0006355,target:PBX3,annotates_target
go:GO:0006355,target:RBPJ,annotates_target
go:GO:0006355,target:RFX5,annotates_target
go:GO:0006355,target:RNF20,annotates_target
go:GO:0006355,target:RNF40,annotates_target
go:GO:0006355,target:SIN3B,annotates_target
go:GO:0006355,target:SIX4,annotates_target
go:GO:0006355,target:SMARCA4,annotates_target
go:GO:0006355,target:SMARCA5,annotates_target
go:GO:0006355,target:SOX2,annotates_target
go:GO:0006355,target:SOX4,annotates_target
go:GO:0006355,target:STAT1,annotates_target
go:GO:0006355,target:STAT6,annotates_target
go:GO:0006355,target:SUPT4H1,annotates_target
go:GO:0006355,target:TCF3,annotates_target
go:GO:0006355,target:ZNF286A,annotates_target
go:GO:0006355,target:ZNF426,annotates_target
go:GO:0006355,target:ZNF562,annotates_target
go:GO:0006355,target:ZNF664,annotates_target
go:GO:0006355,target:ZNF714,annotates_target
go:GO:0006355,target:ZNF850,annotates_target
go:GO:0006355,target:ZNF92,annotates_target
go:GO:0006356,go:GO:0016479,go_parent
go:GO:0006356,go:GO:0045943,go_parent
go:GO:0006356,go:GO:1901836,go_parent
go:GO:0006357,go:GO:0000122,go_parent
go:GO:0006357,go:GO:0045944,go_parent
go:GO:0006357,go:GO:0060260,go_parent
go:GO:0006357,target:ADNP,annotates_target
go:GO:0006357,target:ARID1A,annotates_target
go:GO:0006357,target:ARID3A,annotates_target
go:GO:0006357,target:ATF4,annotates_target
go:GO:0006357,target:BRD9,annotates_target
go:GO:0006357,target:BRPF1,annotates_target
go:GO:0006357,target:CREG1,annotates_target
go:GO:0006357,target:CREM,annotates_target
go:GO:0006357,target:CTBP2,annotates_target
go:GO:0006357,target:DHX9,annotates_target
go:GO:0006357,target:DPF2,annotates_target
go:GO:0006357,target:ETV4,annotates_target
go:GO:0006357,target:FOXH1,annotates_target
go:GO:0006357,target:FUBP1,annotates_target
go:GO:0006357,target:HIRA,annotates_target
go:GO:0006357,target:HMGB2,annotates_target
go:GO:0006357,target:INSIG1,annotates_target
go:GO:0006357,target:IRF3,annotates_target
go:GO:0006357,target:JMJD1C,annotates_target
go:GO:0006357,target:KAT2A,annotates_target
go:GO:0006357,target:KDM1A,annotates_target
go:GO:0006357,target:KDM2B,annotates_target
go:GO:0006357,target:KLF10,annotates_target
go:GO:0006357,target:MAX,annotates_target
go:GO:0006357,target:MED1,annotates_target
go:GO:0006357,target:MED12,annotates_target
go:GO:0006357,target:MED13,annotates_target
go:GO:0006357,target:MED13L,annotates_target
go:GO:0006357,target:MED19,annotates_target
go:GO:0006357,target:MED23,annotates_target
go:GO:0006357,target:NCK2,annotates_target
go:GO:0006357,target:NFATC3,annotates_target
go:GO:0006357,target:NFE2L1,annotates_target
go:GO:0006357,target:PHF10,annotates_target
go:GO:0006357,target:PLAGL2,annotates_target
go:GO:0006357,target:PRDM14,annotates_target
go:GO:0006357,target:RBPJ,annotates_target
go:GO:0006357,target:RFX5,annotates_target
go:GO:0006357,target:SALL4,annotates_target
go:GO:0006357,target:SIX4,annotates_target
go:GO:0006357,target:SMARCA4,annotates_target
go:GO:0006357,target:SMARCB1,annotates_target
go:GO:0006357,target:SMARCE1,annotates_target
go:GO:0006357,target:STAT1,annotates_target
go:GO:0006357,target:STAT6,annotates_target
go:GO:0006357,target:TADA1,annotates_target
go:GO:0006357,target:TCF3,annotates_target
go:GO:0006357,target:TCF7L2,annotates_target
go:GO:0006357,target:THAP11,annotates_target
go:GO:0006357,target:TSC22D4,annotates_target
go:GO:0006357,target:USF2,annotates_target
go:GO:0006357,target:USP22,annotates_target
go:GO:0006357,target:ZFP62,annotates_target
go:GO:0006357,target:ZNF107,annotates_target
go:GO:0006357,target:ZNF286A,annotates_target
go:GO:0006357,target:ZNF32,annotates_target
go:GO:0006357,target:ZNF426,annotates_target
go:GO:0006357,target:ZNF562,annotates_target
go:GO:0006357,target:ZNF581,annotates_target
go:GO:0006357,target:ZNF664,annotates_target
go:GO:0006357,target:ZNF714,annotates_target
go:GO:0006357,target:ZNF850,annotates_target
go:GO:0006359,go:GO:0045945,go_parent
go:GO:0006359,target:DHX36,annotates_target
go:GO:0006360,go:GO:0006361,go_parent
go:GO:0006361,go:GO:0001188,go_parent
go:GO:0006364,target:SBDS,annotates_target
go:GO:0006366,go:GO:0006367,go_parent
go:GO:0006366,go:GO:0006368,go_parent
go:GO:0006366,go:GO:0042789,go_parent
go:GO:0006366,go:GO:0160239,go_parent
go:GO:0006366,target:ATF4,annotates_target
go:GO:0006366,target:NFX1,annotates_target
go:GO:0006366,target:TAF11,annotates_target
go:GO:0006366,target:TAF13,annotates_target
go:GO:0006367,go:GO:0045815,go_parent
go:GO:0006367,go:GO:0051123,go_parent
go:GO:0006367,target:MED23,annotates_target
go:GO:0006367,target:TAF11,annotates_target
go:GO:0006367,target:TAF13,annotates_target
go:GO:0006368,go:GO:0140673,go_parent
go:GO:0006368,target:SUPT4H1,annotates_target
go:GO:0006390,go:GO:0006391,go_parent
go:GO:0006390,target:TFAM,annotates_target
go:GO:0006391,target:TFAM,annotates_target
go:GO:0006396,go:GO:0000963,go_parent
go:GO:0006396,go:GO:0006364,go_parent
go:GO:0006396,go:GO:0006397,go_parent
go:GO:0006396,go:GO:0008033,go_parent
go:GO:0006396,go:GO:0008380,go_parent
go:GO:0006396,go:GO:0031123,go_parent
go:GO:0006396,go:GO:0070918,go_parent
go:GO:0006397,go:GO:0000398,go_parent
go:GO:0006397,target:METTL14,annotates_target
go:GO:0006397,target:METTL3,annotates_target
go:GO:0006399,go:GO:0008033,go_parent
go:GO:0006399,go:GO:0016078,go_parent
go:GO:0006401,go:GO:0000957,go_parent
go:GO:0006401,go:GO:0006402,go_parent
go:GO:0006401,go:GO:0016078,go_parent
go:GO:0006401,go:GO:0071025,go_parent
go:GO:0006401,go:GO:1990261,go_parent
go:GO:0006401,target:SUPV3L1,annotates_target
go:GO:0006402,go:GO:0000956,go_parent
go:GO:0006402,go:GO:0000958,go_parent
go:GO:0006403,go:GO:0051236,go_parent
go:GO:0006412,go:GO:0002181,go_parent
go:GO:0006412,go:GO:0006413,go_parent
go:GO:0006412,go:GO:0006414,go_parent
go:GO:0006412,go:GO:0032543,go_parent
go:GO:0006412,target:METTL17,annotates_target
go:GO:0006413,go:GO:0002183,go_parent
go:GO:0006413,target:EIF3H,annotates_target
go:GO:0006413,target:EIF4B,annotates_target
go:GO:0006414,go:GO:0002182,go_parent
go:GO:0006414,go:GO:0070125,go_parent
go:GO:0006414,target:TSFM,annotates_target
go:GO:0006417,go:GO:0006446,go_parent
go:GO:0006417,go:GO:0017148,go_parent
go:GO:0006417,go:GO:0043555,go_parent
go:GO:0006417,go:GO:0045727,go_parent
go:GO:0006417,go:GO:0070129,go_parent
go:GO:0006417,go:GO:0140243,go_parent
go:GO:0006417,go:GO:2000765,go_parent
go:GO:0006417,target:CYFIP1,annotates_target
go:GO:0006446,go:GO:0043558,go_parent
go:GO:0006446,go:GO:0045947,go_parent
go:GO:0006446,go:GO:0045948,go_parent
go:GO:0006446,go:GO:1904688,go_parent
go:GO:0006446,target:EIF3H,annotates_target
go:GO:0006446,target:EIF4B,annotates_target
go:GO:0006457,go:GO:0034975,go_parent
go:GO:0006457,target:DNAJA3,annotates_target
go:GO:0006457,target:HSP90B1,annotates_target
go:GO:0006457,target:TOR1A,annotates_target
go:GO:0006468,go:GO:0007252,go_parent
go:GO:0006468,go:GO:0018105,go_parent
go:GO:0006468,go:GO:0018107,go_parent
go:GO:0006468,go:GO:0018108,go_parent
go:GO:0006468,go:GO:0046777,go_parent
go:GO:0006468,target:CDC25B,annotates_target
go:GO:0006468,target:CSK,annotates_target
go:GO:0006468,target:CSNK1E,annotates_target
go:GO:0006468,target:FGFR1,annotates_target
go:GO:0006468,target:GSK3B,annotates_target
go:GO:0006468,target:MAST2,annotates_target
go:GO:0006468,target:RAF1,annotates_target
go:GO:0006469,go:GO:0071901,go_parent
go:GO:0006469,target:TARBP2,annotates_target
go:GO:0006469,target:THY1,annotates_target
go:GO:0006470,go:GO:0035335,go_parent
go:GO:0006473,go:GO:0006475,go_parent
go:GO:0006473,go:GO:0018394,go_parent
go:GO:0006473,target:EP300,annotates_target
go:GO:0006475,go:GO:0018393,go_parent
go:GO:0006475,target:EP300,annotates_target
go:GO:0006475,target:HAT1,annotates_target
go:GO:0006476,target:HDAC3,annotates_target
go:GO:0006479,go:GO:0018022,go_parent
go:GO:0006487,target:OSTC,annotates_target
go:GO:0006487,target:TUSC3,annotates_target
go:GO:0006493,go:GO:0180064,go_parent
go:GO:0006493,target:TET1,annotates_target
go:GO:0006508,go:GO:0016485,go_parent
go:GO:0006508,go:GO:0033619,go_parent
go:GO:0006508,target:CASP2,annotates_target
go:GO:0006508,target:CASP3,annotates_target
go:GO:0006508,target:CTSV,annotates_target
go:GO:0006508,target:IDE,annotates_target
go:GO:0006508,target:LAP3,annotates_target
go:GO:0006508,target:MBTPS1,annotates_target
go:GO:0006508,target:PRCP,annotates_target
go:GO:0006511,go:GO:0043161,go_parent
go:GO:0006511,go:GO:0043162,go_parent
go:GO:0006511,target:RNF20,annotates_target
go:GO:0006511,target:RNF40,annotates_target
go:GO:0006511,target:STUB1,annotates_target
go:GO:0006511,target:UBE3C,annotates_target
go:GO:0006513,target:STUB1,annotates_target
go:GO:0006513,target:ZNF598,annotates_target
go:GO:0006515,go:GO:0141164,go_parent
go:GO:0006515,target:ANKZF1,annotates_target
go:GO:0006515,target:STUB1,annotates_target
go:GO:0006518,go:GO:0043171,go_parent
go:GO:0006520,go:GO:0009063,go_parent
go:GO:0006520,go:GO:0009072,go_parent
go:GO:0006520,go:GO:0009081,go_parent
go:GO:0006520,go:GO:0170039,go_parent
go:GO:0006556,target:MAT2A,annotates_target
go:GO:0006559,target:GSTZ1,annotates_target
go:GO:0006575,go:GO:0006749,go_parent
go:GO:0006576,go:GO:0006584,go_parent
go:GO:0006576,go:GO:0006595,go_parent
go:GO:0006576,go:GO:0042401,go_parent
go:GO:0006576,target:OAZ1,annotates_target
go:GO:0006584,go:GO:0042417,go_parent
go:GO:0006584,go:GO:0042423,go_parent
go:GO:0006595,go:GO:0006596,go_parent
go:GO:0006596,target:OAZ1,annotates_target
go:GO:0006605,go:GO:0006612,go_parent
go:GO:0006605,go:GO:0006623,go_parent
go:GO:0006605,go:GO:0045047,go_parent
go:GO:0006606,target:ASF1A,annotates_target
go:GO:0006612,go:GO:0006613,go_parent
go:GO:0006612,go:GO:0006620,go_parent
go:GO:0006613,go:GO:0006614,go_parent
go:GO:0006613,target:SEC62,annotates_target
go:GO:0006614,go:GO:0006616,go_parent
go:GO:0006616,target:TRAM2,annotates_target
go:GO:0006620,go:GO:0031204,go_parent
go:GO:0006620,target:SEC62,annotates_target
go:GO:0006622,target:BECN1,annotates_target
go:GO:0006622,target:IGF2R,annotates_target
go:GO:0006623,go:GO:0006622,go_parent
go:GO:0006629,go:GO:0006631,go_parent
go:GO:0006629,go:GO:0006638,go_parent
go:GO:0006629,go:GO:0006644,go_parent
go:GO:0006629,go:GO:0006720,go_parent
go:GO:0006629,go:GO:0008202,go_parent
go:GO:0006629,go:GO:0008610,go_parent
go:GO:0006629,go:GO:0016042,go_parent
go:GO:0006629,go:GO:0046486,go_parent
go:GO:0006629,go:GO:1901568,go_parent
go:GO:0006629,go:GO:1903509,go_parent
go:GO:0006629,target:ACAT2,annotates_target
go:GO:0006629,target:HMGCS1,annotates_target
go:GO:0006629,target:PLCB3,annotates_target
go:GO:0006631,go:GO:0001676,go_parent
go:GO:0006631,go:GO:0006633,go_parent
go:GO:0006631,go:GO:0009062,go_parent
go:GO:0006631,go:GO:0033559,go_parent
go:GO:0006631,go:GO:0046459,go_parent
go:GO:0006631,target:ACAT2,annotates_target
go:GO:0006631,target:PCCB,annotates_target
go:GO:0006633,target:ACLY,annotates_target
go:GO:0006637,go:GO:0006084,go_parent
go:GO:0006637,go:GO:0071616,go_parent
go:GO:0006637,go:GO:2001293,go_parent
go:GO:0006637,target:ACLY,annotates_target
go:GO:0006638,go:GO:0006639,go_parent
go:GO:0006639,go:GO:0006641,go_parent
go:GO:0006641,target:APOE,annotates_target
go:GO:0006644,go:GO:0006650,go_parent
go:GO:0006644,go:GO:0008654,go_parent
go:GO:0006644,go:GO:0033383,go_parent
go:GO:0006644,go:GO:0033385,go_parent
go:GO:0006644,go:GO:0045338,go_parent
go:GO:0006644,go:GO:0046490,go_parent
go:GO:0006644,go:GO:0050993,go_parent
go:GO:0006650,go:GO:0046474,go_parent
go:GO:0006650,go:GO:0046488,go_parent
go:GO:0006664,go:GO:0009247,go_parent
go:GO:0006690,go:GO:0006691,go_parent
go:GO:0006690,go:GO:0019369,go_parent
go:GO:0006691,target:MAPKAPK2,annotates_target
go:GO:0006694,go:GO:0016126,go_parent
go:GO:0006694,go:GO:0120178,go_parent
go:GO:0006694,target:NSDHL,annotates_target
go:GO:0006695,target:ACLY,annotates_target
go:GO:0006695,target:DHCR24,annotates_target
go:GO:0006695,target:FDPS,annotates_target
go:GO:0006695,target:HMGCR,annotates_target
go:GO:0006695,target:HMGCS1,annotates_target
go:GO:0006695,target:INSIG1,annotates_target
go:GO:0006695,target:LBR,annotates_target
go:GO:0006695,target:NSDHL,annotates_target
go:GO:0006702,target:MED1,annotates_target
go:GO:0006720,go:GO:0006721,go_parent
go:GO:0006720,go:GO:0008299,go_parent
go:GO:0006721,go:GO:0016101,go_parent
go:GO:0006721,go:GO:0016114,go_parent
go:GO:0006721,go:GO:0033383,go_parent
go:GO:0006721,go:GO:0033385,go_parent
go:GO:0006721,go:GO:0045338,go_parent
go:GO:0006749,target:GSTZ1,annotates_target
go:GO:0006749,target:NIT1,annotates_target
go:GO:0006749,target:SNCA,annotates_target
go:GO:0006753,go:GO:0006637,go_parent
go:GO:0006753,go:GO:0009117,go_parent
go:GO:0006753,go:GO:0009123,go_parent
go:GO:0006753,go:GO:0009132,go_parent
go:GO:0006753,go:GO:0009144,go_parent
go:GO:0006753,go:GO:0009225,go_parent
go:GO:0006753,go:GO:0015936,go_parent
go:GO:0006753,go:GO:1901292,go_parent
go:GO:0006753,go:GO:1901293,go_parent
go:GO:0006754,go:GO:0015986,go_parent
go:GO:0006768,target:SLC5A6,annotates_target
go:GO:0006778,go:GO:0006779,go_parent
go:GO:0006778,go:GO:0042168,go_parent
go:GO:0006779,go:GO:0006783,go_parent
go:GO:0006783,target:NFE2L1,annotates_target
go:GO:0006790,go:GO:0006637,go_parent
go:GO:0006790,go:GO:0006749,go_parent
go:GO:0006790,go:GO:0006768,go_parent
go:GO:0006790,go:GO:0015936,go_parent
go:GO:0006790,go:GO:0044272,go_parent
go:GO:0006790,go:GO:0046500,go_parent
go:GO:0006793,go:GO:0009141,go_parent
go:GO:0006793,go:GO:0019637,go_parent
go:GO:0006796,go:GO:0016310,go_parent
go:GO:0006796,go:GO:0016311,go_parent
go:GO:0006805,target:EPHX1,annotates_target
go:GO:0006810,go:GO:0006811,go_parent
go:GO:0006810,go:GO:0006836,go_parent
go:GO:0006810,go:GO:0006869,go_parent
go:GO:0006810,go:GO:0010232,go_parent
go:GO:0006810,go:GO:0015031,go_parent
go:GO:0006810,go:GO:0015698,go_parent
go:GO:0006810,go:GO:0015701,go_parent
go:GO:0006810,go:GO:0015748,go_parent
go:GO:0006810,go:GO:0015833,go_parent
go:GO:0006810,go:GO:0015849,go_parent
go:GO:0006810,go:GO:0015850,go_parent
go:GO:0006810,go:GO:0016192,go_parent
go:GO:0006810,go:GO:0036465,go_parent
go:GO:0006810,go:GO:0046903,go_parent
go:GO:0006810,go:GO:0046907,go_parent
go:GO:0006810,go:GO:0048489,go_parent
go:GO:0006810,go:GO:0051180,go_parent
go:GO:0006810,go:GO:0055085,go_parent
go:GO:0006810,go:GO:0071705,go_parent
go:GO:0006810,go:GO:0072348,go_parent
go:GO:0006810,go:GO:0098657,go_parent
go:GO:0006810,go:GO:0099111,go_parent
go:GO:0006810,go:GO:0140352,go_parent
go:GO:0006811,go:GO:0006812,go_parent
go:GO:0006811,go:GO:0006820,go_parent
go:GO:0006811,go:GO:0034220,go_parent
go:GO:0006812,go:GO:0030001,go_parent
go:GO:0006812,go:GO:0098655,go_parent
go:GO:0006813,go:GO:0071805,go_parent
go:GO:0006813,target:ATP1B1,annotates_target
go:GO:0006814,go:GO:0035725,go_parent
go:GO:0006814,target:ATP1B1,annotates_target
go:GO:0006814,target:SLC5A6,annotates_target
go:GO:0006816,go:GO:0070588,go_parent
go:GO:0006816,target:ANXA6,annotates_target
go:GO:0006817,go:GO:0035435,go_parent
go:GO:0006820,go:GO:0015705,go_parent
go:GO:0006820,go:GO:0098656,go_parent
go:GO:0006829,go:GO:0071577,go_parent
go:GO:0006836,go:GO:0001504,go_parent
go:GO:0006836,go:GO:0007269,go_parent
go:GO:0006839,go:GO:1990542,go_parent
go:GO:0006848,go:GO:1901475,go_parent
go:GO:0006850,target:MPC2,annotates_target
go:GO:0006857,go:GO:0042939,go_parent
go:GO:0006869,go:GO:0010877,go_parent
go:GO:0006869,go:GO:0015908,go_parent
go:GO:0006869,go:GO:0015914,go_parent
go:GO:0006869,go:GO:0015918,go_parent
go:GO:0006869,target:APOE,annotates_target
go:GO:0006873,go:GO:0030003,go_parent
go:GO:0006874,go:GO:0032469,go_parent
go:GO:0006874,go:GO:0051560,go_parent
go:GO:0006874,target:ATP1B1,annotates_target
go:GO:0006874,target:CXCL12,annotates_target
go:GO:0006882,target:SLC39A6,annotates_target
go:GO:0006883,target:ATP1B1,annotates_target
go:GO:0006885,go:GO:0051453,go_parent
go:GO:0006886,go:GO:0006606,go_parent
go:GO:0006886,go:GO:0006623,go_parent
go:GO:0006886,go:GO:0032594,go_parent
go:GO:0006886,go:GO:0065002,go_parent
go:GO:0006886,target:STX4,annotates_target
go:GO:0006886,target:STXBP1,annotates_target
go:GO:0006887,go:GO:0045055,go_parent
go:GO:0006887,go:GO:0140029,go_parent
go:GO:0006887,target:RAB3B,annotates_target
go:GO:0006887,target:STX4,annotates_target
go:GO:0006888,go:GO:0090114,go_parent
go:GO:0006888,target:TRAPPC6A,annotates_target
go:GO:0006892,go:GO:0006893,go_parent
go:GO:0006892,go:GO:0006896,go_parent
go:GO:0006893,go:GO:0043001,go_parent
go:GO:0006896,go:GO:0090160,go_parent
go:GO:0006897,go:GO:0006898,go_parent
go:GO:0006897,go:GO:0006907,go_parent
go:GO:0006897,go:GO:0006909,go_parent
go:GO:0006897,go:GO:0140238,go_parent
go:GO:0006897,target:CREG1,annotates_target
go:GO:0006897,target:CSNK1E,annotates_target
go:GO:0006898,go:GO:0031623,go_parent
go:GO:0006898,target:APOE,annotates_target
go:GO:0006898,target:SDC1,annotates_target
go:GO:0006900,go:GO:0006901,go_parent
go:GO:0006900,go:GO:0090114,go_parent
go:GO:0006901,go:GO:0048208,go_parent
go:GO:0006906,go:GO:0035493,go_parent
go:GO:0006906,go:GO:0051469,go_parent
go:GO:0006906,go:GO:0061763,go_parent
go:GO:0006906,target:STX4,annotates_target
go:GO:0006907,go:GO:0044351,go_parent
go:GO:0006909,go:GO:0006911,go_parent
go:GO:0006909,go:GO:0038096,go_parent
go:GO:0006909,go:GO:0043277,go_parent
go:GO:0006909,target:GULP1,annotates_target
go:GO:0006911,go:GO:0043652,go_parent
go:GO:0006911,target:GULP1,annotates_target
go:GO:0006913,go:GO:0051170,go_parent
go:GO:0006914,go:GO:0000422,go_parent
go:GO:0006914,go:GO:0016236,go_parent
go:GO:0006914,go:GO:0030242,go_parent
go:GO:0006914,go:GO:0061684,go_parent
go:GO:0006914,target:BECN1,annotates_target
go:GO:0006914,target:CHMP3,annotates_target
go:GO:0006914,target:CREG1,annotates_target
go:GO:0006915,go:GO:0006925,go_parent
go:GO:0006915,go:GO:0008637,go_parent
go:GO:0006915,go:GO:0033028,go_parent
go:GO:0006915,go:GO:0034349,go_parent
go:GO:0006915,go:GO:0043276,go_parent
go:GO:0006915,go:GO:0051402,go_parent
go:GO:0006915,go:GO:0071887,go_parent
go:GO:0006915,go:GO:0097190,go_parent
go:GO:0006915,go:GO:0097194,go_parent
go:GO:0006915,go:GO:1902742,go_parent
go:GO:0006915,target:CASP2,annotates_target
go:GO:0006915,target:CASP3,annotates_target
go:GO:0006915,target:DPF2,annotates_target
go:GO:0006915,target:EP300,annotates_target
go:GO:0006915,target:GULP1,annotates_target
go:GO:0006915,target:IKBKG,annotates_target
go:GO:0006915,target:IRF3,annotates_target
go:GO:0006915,target:LTBR,annotates_target
go:GO:0006915,target:NCKAP1,annotates_target
go:GO:0006915,target:RAF1,annotates_target
go:GO:0006915,target:TGFBR2,annotates_target
go:GO:0006925,go:GO:0071888,go_parent
go:GO:0006935,go:GO:0050918,go_parent
go:GO:0006935,go:GO:0050919,go_parent
go:GO:0006935,go:GO:0060326,go_parent
go:GO:0006935,target:CXCL12,annotates_target
go:GO:0006936,go:GO:0006941,go_parent
go:GO:0006936,target:HSBP1,annotates_target
go:GO:0006937,go:GO:0006940,go_parent
go:GO:0006937,go:GO:0006942,go_parent
go:GO:0006937,go:GO:0045932,go_parent
go:GO:0006940,go:GO:0003056,go_parent
go:GO:0006940,go:GO:0045986,go_parent
go:GO:0006941,go:GO:0060048,go_parent
go:GO:0006942,go:GO:0055117,go_parent
go:GO:0006950,go:GO:0001666,go_parent
go:GO:0006950,go:GO:0002931,go_parent
go:GO:0006950,go:GO:0006952,go_parent
go:GO:0006950,go:GO:0006970,go_parent
go:GO:0006950,go:GO:0006979,go_parent
go:GO:0006950,go:GO:0006991,go_parent
go:GO:0006950,go:GO:0009408,go_parent
go:GO:0006950,go:GO:0009611,go_parent
go:GO:0006950,go:GO:0032057,go_parent
go:GO:0006950,go:GO:0033554,go_parent
go:GO:0006950,go:GO:0034405,go_parent
go:GO:0006950,go:GO:0035966,go_parent
go:GO:0006950,go:GO:0042594,go_parent
go:GO:0006950,go:GO:0051409,go_parent
go:GO:0006950,go:GO:0055093,go_parent
go:GO:0006950,go:GO:0061771,go_parent
go:GO:0006950,target:DNAJA3,annotates_target
go:GO:0006952,go:GO:0002209,go_parent
go:GO:0006952,go:GO:0006954,go_parent
go:GO:0006952,go:GO:0006968,go_parent
go:GO:0006952,go:GO:0042742,go_parent
go:GO:0006952,go:GO:0051607,go_parent
go:GO:0006952,go:GO:0098542,go_parent
go:GO:0006952,target:CXCL12,annotates_target
go:GO:0006952,target:STAT1,annotates_target
go:GO:0006952,target:STAT6,annotates_target
go:GO:0006954,go:GO:0002269,go_parent
go:GO:0006954,go:GO:0002437,go_parent
go:GO:0006954,go:GO:0070269,go_parent
go:GO:0006954,go:GO:0150076,go_parent
go:GO:0006954,target:BIRC2,annotates_target
go:GO:0006954,target:IKBKG,annotates_target
go:GO:0006954,target:MAP3K7,annotates_target
go:GO:0006954,target:MAPKAPK2,annotates_target
go:GO:0006954,target:NFATC3,annotates_target
go:GO:0006954,target:NFX1,annotates_target
go:GO:0006955,go:GO:0002263,go_parent
go:GO:0006955,go:GO:0002437,go_parent
go:GO:0006955,go:GO:0006959,go_parent
go:GO:0006955,go:GO:0045087,go_parent
go:GO:0006955,target:C1QBP,annotates_target
go:GO:0006955,target:CXCL12,annotates_target
go:GO:0006955,target:IGF1R,annotates_target
go:GO:0006955,target:IKBKG,annotates_target
go:GO:0006955,target:LTBR,annotates_target
go:GO:0006955,target:MAP3K7,annotates_target
go:GO:0006959,go:GO:0019730,go_parent
go:GO:0006968,target:BECN1,annotates_target
go:GO:0006970,go:GO:0071470,go_parent
go:GO:0006970,target:TSC22D4,annotates_target
go:GO:0006974,go:GO:0006281,go_parent
go:GO:0006974,go:GO:0008630,go_parent
go:GO:0006974,go:GO:0042770,go_parent
go:GO:0006974,go:GO:0140861,go_parent
go:GO:0006974,target:ATM,annotates_target
go:GO:0006974,target:CASP2,annotates_target
go:GO:0006974,target:IKBKG,annotates_target
go:GO:0006974,target:IRF3,annotates_target
go:GO:0006974,target:MAPKAPK2,annotates_target
go:GO:0006974,target:METTL14,annotates_target
go:GO:0006974,target:METTL3,annotates_target
go:GO:0006974,target:PAXIP1,annotates_target
go:GO:0006974,target:PIAS1,annotates_target
go:GO:0006974,target:POLB,annotates_target
go:GO:0006974,target:SHPRH,annotates_target
go:GO:0006974,target:SMARCA5,annotates_target
go:GO:0006974,target:WAC,annotates_target
go:GO:0006979,go:GO:0000302,go_parent
go:GO:0006979,go:GO:0033194,go_parent
go:GO:0006979,go:GO:0034599,go_parent
go:GO:0006979,target:ATM,annotates_target
go:GO:0006979,target:PSME1,annotates_target
go:GO:0006979,target:TOR1A,annotates_target
go:GO:0006982,go:GO:0071449,go_parent
go:GO:0006983,target:GSK3B,annotates_target
go:GO:0006983,target:WFS1,annotates_target
go:GO:0006984,go:GO:0006983,go_parent
go:GO:0006984,go:GO:0032933,go_parent
go:GO:0006984,go:GO:0036499,go_parent
go:GO:0006984,go:GO:0036500,go_parent
go:GO:0006986,go:GO:0034620,go_parent
go:GO:0006991,go:GO:0071501,go_parent
go:GO:0006995,target:BECN1,annotates_target
go:GO:0006996,go:GO:0006997,go_parent
go:GO:0006996,go:GO:0007005,go_parent
go:GO:0006996,go:GO:0007010,go_parent
go:GO:0006996,go:GO:0007029,go_parent
go:GO:0006996,go:GO:0007033,go_parent
go:GO:0006996,go:GO:0016050,go_parent
go:GO:0006996,go:GO:0048284,go_parent
go:GO:0006996,go:GO:0048285,go_parent
go:GO:0006996,go:GO:0051276,go_parent
go:GO:0006996,go:GO:0070925,go_parent
go:GO:0006996,go:GO:1903008,go_parent
go:GO:0006997,go:GO:0006998,go_parent
go:GO:0006997,go:GO:0007000,go_parent
go:GO:0006997,target:CHMP3,annotates_target
go:GO:0006998,go:GO:0071763,go_parent
go:GO:0006998,target:TOR1A,annotates_target
go:GO:0007000,go:GO:1990700,go_parent
go:GO:0007005,go:GO:0000266,go_parent
go:GO:0007005,go:GO:0007006,go_parent
go:GO:0007005,go:GO:0008637,go_parent
go:GO:0007005,go:GO:0033108,go_parent
go:GO:0007005,target:DNAJA3,annotates_target
go:GO:0007005,target:GSK3B,annotates_target
go:GO:0007005,target:MTFR1,annotates_target
go:GO:0007005,target:SUPV3L1,annotates_target
go:GO:0007006,go:GO:0007007,go_parent
go:GO:0007006,go:GO:0051204,go_parent
go:GO:0007007,go:GO:0032979,go_parent
go:GO:0007009,go:GO:0001778,go_parent
go:GO:0007009,go:GO:0097320,go_parent
go:GO:0007009,go:GO:1903575,go_parent
go:GO:0007010,go:GO:0000226,go_parent
go:GO:0007010,go:GO:0030036,go_parent
go:GO:0007010,go:GO:0030865,go_parent
go:GO:0007010,go:GO:0045104,go_parent
go:GO:0007010,target:APOE,annotates_target
go:GO:0007010,target:MAST2,annotates_target
go:GO:0007010,target:PACSIN3,annotates_target
go:GO:0007010,target:THY1,annotates_target
go:GO:0007015,go:GO:0008154,go_parent
go:GO:0007015,go:GO:0045010,go_parent
go:GO:0007015,go:GO:0051639,go_parent
go:GO:0007015,go:GO:0061572,go_parent
go:GO:0007015,target:ACTN1,annotates_target
go:GO:0007015,target:CNN3,annotates_target
go:GO:0007015,target:SH3BP4,annotates_target
go:GO:0007015,target:TMSB10,annotates_target
go:GO:0007015,target:TMSB4X,annotates_target
go:GO:0007017,go:GO:0000226,go_parent
go:GO:0007017,go:GO:0007018,go_parent
go:GO:0007017,go:GO:0031023,go_parent
go:GO:0007018,go:GO:0010970,go_parent
go:GO:0007018,go:GO:0034643,go_parent
go:GO:0007018,target:KIF1B,annotates_target
go:GO:0007018,target:KIF20A,annotates_target
go:GO:0007026,target:CAMSAP2,annotates_target
go:GO:0007026,target:MAP1B,annotates_target
go:GO:0007029,go:GO:0045048,go_parent
go:GO:0007032,go:GO:0036257,go_parent
go:GO:0007032,go:GO:0048388,go_parent
go:GO:0007033,go:GO:0080171,go_parent
go:GO:0007033,go:GO:0097576,go_parent
go:GO:0007033,go:GO:1905037,go_parent
go:GO:0007034,go:GO:0006623,go_parent
go:GO:0007034,go:GO:0006896,go_parent
go:GO:0007034,go:GO:0007041,go_parent
go:GO:0007034,go:GO:0045324,go_parent
go:GO:0007034,target:CHMP3,annotates_target
go:GO:0007035,go:GO:0007042,go_parent
go:GO:0007035,target:ATP6V0B,annotates_target
go:GO:0007035,target:ATP6V0C,annotates_target
go:GO:0007040,go:GO:0097212,go_parent
go:GO:0007040,target:CREG1,annotates_target
go:GO:0007040,target:MBTPS1,annotates_target
go:GO:0007041,go:GO:0006622,go_parent
go:GO:0007041,go:GO:0008333,go_parent
go:GO:0007041,go:GO:0090160,go_parent
go:GO:0007041,go:GO:1902774,go_parent
go:GO:0007041,target:IGF2R,annotates_target
go:GO:0007042,target:ATP6V0B,annotates_target
go:GO:0007042,target:ATP6V0C,annotates_target
go:GO:0007042,target:CREG1,annotates_target
go:GO:0007043,go:GO:0034333,go_parent
go:GO:0007043,go:GO:0043297,go_parent
go:GO:0007043,go:GO:0120192,go_parent
go:GO:0007044,go:GO:0048041,go_parent
go:GO:0007049,go:GO:0000278,go_parent
go:GO:0007049,go:GO:0022402,go_parent
go:GO:0007049,go:GO:0051321,go_parent
go:GO:0007051,go:GO:0007052,go_parent
go:GO:0007051,go:GO:0051225,go_parent
go:GO:0007052,go:GO:0090307,go_parent
go:GO:0007052,target:SBDS,annotates_target
go:GO:0007059,go:GO:0051225,go_parent
go:GO:0007059,go:GO:0051304,go_parent
go:GO:0007059,go:GO:0098813,go_parent
go:GO:0007059,target:CDCA2,annotates_target
go:GO:0007059,target:CENPO,annotates_target
go:GO:0007059,target:MKI67,annotates_target
go:GO:0007059,target:NEK2,annotates_target
go:GO:0007062,go:GO:0007064,go_parent
go:GO:0007062,go:GO:0034085,go_parent
go:GO:0007062,go:GO:0034086,go_parent
go:GO:0007062,target:STAG2,annotates_target
go:GO:0007063,go:GO:0070602,go_parent
go:GO:0007064,go:GO:0034087,go_parent
go:GO:0007064,go:GO:0034088,go_parent
go:GO:0007064,target:HDAC8,annotates_target
go:GO:0007064,target:MAU2,annotates_target
go:GO:0007076,target:NCAPH2,annotates_target
go:GO:0007080,target:BECN1,annotates_target
go:GO:0007080,target:CHMP3,annotates_target
go:GO:0007088,go:GO:0045839,go_parent
go:GO:0007088,target:CDCA2,annotates_target
go:GO:0007088,target:MKI67,annotates_target
go:GO:0007088,target:NEK2,annotates_target
go:GO:0007093,go:GO:0044774,go_parent
go:GO:0007093,go:GO:0044818,go_parent
go:GO:0007093,go:GO:0044819,go_parent
go:GO:0007093,go:GO:0071174,go_parent
go:GO:0007094,target:ATM,annotates_target
go:GO:0007095,target:ATM,annotates_target
go:GO:0007095,target:MBTPS1,annotates_target
go:GO:0007098,go:GO:0030997,go_parent
go:GO:0007098,go:GO:0051299,go_parent
go:GO:0007098,target:NEK2,annotates_target
go:GO:0007127,go:GO:0007131,go_parent
go:GO:0007127,target:ATM,annotates_target
go:GO:0007127,target:GSK3B,annotates_target
go:GO:0007131,target:ATM,annotates_target
go:GO:0007154,go:GO:0007165,go_parent
go:GO:0007154,go:GO:0007267,go_parent
go:GO:0007154,go:GO:0007412,go_parent
go:GO:0007154,go:GO:0010644,go_parent
go:GO:0007154,go:GO:0086065,go_parent
go:GO:0007155,go:GO:0031589,go_parent
go:GO:0007155,go:GO:0033627,go_parent
go:GO:0007155,go:GO:0061343,go_parent
go:GO:0007155,go:GO:0098609,go_parent
go:GO:0007155,target:CLDN6,annotates_target
go:GO:0007155,target:CTNNB1,annotates_target
go:GO:0007155,target:CXCL12,annotates_target
go:GO:0007155,target:EPHB4,annotates_target
go:GO:0007155,target:ITGAV,annotates_target
go:GO:0007155,target:SRC,annotates_target
go:GO:0007155,target:THY1,annotates_target
go:GO:0007155,target:TOR1A,annotates_target
go:GO:0007155,target:VCL,annotates_target
go:GO:0007160,go:GO:0048041,go_parent
go:GO:0007160,target:ITGAV,annotates_target
go:GO:0007160,target:VCL,annotates_target
go:GO:0007162,go:GO:0010812,go_parent
go:GO:0007162,go:GO:0022408,go_parent
go:GO:0007163,go:GO:0030010,go_parent
go:GO:0007163,go:GO:0030011,go_parent
go:GO:0007163,go:GO:0061245,go_parent
go:GO:0007163,target:DLG5,annotates_target
go:GO:0007165,go:GO:0002764,go_parent
go:GO:0007165,go:GO:0007166,go_parent
go:GO:0007165,go:GO:0007186,go_parent
go:GO:0007165,go:GO:0009755,go_parent
go:GO:0007165,go:GO:0009756,go_parent
go:GO:0007165,go:GO:0035556,go_parent
go:GO:0007165,go:GO:0038034,go_parent
go:GO:0007165,go:GO:0097190,go_parent
go:GO:0007165,go:GO:0140507,go_parent
go:GO:0007165,target:ACVR1B,annotates_target
go:GO:0007165,target:AKT2,annotates_target
go:GO:0007165,target:ATM,annotates_target
go:GO:0007165,target:CREM,annotates_target
go:GO:0007165,target:CSNK1E,annotates_target
go:GO:0007165,target:CXCL12,annotates_target
go:GO:0007165,target:DLG5,annotates_target
go:GO:0007165,target:GNG12,annotates_target
go:GO:0007165,target:GRB10,annotates_target
go:GO:0007165,target:HDGF,annotates_target
go:GO:0007165,target:IGF1R,annotates_target
go:GO:0007165,target:IGF2R,annotates_target
go:GO:0007165,target:LTBR,annotates_target
go:GO:0007165,target:MAP3K7,annotates_target
go:GO:0007165,target:MTA1,annotates_target
go:GO:0007165,target:NCK2,annotates_target
go:GO:0007165,target:NRAS,annotates_target
go:GO:0007165,target:PLCB3,annotates_target
go:GO:0007165,target:RAF1,annotates_target
go:GO:0007165,target:SRC,annotates_target
go:GO:0007165,target:STAT1,annotates_target
go:GO:0007165,target:STAT6,annotates_target
go:GO:0007165,target:STUB1,annotates_target
go:GO:0007166,go:GO:0002768,go_parent
go:GO:0007166,go:GO:0007167,go_parent
go:GO:0007166,go:GO:0007219,go_parent
go:GO:0007166,go:GO:0007229,go_parent
go:GO:0007166,go:GO:0016055,go_parent
go:GO:0007166,go:GO:0019221,go_parent
go:GO:0007166,go:GO:0031663,go_parent
go:GO:0007166,go:GO:0038027,go_parent
go:GO:0007166,go:GO:0038179,go_parent
go:GO:0007166,go:GO:0071526,go_parent
go:GO:0007166,go:GO:0097191,go_parent
go:GO:0007166,go:GO:0097696,go_parent
go:GO:0007166,go:GO:0099565,go_parent
go:GO:0007166,go:GO:0160213,go_parent
go:GO:0007166,target:BIRC2,annotates_target
go:GO:0007166,target:IRF3,annotates_target
go:GO:0007166,target:THY1,annotates_target
go:GO:0007167,go:GO:0007169,go_parent
go:GO:0007167,go:GO:0007178,go_parent
go:GO:0007169,go:GO:0008286,go_parent
go:GO:0007169,go:GO:0008543,go_parent
go:GO:0007169,go:GO:0038084,go_parent
go:GO:0007169,go:GO:0038127,go_parent
go:GO:0007169,go:GO:0048008,go_parent
go:GO:0007169,go:GO:0048009,go_parent
go:GO:0007169,go:GO:0048010,go_parent
go:GO:0007169,go:GO:0048011,go_parent
go:GO:0007169,go:GO:0048013,go_parent
go:GO:0007169,go:GO:0060396,go_parent
go:GO:0007169,target:EPHB4,annotates_target
go:GO:0007169,target:IGF1R,annotates_target
go:GO:0007169,target:KDR,annotates_target
go:GO:0007172,target:NCK2,annotates_target
go:GO:0007172,target:SRC,annotates_target
go:GO:0007173,target:CTNNB1,annotates_target
go:GO:0007173,target:NCK2,annotates_target
go:GO:0007173,target:SRC,annotates_target
go:GO:0007178,go:GO:0060395,go_parent
go:GO:0007178,go:GO:0141091,go_parent
go:GO:0007178,target:ACVR1B,annotates_target
go:GO:0007178,target:TGFBR2,annotates_target
go:GO:0007179,go:GO:0007181,go_parent
go:GO:0007179,target:FOXH1,annotates_target
go:GO:0007179,target:MAP3K7,annotates_target
go:GO:0007179,target:SRC,annotates_target
go:GO:0007179,target:TGFBR2,annotates_target
go:GO:0007181,target:EID2,annotates_target
go:GO:0007186,go:GO:0007200,go_parent
go:GO:0007186,go:GO:0038166,go_parent
go:GO:0007186,go:GO:0070098,go_parent
go:GO:0007186,go:GO:0098664,go_parent
go:GO:0007186,target:APOE,annotates_target
go:GO:0007186,target:CALM3,annotates_target
go:GO:0007186,target:CXCL12,annotates_target
go:GO:0007186,target:GNG12,annotates_target
go:GO:0007186,target:IGF2R,annotates_target
go:GO:0007186,target:PLCB3,annotates_target
go:GO:0007200,go:GO:0007208,go_parent
go:GO:0007200,target:PLCB3,annotates_target
go:GO:0007204,target:ITGAV,annotates_target
go:GO:0007208,target:PLCB3,annotates_target
go:GO:0007214,target:ATF4,annotates_target
go:GO:0007219,go:GO:0007221,go_parent
go:GO:0007219,target:RBPJ,annotates_target
go:GO:0007221,target:RBPJ,annotates_target
go:GO:0007229,target:ITGAV,annotates_target
go:GO:0007229,target:SRC,annotates_target
go:GO:0007229,target:THY1,annotates_target
go:GO:0007249,go:GO:0007252,go_parent
go:GO:0007249,target:BIRC2,annotates_target
go:GO:0007249,target:EP300,annotates_target
go:GO:0007249,target:IKBKG,annotates_target
go:GO:0007249,target:MAP3K7,annotates_target
go:GO:0007250,target:LTBR,annotates_target
go:GO:0007252,target:MAP3K7,annotates_target
go:GO:0007254,target:BECN1,annotates_target
go:GO:0007254,target:DAXX,annotates_target
go:GO:0007254,target:MAP3K7,annotates_target
go:GO:0007259,target:PIAS1,annotates_target
go:GO:0007259,target:STAT1,annotates_target
go:GO:0007259,target:STAT6,annotates_target
go:GO:0007264,go:GO:0007265,go_parent
go:GO:0007264,go:GO:0007266,go_parent
go:GO:0007264,go:GO:0016601,go_parent
go:GO:0007265,target:DHCR24,annotates_target
go:GO:0007265,target:NRAS,annotates_target
go:GO:0007266,target:SH3BP4,annotates_target
go:GO:0007267,go:GO:0007214,go_parent
go:GO:0007267,go:GO:0023061,go_parent
go:GO:0007267,go:GO:0099536,go_parent
go:GO:0007267,go:GO:0150098,go_parent
go:GO:0007267,target:KLF10,annotates_target
go:GO:0007267,target:THY1,annotates_target
go:GO:0007268,go:GO:0001963,go_parent
go:GO:0007268,go:GO:0007269,go_parent
go:GO:0007268,go:GO:0007270,go_parent
go:GO:0007268,go:GO:0007271,go_parent
go:GO:0007268,go:GO:0007274,go_parent
go:GO:0007268,go:GO:0099565,go_parent
go:GO:0007268,target:SV2A,annotates_target
go:GO:0007269,go:GO:0016079,go_parent
go:GO:0007269,go:GO:0061670,go_parent
go:GO:0007270,target:KIF1B,annotates_target
go:GO:0007271,target:APOE,annotates_target
go:GO:0007272,go:GO:0008366,go_parent
go:GO:0007274,target:KIF1B,annotates_target
go:GO:0007275,go:GO:0007389,go_parent
go:GO:0007275,go:GO:0009790,go_parent
go:GO:0007275,go:GO:0009791,go_parent
go:GO:0007275,go:GO:0030238,go_parent
go:GO:0007275,go:GO:0035295,go_parent
go:GO:0007275,go:GO:0045137,go_parent
go:GO:0007275,go:GO:0046660,go_parent
go:GO:0007275,go:GO:0046661,go_parent
go:GO:0007275,go:GO:0048731,go_parent
go:GO:0007275,go:GO:0048736,go_parent
go:GO:0007276,go:GO:0007281,go_parent
go:GO:0007276,go:GO:0007292,go_parent
go:GO:0007276,go:GO:0048232,go_parent
go:GO:0007281,go:GO:0048477,go_parent
go:GO:0007281,target:RNF2,annotates_target
go:GO:0007283,go:GO:0048515,go_parent
go:GO:0007283,target:DHX36,annotates_target
go:GO:0007283,target:IGF2R,annotates_target
go:GO:0007283,target:KDM2B,annotates_target
go:GO:0007283,target:METTL14,annotates_target
go:GO:0007283,target:METTL3,annotates_target
go:GO:0007283,target:PIAS1,annotates_target
go:GO:0007292,go:GO:0048477,go_parent
go:GO:0007346,go:GO:0007088,go_parent
go:GO:0007346,go:GO:0009794,go_parent
go:GO:0007346,go:GO:0045930,go_parent
go:GO:0007346,go:GO:0045931,go_parent
go:GO:0007346,go:GO:1901990,go_parent
go:GO:0007368,go:GO:0003140,go_parent
go:GO:0007368,go:GO:0061371,go_parent
go:GO:0007369,go:GO:0001702,go_parent
go:GO:0007369,go:GO:0001704,go_parent
go:GO:0007386,go:GO:0007387,go_parent
go:GO:0007386,go:GO:0007388,go_parent
go:GO:0007387,target:PBX3,annotates_target
go:GO:0007388,target:PBX3,annotates_target
go:GO:0007389,go:GO:0003002,go_parent
go:GO:0007389,go:GO:0009799,go_parent
go:GO:0007399,go:GO:0007272,go_parent
go:GO:0007399,go:GO:0007416,go_parent
go:GO:0007399,go:GO:0007417,go_parent
go:GO:0007399,go:GO:0007422,go_parent
go:GO:0007399,go:GO:0021675,go_parent
go:GO:0007399,go:GO:0021915,go_parent
go:GO:0007399,go:GO:0022008,go_parent
go:GO:0007399,go:GO:0048483,go_parent
go:GO:0007399,go:GO:0061548,go_parent
go:GO:0007399,target:ACVR1B,annotates_target
go:GO:0007399,target:EP300,annotates_target
go:GO:0007399,target:MAP1B,annotates_target
go:GO:0007399,target:SMARCA4,annotates_target
go:GO:0007399,target:SOX4,annotates_target
go:GO:0007399,target:TGFBR2,annotates_target
go:GO:0007409,go:GO:0007411,go_parent
go:GO:0007409,go:GO:0007412,go_parent
go:GO:0007409,go:GO:0021955,go_parent
go:GO:0007409,go:GO:0048675,go_parent
go:GO:0007409,target:MAP1B,annotates_target
go:GO:0007411,target:CXCL12,annotates_target
go:GO:0007411,target:CYFIP1,annotates_target
go:GO:0007412,target:STXBP1,annotates_target
go:GO:0007413,target:CASP3,annotates_target
go:GO:0007416,target:MAP1B,annotates_target
go:GO:0007417,go:GO:0007420,go_parent
go:GO:0007417,go:GO:0021510,go_parent
go:GO:0007417,go:GO:0021953,go_parent
go:GO:0007417,go:GO:0048709,go_parent
go:GO:0007417,target:NCKAP1,annotates_target
go:GO:0007420,go:GO:0021591,go_parent
go:GO:0007420,go:GO:0030900,go_parent
go:GO:0007420,go:GO:0030901,go_parent
go:GO:0007420,go:GO:0030902,go_parent
go:GO:0007420,go:GO:0030917,go_parent
go:GO:0007420,target:PBX1,annotates_target
go:GO:0007420,target:PBX3,annotates_target
go:GO:0007420,target:SOX2,annotates_target
go:GO:0007420,target:SOX4,annotates_target
go:GO:0007420,target:TGFBR2,annotates_target
go:GO:0007420,target:UGP2,annotates_target
go:GO:0007422,go:GO:0014037,go_parent
go:GO:0007423,go:GO:0001654,go_parent
go:GO:0007423,go:GO:0043583,go_parent
go:GO:0007423,go:GO:0043584,go_parent
go:GO:0007423,go:GO:0043586,go_parent
go:GO:0007423,go:GO:0090596,go_parent
go:GO:0007492,go:GO:0001706,go_parent
go:GO:0007498,go:GO:0048368,go_parent
go:GO:0007507,go:GO:0003007,go_parent
go:GO:0007507,go:GO:0003157,go_parent
go:GO:0007507,go:GO:0003170,go_parent
go:GO:0007507,go:GO:0003197,go_parent
go:GO:0007507,go:GO:0003205,go_parent
go:GO:0007507,go:GO:0035050,go_parent
go:GO:0007507,go:GO:0035051,go_parent
go:GO:0007507,go:GO:0036302,go_parent
go:GO:0007507,go:GO:0048738,go_parent
go:GO:0007507,go:GO:0061371,go_parent
go:GO:0007507,target:KAT2A,annotates_target
go:GO:0007507,target:OXCT1,annotates_target
go:GO:0007507,target:RBPJ,annotates_target
go:GO:0007507,target:SOX4,annotates_target
go:GO:0007507,target:TGFBR2,annotates_target
go:GO:0007517,go:GO:0048644,go_parent
go:GO:0007517,go:GO:0060538,go_parent
go:GO:0007519,go:GO:0035914,go_parent
go:GO:0007519,go:GO:0048741,go_parent
go:GO:0007519,target:SIX4,annotates_target
go:GO:0007528,go:GO:0071340,go_parent
go:GO:0007528,target:DNAJA3,annotates_target
go:GO:0007528,target:RAF1,annotates_target
go:GO:0007530,go:GO:0030238,go_parent
go:GO:0007548,go:GO:0045137,go_parent
go:GO:0007548,go:GO:0046660,go_parent
go:GO:0007548,go:GO:0046661,go_parent
go:GO:0007549,go:GO:0009048,go_parent
go:GO:0007584,go:GO:0031670,go_parent
go:GO:0007584,go:GO:0033273,go_parent
go:GO:0007584,target:COX4I1,annotates_target
go:GO:0007584,target:OXCT1,annotates_target
go:GO:0007584,target:TFAM,annotates_target
go:GO:0007586,go:GO:0022600,go_parent
go:GO:0007589,go:GO:0007595,go_parent
go:GO:0007595,target:SRC,annotates_target
go:GO:0007596,go:GO:0030168,go_parent
go:GO:0007596,target:JMJD1C,annotates_target
go:GO:0007599,go:GO:0007596,go_parent
go:GO:0007600,go:GO:0019233,go_parent
go:GO:0007600,go:GO:0050906,go_parent
go:GO:0007600,go:GO:0050951,go_parent
go:GO:0007600,go:GO:0050953,go_parent
go:GO:0007600,go:GO:0050954,go_parent
go:GO:0007601,target:WFS1,annotates_target
go:GO:0007605,target:NDUFB9,annotates_target
go:GO:0007605,target:STX4,annotates_target
go:GO:0007605,target:WFS1,annotates_target
go:GO:0007610,go:GO:0001966,go_parent
go:GO:0007610,go:GO:0002209,go_parent
go:GO:0007610,go:GO:0007611,go_parent
go:GO:0007610,go:GO:0007622,go_parent
go:GO:0007610,go:GO:0007626,go_parent
go:GO:0007610,go:GO:0007632,go_parent
go:GO:0007610,go:GO:0007635,go_parent
go:GO:0007610,go:GO:0030534,go_parent
go:GO:0007610,go:GO:0035640,go_parent
go:GO:0007611,go:GO:0007612,go_parent
go:GO:0007611,go:GO:0007613,go_parent
go:GO:0007611,target:CASP3,annotates_target
go:GO:0007611,target:EP300,annotates_target
go:GO:0007612,go:GO:0008306,go_parent
go:GO:0007613,go:GO:0007614,go_parent
go:GO:0007613,go:GO:0007616,go_parent
go:GO:0007614,target:ADNP,annotates_target
go:GO:0007616,target:APOE,annotates_target
go:GO:0007616,target:KAT2A,annotates_target
go:GO:0007622,go:GO:0048512,go_parent
go:GO:0007623,go:GO:0032922,go_parent
go:GO:0007623,go:GO:0048512,go_parent
go:GO:0007623,target:ATF4,annotates_target
go:GO:0007623,target:BECN1,annotates_target
go:GO:0007623,target:EP300,annotates_target
go:GO:0007623,target:GSK3B,annotates_target
go:GO:0007623,target:KLF10,annotates_target
go:GO:0007623,target:METTL3,annotates_target
go:GO:0007626,go:GO:0008344,go_parent
go:GO:0007626,go:GO:0035641,go_parent
go:GO:0007626,go:GO:0036269,go_parent
go:GO:0007626,go:GO:0045475,go_parent
go:GO:0007632,go:GO:0008542,go_parent
go:GO:0007635,go:GO:0042048,go_parent
go:GO:0008015,go:GO:0008217,go_parent
go:GO:0008015,go:GO:0043114,go_parent
go:GO:0008015,go:GO:0060047,go_parent
go:GO:0008015,go:GO:0097746,go_parent
go:GO:0008015,target:CXCL12,annotates_target
go:GO:0008016,go:GO:0002027,go_parent
go:GO:0008016,go:GO:0045823,go_parent
go:GO:0008016,go:GO:0055117,go_parent
go:GO:0008016,go:GO:0061337,go_parent
go:GO:0008033,go:GO:0042780,go_parent
go:GO:0008033,go:GO:0090646,go_parent
go:GO:0008033,target:ELAC2,annotates_target
go:GO:0008037,go:GO:0008038,go_parent
go:GO:0008038,go:GO:0007413,go_parent
go:GO:0008064,go:GO:0030833,go_parent
go:GO:0008064,go:GO:0030834,go_parent
go:GO:0008064,target:CXCL12,annotates_target
go:GO:0008088,go:GO:0098930,go_parent
go:GO:0008089,go:GO:0048490,go_parent
go:GO:0008090,go:GO:1990049,go_parent
go:GO:0008104,go:GO:0006886,go_parent
go:GO:0008104,go:GO:0015031,go_parent
go:GO:0008104,go:GO:0033365,go_parent
go:GO:0008104,go:GO:0034394,go_parent
go:GO:0008104,go:GO:0045185,go_parent
go:GO:0008104,go:GO:0051205,go_parent
go:GO:0008104,go:GO:0072657,go_parent
go:GO:0008104,go:GO:1990778,go_parent
go:GO:0008104,target:PRR12,annotates_target
go:GO:0008150,go:GO:0002376,go_parent
go:GO:0008150,go:GO:0009987,go_parent
go:GO:0008150,go:GO:0016032,go_parent
go:GO:0008150,go:GO:0022414,go_parent
go:GO:0008150,go:GO:0032501,go_parent
go:GO:0008150,go:GO:0032502,go_parent
go:GO:0008150,go:GO:0040007,go_parent
go:GO:0008150,go:GO:0040011,go_parent
go:GO:0008150,go:GO:0042592,go_parent
go:GO:0008150,go:GO:0043473,go_parent
go:GO:0008150,go:GO:0044419,go_parent
go:GO:0008150,go:GO:0048511,go_parent
go:GO:0008150,go:GO:0050896,go_parent
go:GO:0008150,go:GO:0051179,go_parent
go:GO:0008150,go:GO:0065007,go_parent
go:GO:0008150,go:GO:0098754,go_parent
go:GO:0008150,target:CENPB,unmapped_fallback
go:GO:0008150,target:LAD1,unmapped_fallback
go:GO:0008150,target:MFSD10,unmapped_fallback
go:GO:0008150,target:MORN2,unmapped_fallback
go:GO:0008150,target:SMAGP,unmapped_fallback
go:GO:0008150,target:TAZ,unmapped_fallback
go:GO:0008152,go:GO:0006091,go_parent
go:GO:0008152,go:GO:0006413,go_parent
go:GO:0008152,go:GO:0006518,go_parent
go:GO:0008152,go:GO:0006575,go_parent
go:GO:0008152,go:GO:0006790,go_parent
go:GO:0008152,go:GO:0006793,go_parent
go:GO:0008152,go:GO:0006796,go_parent
go:GO:0008152,go:GO:0006805,go_parent
go:GO:0008152,go:GO:0009056,go_parent
go:GO:0008152,go:GO:0009058,go_parent
go:GO:0008152,go:GO:0009262,go_parent
go:GO:0008152,go:GO:0009308,go_parent
go:GO:0008152,go:GO:0018958,go_parent
go:GO:0008152,go:GO:0032259,go_parent
go:GO:0008152,go:GO:0032963,go_parent
go:GO:0008152,go:GO:0033013,go_parent
go:GO:0008152,go:GO:0042440,go_parent
go:GO:0008152,go:GO:0042445,go_parent
go:GO:0008152,go:GO:0043170,go_parent
go:GO:0008152,go:GO:0044238,go_parent
go:GO:0008152,go:GO:0044281,go_parent
go:GO:0008152,go:GO:0050435,go_parent
go:GO:0008152,go:GO:0072521,go_parent
go:GO:0008152,go:GO:0072524,go_parent
go:GO:0008152,go:GO:0072527,go_parent
go:GO:0008152,go:GO:0097176,go_parent
go:GO:0008152,go:GO:0120254,go_parent
go:GO:0008152,go:GO:1901135,go_parent
go:GO:0008154,go:GO:0030041,go_parent
go:GO:0008154,go:GO:0030042,go_parent
go:GO:0008202,go:GO:0006694,go_parent
go:GO:0008202,go:GO:0008209,go_parent
go:GO:0008202,go:GO:0016125,go_parent
go:GO:0008202,target:DHCR24,annotates_target
go:GO:0008203,go:GO:0006695,go_parent
go:GO:0008203,target:APOE,annotates_target
go:GO:0008203,target:INSIG1,annotates_target
go:GO:0008203,target:NSDHL,annotates_target
go:GO:0008203,target:TSKU,annotates_target
go:GO:0008209,go:GO:0006702,go_parent
go:GO:0008213,go:GO:0006479,go_parent
go:GO:0008217,go:GO:0003073,go_parent
go:GO:0008217,go:GO:0045776,go_parent
go:GO:0008217,go:GO:0045777,go_parent
go:GO:0008219,go:GO:0012501,go_parent
go:GO:0008277,go:GO:0045744,go_parent
go:GO:0008277,go:GO:0070494,go_parent
go:GO:0008283,go:GO:0010463,go_parent
go:GO:0008283,go:GO:0014009,go_parent
go:GO:0008283,go:GO:0072111,go_parent
go:GO:0008283,target:MKI67,annotates_target
go:GO:0008284,go:GO:0002053,go_parent
go:GO:0008284,go:GO:0033690,go_parent
go:GO:0008284,go:GO:0048146,go_parent
go:GO:0008284,go:GO:0048661,go_parent
go:GO:0008284,go:GO:0050679,go_parent
go:GO:0008284,go:GO:0060045,go_parent
go:GO:0008284,go:GO:0070665,go_parent
go:GO:0008284,go:GO:2000138,go_parent
go:GO:0008284,go:GO:2000179,go_parent
go:GO:0008284,go:GO:2000648,go_parent
go:GO:0008284,target:BRD9,annotates_target
go:GO:0008284,target:CDC25B,annotates_target
go:GO:0008284,target:CTNNB1,annotates_target
go:GO:0008284,target:CXCL12,annotates_target
go:GO:0008284,target:FGFR1,annotates_target
go:GO:0008284,target:IGF1R,annotates_target
go:GO:0008284,target:ITGAV,annotates_target
go:GO:0008284,target:KDR,annotates_target
go:GO:0008284,target:NRAS,annotates_target
go:GO:0008284,target:SMARCA4,annotates_target
go:GO:0008284,target:SOX4,annotates_target
go:GO:0008284,target:STX4,annotates_target
go:GO:0008284,target:TGFBR2,annotates_target
go:GO:0008285,go:GO:0048147,go_parent
go:GO:0008285,go:GO:0048662,go_parent
go:GO:0008285,go:GO:0050680,go_parent
go:GO:0008285,go:GO:0070664,go_parent
go:GO:0008285,go:GO:0072201,go_parent
go:GO:0008285,go:GO:2000178,go_parent
go:GO:0008285,target:CSK,annotates_target
go:GO:0008285,target:CTBP2,annotates_target
go:GO:0008285,target:CTNNB1,annotates_target
go:GO:0008285,target:DHCR24,annotates_target
go:GO:0008285,target:DLG5,annotates_target
go:GO:0008285,target:DNAJA3,annotates_target
go:GO:0008285,target:KLF10,annotates_target
go:GO:0008285,target:NCK2,annotates_target
go:GO:0008285,target:PHF14,annotates_target
go:GO:0008285,target:PTPN1,annotates_target
go:GO:0008285,target:RAF1,annotates_target
go:GO:0008285,target:SH3BP4,annotates_target
go:GO:0008286,target:AKT2,annotates_target
go:GO:0008286,target:GRB10,annotates_target
go:GO:0008286,target:GSK3B,annotates_target
go:GO:0008286,target:IDE,annotates_target
go:GO:0008286,target:IGF1R,annotates_target
go:GO:0008286,target:RAF1,annotates_target
go:GO:0008299,go:GO:0009240,go_parent
go:GO:0008299,go:GO:0016114,go_parent
go:GO:0008299,target:FDPS,annotates_target
go:GO:0008299,target:HMGCR,annotates_target
go:GO:0008299,target:HMGCS1,annotates_target
go:GO:0008306,go:GO:0008542,go_parent
go:GO:0008333,go:GO:0032510,go_parent
go:GO:0008333,target:CHMP3,annotates_target
go:GO:0008333,target:HMGXB4,annotates_target
go:GO:0008334,go:GO:0071044,go_parent
go:GO:0008344,target:CXCL12,annotates_target
go:GO:0008360,target:KDR,annotates_target
go:GO:0008361,go:GO:0045793,go_parent
go:GO:0008361,go:GO:0061387,go_parent
go:GO:0008366,go:GO:0042552,go_parent
go:GO:0008380,go:GO:0000375,go_parent
go:GO:0008380,target:ZRSR2,annotates_target
go:GO:0008406,go:GO:0008584,go_parent
go:GO:0008406,go:GO:0008585,go_parent
go:GO:0008542,target:PIAS1,annotates_target
go:GO:0008543,target:FGFR1,annotates_target
go:GO:0008543,target:FIBP,annotates_target
go:GO:0008544,go:GO:0009913,go_parent
go:GO:0008544,go:GO:0098773,go_parent
go:GO:0008544,target:HDAC3,annotates_target
go:GO:0008584,target:SIX4,annotates_target
go:GO:0008585,go:GO:0001554,go_parent
go:GO:0008589,go:GO:0045879,go_parent
go:GO:0008589,go:GO:0045880,go_parent
go:GO:0008593,go:GO:0045746,go_parent
go:GO:0008593,go:GO:0045747,go_parent
go:GO:0008610,go:GO:0006633,go_parent
go:GO:0008610,go:GO:0006694,go_parent
go:GO:0008610,go:GO:0008299,go_parent
go:GO:0008610,go:GO:0008654,go_parent
go:GO:0008610,go:GO:0009247,go_parent
go:GO:0008610,go:GO:0045017,go_parent
go:GO:0008610,target:ACLY,annotates_target
go:GO:0008610,target:JMJD1C,annotates_target
go:GO:0008625,target:BIRC2,annotates_target
go:GO:0008625,target:DAXX,annotates_target
go:GO:0008626,target:HMGB2,annotates_target
go:GO:0008626,target:SET,annotates_target
go:GO:0008627,target:CASP3,annotates_target
go:GO:0008630,go:GO:0042771,go_parent
go:GO:0008630,target:ATM,annotates_target
go:GO:0008630,target:BIRC2,annotates_target
go:GO:0008630,target:CASP2,annotates_target
go:GO:0008631,go:GO:0036480,go_parent
go:GO:0008637,go:GO:0001836,go_parent
go:GO:0008654,go:GO:0009240,go_parent
go:GO:0008654,go:GO:0033384,go_parent
go:GO:0008654,go:GO:0033386,go_parent
go:GO:0008654,go:GO:0045337,go_parent
go:GO:0008654,go:GO:0046474,go_parent
go:GO:0009048,go:GO:0060816,go_parent
go:GO:0009048,target:METTL3,annotates_target
go:GO:0009056,go:GO:0006914,go_parent
go:GO:0009056,go:GO:0009057,go_parent
go:GO:0009056,go:GO:0009063,go_parent
go:GO:0009056,go:GO:0010815,go_parent
go:GO:0009056,go:GO:0016042,go_parent
go:GO:0009056,go:GO:0016052,go_parent
go:GO:0009056,go:GO:0034655,go_parent
go:GO:0009056,go:GO:0042447,go_parent
go:GO:0009056,go:GO:0043171,go_parent
go:GO:0009056,go:GO:0044282,go_parent
go:GO:0009056,go:GO:0046434,go_parent
go:GO:0009056,go:GO:0072523,go_parent
go:GO:0009056,go:GO:0072526,go_parent
go:GO:0009056,go:GO:0150094,go_parent
go:GO:0009056,go:GO:1901136,go_parent
go:GO:0009057,go:GO:0030163,go_parent
go:GO:0009057,go:GO:0032801,go_parent
go:GO:0009057,go:GO:0043632,go_parent
go:GO:0009057,go:GO:0141188,go_parent
go:GO:0009058,go:GO:0008610,go_parent
go:GO:0009058,go:GO:0009059,go_parent
go:GO:0009058,go:GO:0009142,go_parent
go:GO:0009058,go:GO:0009263,go_parent
go:GO:0009058,go:GO:0009309,go_parent
go:GO:0009058,go:GO:0016051,go_parent
go:GO:0009058,go:GO:0032964,go_parent
go:GO:0009058,go:GO:0033014,go_parent
go:GO:0009058,go:GO:0034654,go_parent
go:GO:0009058,go:GO:0042446,go_parent
go:GO:0009058,go:GO:0043094,go_parent
go:GO:0009058,go:GO:0044272,go_parent
go:GO:0009058,go:GO:0044283,go_parent
go:GO:0009058,go:GO:0046189,go_parent
go:GO:0009058,go:GO:0072522,go_parent
go:GO:0009058,go:GO:0072528,go_parent
go:GO:0009058,go:GO:0090407,go_parent
go:GO:0009058,go:GO:1901137,go_parent
go:GO:0009059,go:GO:0000271,go_parent
go:GO:0009059,go:GO:0006023,go_parent
go:GO:0009059,go:GO:0006412,go_parent
go:GO:0009059,go:GO:0006414,go_parent
go:GO:0009059,go:GO:0009101,go_parent
go:GO:0009059,go:GO:0010467,go_parent
go:GO:0009059,go:GO:0042158,go_parent
go:GO:0009059,go:GO:0141187,go_parent
go:GO:0009059,go:GO:0160307,go_parent
go:GO:0009060,go:GO:0006096,go_parent
go:GO:0009060,go:GO:0006119,go_parent
go:GO:0009060,go:GO:0019646,go_parent
go:GO:0009060,target:MTFR1,annotates_target
go:GO:0009060,target:NDUFB4,annotates_target
go:GO:0009060,target:NDUFB6,annotates_target
go:GO:0009060,target:NDUFB9,annotates_target
go:GO:0009060,target:NDUFC2,annotates_target
go:GO:0009060,target:OXA1L,annotates_target
go:GO:0009060,target:UQCRB,annotates_target
go:GO:0009062,go:GO:0019626,go_parent
go:GO:0009062,target:PCCB,annotates_target
go:GO:0009063,go:GO:0006559,go_parent
go:GO:0009063,go:GO:0019477,go_parent
go:GO:0009072,go:GO:0009074,go_parent
go:GO:0009072,target:GSTZ1,annotates_target
go:GO:0009074,go:GO:0006559,go_parent
go:GO:0009081,target:PCCB,annotates_target
go:GO:0009100,go:GO:0006029,go_parent
go:GO:0009100,go:GO:0009101,go_parent
go:GO:0009101,go:GO:0006487,go_parent
go:GO:0009101,go:GO:0006493,go_parent
go:GO:0009101,go:GO:0030166,go_parent
go:GO:0009101,target:OSTC,annotates_target
go:GO:0009117,go:GO:0006163,go_parent
go:GO:0009117,go:GO:0006220,go_parent
go:GO:0009117,go:GO:0009165,go_parent
go:GO:0009117,go:GO:0009166,go_parent
go:GO:0009117,go:GO:0009187,go_parent
go:GO:0009117,go:GO:0009259,go_parent
go:GO:0009117,go:GO:0009394,go_parent
go:GO:0009117,go:GO:0046496,go_parent
go:GO:0009123,go:GO:0009124,go_parent
go:GO:0009123,go:GO:0009126,go_parent
go:GO:0009123,go:GO:0009129,go_parent
go:GO:0009124,go:GO:0009127,go_parent
go:GO:0009124,go:GO:0009130,go_parent
go:GO:0009124,go:GO:0009156,go_parent
go:GO:0009124,go:GO:0009157,go_parent
go:GO:0009126,go:GO:0009127,go_parent
go:GO:0009126,go:GO:0009170,go_parent
go:GO:0009127,go:GO:0009171,go_parent
go:GO:0009129,go:GO:0009130,go_parent
go:GO:0009129,go:GO:0009173,go_parent
go:GO:0009129,go:GO:0009176,go_parent
go:GO:0009130,go:GO:0009174,go_parent
go:GO:0009130,go:GO:0009177,go_parent
go:GO:0009132,go:GO:0009134,go_parent
go:GO:0009132,go:GO:0009135,go_parent
go:GO:0009132,go:GO:0009185,go_parent
go:GO:0009134,go:GO:0009137,go_parent
go:GO:0009134,go:GO:0009191,go_parent
go:GO:0009135,go:GO:0009137,go_parent
go:GO:0009135,go:GO:0009179,go_parent
go:GO:0009137,go:GO:0009181,go_parent
go:GO:0009141,go:GO:0009142,go_parent
go:GO:0009141,go:GO:0046034,go_parent
go:GO:0009142,go:GO:0006754,go_parent
go:GO:0009144,go:GO:0009145,go_parent
go:GO:0009144,go:GO:0009205,go_parent
go:GO:0009145,go:GO:0009206,go_parent
go:GO:0009150,go:GO:0009152,go_parent
go:GO:0009150,go:GO:0009154,go_parent
go:GO:0009150,go:GO:0046031,go_parent
go:GO:0009150,go:GO:0046034,go_parent
go:GO:0009150,go:GO:0046068,go_parent
go:GO:0009151,go:GO:0009153,go_parent
go:GO:0009151,go:GO:0046053,go_parent
go:GO:0009152,go:GO:0006754,go_parent
go:GO:0009153,go:GO:0006170,go_parent
go:GO:0009154,go:GO:0046032,go_parent
go:GO:0009156,go:GO:0009174,go_parent
go:GO:0009157,go:GO:0009171,go_parent
go:GO:0009157,go:GO:0009177,go_parent
go:GO:0009157,target:DCK,annotates_target
go:GO:0009165,go:GO:0006164,go_parent
go:GO:0009165,go:GO:0006221,go_parent
go:GO:0009165,go:GO:0009260,go_parent
go:GO:0009165,go:GO:0009265,go_parent
go:GO:0009165,go:GO:0043173,go_parent
go:GO:0009166,go:GO:0006195,go_parent
go:GO:0009166,go:GO:0009261,go_parent
go:GO:0009166,go:GO:0019364,go_parent
go:GO:0009170,go:GO:0009171,go_parent
go:GO:0009170,go:GO:0046053,go_parent
go:GO:0009171,go:GO:0006170,go_parent
go:GO:0009173,go:GO:0009174,go_parent
go:GO:0009173,go:GO:0046035,go_parent
go:GO:0009174,go:GO:0009224,go_parent
go:GO:0009176,go:GO:0009177,go_parent
go:GO:0009176,go:GO:0046073,go_parent
go:GO:0009177,go:GO:0006231,go_parent
go:GO:0009179,go:GO:0009181,go_parent
go:GO:0009179,go:GO:0046031,go_parent
go:GO:0009181,go:GO:0046032,go_parent
go:GO:0009185,go:GO:0009179,go_parent
go:GO:0009185,go:GO:0009191,go_parent
go:GO:0009185,target:RRM1,annotates_target
go:GO:0009185,target:RRM2,annotates_target
go:GO:0009187,go:GO:0052652,go_parent
go:GO:0009191,go:GO:0009181,go_parent
go:GO:0009201,go:GO:0009206,go_parent
go:GO:0009205,go:GO:0009206,go_parent
go:GO:0009205,go:GO:0046034,go_parent
go:GO:0009206,go:GO:0006754,go_parent
go:GO:0009218,go:GO:0009220,go_parent
go:GO:0009218,go:GO:0046035,go_parent
go:GO:0009219,go:GO:0009221,go_parent
go:GO:0009219,go:GO:0046073,go_parent
go:GO:0009220,go:GO:0009224,go_parent
go:GO:0009221,go:GO:0006231,go_parent
go:GO:0009224,target:DCK,annotates_target
go:GO:0009225,go:GO:0006011,go_parent
go:GO:0009225,go:GO:0009226,go_parent
go:GO:0009225,go:GO:0046398,go_parent
go:GO:0009226,go:GO:0006065,go_parent
go:GO:0009240,go:GO:0019287,go_parent
go:GO:0009247,target:SCCPDH,annotates_target
go:GO:0009250,go:GO:0005978,go_parent
go:GO:0009259,go:GO:0009150,go_parent
go:GO:0009259,go:GO:0009218,go_parent
go:GO:0009259,go:GO:0009260,go_parent
go:GO:0009259,go:GO:0009261,go_parent
go:GO:0009260,go:GO:0009152,go_parent
go:GO:0009260,go:GO:0009220,go_parent
go:GO:0009261,go:GO:0009154,go_parent
go:GO:0009262,go:GO:0009263,go_parent
go:GO:0009263,target:RRM1,annotates_target
go:GO:0009263,target:RRM2,annotates_target
go:GO:0009265,go:GO:0009153,go_parent
go:GO:0009265,go:GO:0009221,go_parent
go:GO:0009265,target:RRM1,annotates_target
go:GO:0009265,target:RRM2,annotates_target
go:GO:0009266,go:GO:0009408,go_parent
go:GO:0009266,go:GO:0016048,go_parent
go:GO:0009267,go:GO:0006995,go_parent
go:GO:0009267,go:GO:0034198,go_parent
go:GO:0009267,go:GO:0042149,go_parent
go:GO:0009267,target:EHMT2,annotates_target
go:GO:0009267,target:KLF10,annotates_target
go:GO:0009267,target:STX4,annotates_target
go:GO:0009299,go:GO:0042789,go_parent
go:GO:0009299,target:IRF3,annotates_target
go:GO:0009308,go:GO:0006576,go_parent
go:GO:0009308,go:GO:0009309,go_parent
go:GO:0009309,go:GO:0042401,go_parent
go:GO:0009314,go:GO:0009416,go_parent
go:GO:0009314,go:GO:0010212,go_parent
go:GO:0009314,go:GO:0071478,go_parent
go:GO:0009394,go:GO:0009151,go_parent
go:GO:0009394,go:GO:0009219,go_parent
go:GO:0009394,go:GO:0009265,go_parent
go:GO:0009408,go:GO:0010286,go_parent
go:GO:0009408,go:GO:0034605,go_parent
go:GO:0009408,target:DNAJA3,annotates_target
go:GO:0009410,go:GO:0071466,go_parent
go:GO:0009410,target:BECN1,annotates_target
go:GO:0009410,target:CASP3,annotates_target
go:GO:0009410,target:CTNNB1,annotates_target
go:GO:0009410,target:MAP1B,annotates_target
go:GO:0009410,target:OXCT1,annotates_target
go:GO:0009410,target:PMS1,annotates_target
go:GO:0009410,target:TGFBR2,annotates_target
go:GO:0009411,go:GO:0034644,go_parent
go:GO:0009416,go:GO:0007632,go_parent
go:GO:0009416,go:GO:0009411,go_parent
go:GO:0009416,go:GO:0009648,go_parent
go:GO:0009416,go:GO:0071482,go_parent
go:GO:0009451,go:GO:0001510,go_parent
go:GO:0009451,go:GO:0016556,go_parent
go:GO:0009581,go:GO:0016048,go_parent
go:GO:0009581,go:GO:0050982,go_parent
go:GO:0009582,go:GO:0016048,go_parent
go:GO:0009582,go:GO:0050982,go_parent
go:GO:0009593,go:GO:0005513,go_parent
go:GO:0009605,go:GO:0009581,go_parent
go:GO:0009605,go:GO:0009612,go_parent
go:GO:0009605,go:GO:0009649,go_parent
go:GO:0009605,go:GO:0042330,go_parent
go:GO:0009605,go:GO:0043207,go_parent
go:GO:0009605,go:GO:0071496,go_parent
go:GO:0009607,go:GO:0043207,go_parent
go:GO:0009607,go:GO:0071216,go_parent
go:GO:0009607,go:GO:1990840,go_parent
go:GO:0009611,go:GO:0042060,go_parent
go:GO:0009611,go:GO:0048678,go_parent
go:GO:0009611,target:SOX2,annotates_target
go:GO:0009612,go:GO:0035994,go_parent
go:GO:0009612,go:GO:0050982,go_parent
go:GO:0009612,go:GO:0071260,go_parent
go:GO:0009612,go:GO:1990478,go_parent
go:GO:0009612,target:CXCL12,annotates_target
go:GO:0009612,target:MAP1B,annotates_target
go:GO:0009615,go:GO:0051607,go_parent
go:GO:0009615,go:GO:0098586,go_parent
go:GO:0009615,target:CXCL12,annotates_target
go:GO:0009615,target:IKBKG,annotates_target
go:GO:0009617,go:GO:0002237,go_parent
go:GO:0009617,go:GO:0042742,go_parent
go:GO:0009628,go:GO:0006970,go_parent
go:GO:0009628,go:GO:0009266,go_parent
go:GO:0009628,go:GO:0009314,go_parent
go:GO:0009628,go:GO:0009582,go_parent
go:GO:0009628,go:GO:0009612,go_parent
go:GO:0009628,go:GO:0070482,go_parent
go:GO:0009628,go:GO:0071214,go_parent
go:GO:0009636,go:GO:0017085,go_parent
go:GO:0009636,go:GO:0060992,go_parent
go:GO:0009636,go:GO:0097237,go_parent
go:GO:0009636,go:GO:0098754,go_parent
go:GO:0009636,target:ATF4,annotates_target
go:GO:0009648,go:GO:0043153,go_parent
go:GO:0009649,go:GO:0043153,go_parent
go:GO:0009653,go:GO:0000902,go_parent
go:GO:0009653,go:GO:0001763,go_parent
go:GO:0009653,go:GO:0002089,go_parent
go:GO:0009653,go:GO:0003149,go_parent
go:GO:0009653,go:GO:0003151,go_parent
go:GO:0009653,go:GO:0003160,go_parent
go:GO:0009653,go:GO:0003179,go_parent
go:GO:0009653,go:GO:0003206,go_parent
go:GO:0009653,go:GO:0009887,go_parent
go:GO:0009653,go:GO:0010171,go_parent
go:GO:0009653,go:GO:0035107,go_parent
go:GO:0009653,go:GO:0035239,go_parent
go:GO:0009653,go:GO:0035910,go_parent
go:GO:0009653,go:GO:0036022,go_parent
go:GO:0009653,go:GO:0048598,go_parent
go:GO:0009653,go:GO:0048646,go_parent
go:GO:0009653,go:GO:0048729,go_parent
go:GO:0009653,go:GO:0048858,go_parent
go:GO:0009653,go:GO:0060042,go_parent
go:GO:0009653,go:GO:0060323,go_parent
go:GO:0009653,go:GO:0060325,go_parent
go:GO:0009653,go:GO:0060411,go_parent
go:GO:0009653,go:GO:0060560,go_parent
go:GO:0009653,go:GO:0061073,go_parent
go:GO:0009653,go:GO:0061197,go_parent
go:GO:0009653,go:GO:0061383,go_parent
go:GO:0009653,go:GO:0071697,go_parent
go:GO:0009653,target:COL6A1,annotates_target
go:GO:0009653,target:HIRA,annotates_target
go:GO:0009653,target:KRT18,annotates_target
go:GO:0009653,target:NFE2L1,annotates_target
go:GO:0009653,target:SIX4,annotates_target
go:GO:0009653,target:TSKU,annotates_target
go:GO:0009712,go:GO:0006584,go_parent
go:GO:0009712,go:GO:0009713,go_parent
go:GO:0009713,go:GO:0042423,go_parent
go:GO:0009719,go:GO:0009725,go_parent
go:GO:0009719,go:GO:0070848,go_parent
go:GO:0009719,go:GO:0071495,go_parent
go:GO:0009725,go:GO:0032870,go_parent
go:GO:0009725,go:GO:0043434,go_parent
go:GO:0009725,go:GO:0043627,go_parent
go:GO:0009725,go:GO:0048545,go_parent
go:GO:0009725,go:GO:0097066,go_parent
go:GO:0009725,go:GO:1990418,go_parent
go:GO:0009725,target:DHCR24,annotates_target
go:GO:0009725,target:HSP90B1,annotates_target
go:GO:0009725,target:OXCT1,annotates_target
go:GO:0009743,go:GO:0034284,go_parent
go:GO:0009743,go:GO:0071322,go_parent
go:GO:0009743,target:ADNP,annotates_target
go:GO:0009743,target:MAP1B,annotates_target
go:GO:0009746,go:GO:0009749,go_parent
go:GO:0009746,go:GO:0071331,go_parent
go:GO:0009749,go:GO:0071333,go_parent
go:GO:0009749,target:CASP3,annotates_target
go:GO:0009749,target:TCF7L2,annotates_target
go:GO:0009755,go:GO:0002154,go_parent
go:GO:0009755,go:GO:0043401,go_parent
go:GO:0009756,go:GO:0010182,go_parent
go:GO:0009757,go:GO:0010255,go_parent
go:GO:0009790,go:GO:0009792,go_parent
go:GO:0009790,go:GO:0048568,go_parent
go:GO:0009790,go:GO:0048598,go_parent
go:GO:0009790,go:GO:0061053,go_parent
go:GO:0009791,target:IGF2R,annotates_target
go:GO:0009792,go:GO:0043009,go_parent
go:GO:0009792,target:USP22,annotates_target
go:GO:0009794,go:GO:0045976,go_parent
go:GO:0009799,go:GO:0009855,go_parent
go:GO:0009855,go:GO:0007368,go_parent
go:GO:0009887,go:GO:0003007,go_parent
go:GO:0009887,go:GO:0048562,go_parent
go:GO:0009887,go:GO:0048644,go_parent
go:GO:0009887,go:GO:0048645,go_parent
go:GO:0009887,go:GO:0048705,go_parent
go:GO:0009887,go:GO:0060349,go_parent
go:GO:0009887,go:GO:0060993,go_parent
go:GO:0009887,go:GO:0072132,go_parent
go:GO:0009887,go:GO:0090596,go_parent
go:GO:0009887,target:PBX1,annotates_target
go:GO:0009887,target:PBX3,annotates_target
go:GO:0009888,go:GO:0007492,go_parent
go:GO:0009888,go:GO:0007498,go_parent
go:GO:0009888,go:GO:0008544,go_parent
go:GO:0009888,go:GO:0031214,go_parent
go:GO:0009888,go:GO:0048539,go_parent
go:GO:0009888,go:GO:0048729,go_parent
go:GO:0009888,go:GO:0060429,go_parent
go:GO:0009888,go:GO:0060485,go_parent
go:GO:0009888,go:GO:0060537,go_parent
go:GO:0009888,go:GO:0061448,go_parent
go:GO:0009888,go:GO:0061548,go_parent
go:GO:0009888,target:COL6A1,annotates_target
go:GO:0009888,target:DHCR24,annotates_target
go:GO:0009888,target:DLG5,annotates_target
go:GO:0009888,target:ITGAV,annotates_target
go:GO:0009889,go:GO:0009890,go_parent
go:GO:0009889,go:GO:0009891,go_parent
go:GO:0009889,go:GO:0010556,go_parent
go:GO:0009889,go:GO:0030808,go_parent
go:GO:0009889,go:GO:0043255,go_parent
go:GO:0009889,go:GO:0045428,go_parent
go:GO:0009889,go:GO:0046890,go_parent
go:GO:0009889,go:GO:1900376,go_parent
go:GO:0009889,go:GO:1902930,go_parent
go:GO:0009889,go:GO:1903426,go_parent
go:GO:0009890,go:GO:0010558,go_parent
go:GO:0009890,go:GO:0045721,go_parent
go:GO:0009890,go:GO:0051055,go_parent
go:GO:0009890,go:GO:1902931,go_parent
go:GO:0009890,go:GO:1903427,go_parent
go:GO:0009891,go:GO:0010557,go_parent
go:GO:0009891,go:GO:0030810,go_parent
go:GO:0009891,go:GO:0045429,go_parent
go:GO:0009891,go:GO:0046889,go_parent
go:GO:0009891,go:GO:1900378,go_parent
go:GO:0009891,go:GO:1902932,go_parent
go:GO:0009892,go:GO:0009890,go_parent
go:GO:0009892,go:GO:0009895,go_parent
go:GO:0009892,go:GO:0010605,go_parent
go:GO:0009892,go:GO:0033239,go_parent
go:GO:0009892,go:GO:0045833,go_parent
go:GO:0009892,go:GO:0045912,go_parent
go:GO:0009892,go:GO:0045934,go_parent
go:GO:0009892,go:GO:0045936,go_parent
go:GO:0009892,go:GO:0062014,go_parent
go:GO:0009892,go:GO:1901856,go_parent
go:GO:0009892,go:GO:2000378,go_parent
go:GO:0009893,go:GO:0009891,go_parent
go:GO:0009893,go:GO:0009896,go_parent
go:GO:0009893,go:GO:0010562,go_parent
go:GO:0009893,go:GO:0010604,go_parent
go:GO:0009893,go:GO:0045834,go_parent
go:GO:0009893,go:GO:0045913,go_parent
go:GO:0009893,go:GO:0045937,go_parent
go:GO:0009893,go:GO:0062013,go_parent
go:GO:0009893,go:GO:2000379,go_parent
go:GO:0009894,go:GO:0000960,go_parent
go:GO:0009894,go:GO:0009895,go_parent
go:GO:0009894,go:GO:0009896,go_parent
go:GO:0009894,go:GO:0010506,go_parent
go:GO:0009894,go:GO:0030811,go_parent
go:GO:0009894,go:GO:0042176,go_parent
go:GO:0009894,go:GO:0043470,go_parent
go:GO:0009894,go:GO:0043487,go_parent
go:GO:0009894,go:GO:0050994,go_parent
go:GO:0009894,go:GO:0061013,go_parent
go:GO:0009894,go:GO:1903624,go_parent
go:GO:0009894,go:GO:2000295,go_parent
go:GO:0009894,go:GO:2000644,go_parent
go:GO:0009895,go:GO:0010507,go_parent
go:GO:0009895,go:GO:0042177,go_parent
go:GO:0009895,go:GO:1902369,go_parent
go:GO:0009896,go:GO:0000962,go_parent
go:GO:0009896,go:GO:0010508,go_parent
go:GO:0009896,go:GO:0030813,go_parent
go:GO:0009896,go:GO:0045732,go_parent
go:GO:0009896,go:GO:0050779,go_parent
go:GO:0009896,go:GO:0050996,go_parent
go:GO:0009896,go:GO:0061014,go_parent
go:GO:0009896,go:GO:1903285,go_parent
go:GO:0009896,go:GO:1903626,go_parent
go:GO:0009896,go:GO:2000646,go_parent
go:GO:0009913,go:GO:0030216,go_parent
go:GO:0009913,go:GO:0035315,go_parent
go:GO:0009952,go:GO:0007386,go_parent
go:GO:0009952,go:GO:0021903,go_parent
go:GO:0009966,go:GO:0001959,go_parent
go:GO:0009966,go:GO:0007172,go_parent
go:GO:0009966,go:GO:0008277,go_parent
go:GO:0009966,go:GO:0008589,go_parent
go:GO:0009966,go:GO:0008593,go_parent
go:GO:0009966,go:GO:0009967,go_parent
go:GO:0009966,go:GO:0009968,go_parent
go:GO:0009966,go:GO:0010640,go_parent
go:GO:0009966,go:GO:0030111,go_parent
go:GO:0009966,go:GO:0030947,go_parent
go:GO:0009966,go:GO:0046626,go_parent
go:GO:0009966,go:GO:0050854,go_parent
go:GO:0009966,go:GO:0051386,go_parent
go:GO:0009966,go:GO:0060368,go_parent
go:GO:0009966,go:GO:0062207,go_parent
go:GO:0009966,go:GO:0090092,go_parent
go:GO:0009966,go:GO:1901184,go_parent
go:GO:0009966,go:GO:1901187,go_parent
go:GO:0009966,go:GO:1902202,go_parent
go:GO:0009966,go:GO:1902531,go_parent
go:GO:0009966,go:GO:1902659,go_parent
go:GO:0009966,go:GO:1904892,go_parent
go:GO:0009966,go:GO:2001233,go_parent
go:GO:0009966,target:PTPN1,annotates_target
go:GO:0009967,go:GO:0030177,go_parent
go:GO:0009967,go:GO:0030949,go_parent
go:GO:0009967,go:GO:0045747,go_parent
go:GO:0009967,go:GO:0045880,go_parent
go:GO:0009967,go:GO:0046628,go_parent
go:GO:0009967,go:GO:0050857,go_parent
go:GO:0009967,go:GO:0051388,go_parent
go:GO:0009967,go:GO:0062208,go_parent
go:GO:0009967,go:GO:0090100,go_parent
go:GO:0009967,go:GO:1901186,go_parent
go:GO:0009967,go:GO:1901189,go_parent
go:GO:0009967,go:GO:1902533,go_parent
go:GO:0009967,go:GO:1902661,go_parent
go:GO:0009967,go:GO:1904894,go_parent
go:GO:0009967,go:GO:2001235,go_parent
go:GO:0009967,target:DLG5,annotates_target
go:GO:0009968,go:GO:0001960,go_parent
go:GO:0009968,go:GO:0010642,go_parent
go:GO:0009968,go:GO:0030178,go_parent
go:GO:0009968,go:GO:0030948,go_parent
go:GO:0009968,go:GO:0045744,go_parent
go:GO:0009968,go:GO:0045746,go_parent
go:GO:0009968,go:GO:0045879,go_parent
go:GO:0009968,go:GO:0046627,go_parent
go:GO:0009968,go:GO:0050858,go_parent
go:GO:0009968,go:GO:0090101,go_parent
go:GO:0009968,go:GO:1902532,go_parent
go:GO:0009968,go:GO:1904893,go_parent
go:GO:0009968,go:GO:2001234,go_parent
go:GO:0009968,target:GSK3B,annotates_target
go:GO:0009968,target:PTPN1,annotates_target
go:GO:0009987,go:GO:0001775,go_parent
go:GO:0009987,go:GO:0001906,go_parent
go:GO:0009987,go:GO:0006457,go_parent
go:GO:0009987,go:GO:0007017,go_parent
go:GO:0009987,go:GO:0007049,go_parent
go:GO:0009987,go:GO:0007154,go_parent
go:GO:0009987,go:GO:0007155,go_parent
go:GO:0009987,go:GO:0007163,go_parent
go:GO:0009987,go:GO:0007165,go_parent
go:GO:0009987,go:GO:0007272,go_parent
go:GO:0009987,go:GO:0008037,go_parent
go:GO:0009987,go:GO:0008152,go_parent
go:GO:0009987,go:GO:0008219,go_parent
go:GO:0009987,go:GO:0008283,go_parent
go:GO:0009987,go:GO:0016049,go_parent
go:GO:0009987,go:GO:0016192,go_parent
go:GO:0009987,go:GO:0022402,go_parent
go:GO:0009987,go:GO:0022412,go_parent
go:GO:0009987,go:GO:0030029,go_parent
go:GO:0009987,go:GO:0033059,go_parent
go:GO:0009987,go:GO:0045103,go_parent
go:GO:0009987,go:GO:0048489,go_parent
go:GO:0009987,go:GO:0048869,go_parent
go:GO:0009987,go:GO:0048870,go_parent
go:GO:0009987,go:GO:0051301,go_parent
go:GO:0009987,go:GO:0051641,go_parent
go:GO:0009987,go:GO:0051651,go_parent
go:GO:0009987,go:GO:0051716,go_parent
go:GO:0009987,go:GO:0055085,go_parent
go:GO:0009987,go:GO:0061919,go_parent
go:GO:0009987,go:GO:0071840,go_parent
go:GO:0009987,go:GO:0090398,go_parent
go:GO:0009987,go:GO:0097194,go_parent
go:GO:0009987,go:GO:0140029,go_parent
go:GO:0009987,go:GO:0140352,go_parent
go:GO:0009987,go:GO:0170062,go_parent
go:GO:0009987,go:GO:1990748,go_parent
go:GO:0010001,go:GO:0014037,go_parent
go:GO:0010001,go:GO:0021781,go_parent
go:GO:0010001,go:GO:0021782,go_parent
go:GO:0010001,go:GO:0048709,go_parent
go:GO:0010001,go:GO:0060019,go_parent
go:GO:0010002,go:GO:0060379,go_parent
go:GO:0010032,target:NCAPH2,annotates_target
go:GO:0010038,go:GO:0010039,go_parent
go:GO:0010038,go:GO:0010042,go_parent
go:GO:0010038,go:GO:0010044,go_parent
go:GO:0010038,go:GO:0010288,go_parent
go:GO:0010038,go:GO:0032025,go_parent
go:GO:0010038,go:GO:0032026,go_parent
go:GO:0010038,go:GO:0046686,go_parent
go:GO:0010038,go:GO:0046688,go_parent
go:GO:0010038,go:GO:0051592,go_parent
go:GO:0010038,go:GO:0071248,go_parent
go:GO:0010038,target:CASP3,annotates_target
go:GO:0010039,go:GO:0010040,go_parent
go:GO:0010040,target:BECN1,annotates_target
go:GO:0010040,target:SNCA,annotates_target
go:GO:0010042,go:GO:0071287,go_parent
go:GO:0010044,go:GO:0071275,go_parent
go:GO:0010092,go:GO:0003128,go_parent
go:GO:0010165,go:GO:0071481,go_parent
go:GO:0010165,target:CASP3,annotates_target
go:GO:0010165,target:XRCC4,annotates_target
go:GO:0010171,go:GO:0060323,go_parent
go:GO:0010182,go:GO:0009757,go_parent
go:GO:0010212,go:GO:0010165,go_parent
go:GO:0010212,go:GO:0010332,go_parent
go:GO:0010212,go:GO:0071479,go_parent
go:GO:0010212,target:ATM,annotates_target
go:GO:0010212,target:MTA1,annotates_target
go:GO:0010212,target:PAXIP1,annotates_target
go:GO:0010232,go:GO:0150104,go_parent
go:GO:0010248,target:ATP1B1,annotates_target
go:GO:0010255,target:USF2,annotates_target
go:GO:0010256,go:GO:0006998,go_parent
go:GO:0010256,go:GO:0007009,go_parent
go:GO:0010256,go:GO:0007029,go_parent
go:GO:0010256,go:GO:0007032,go_parent
go:GO:0010256,go:GO:0048499,go_parent
go:GO:0010257,go:GO:0032981,go_parent
go:GO:0010286,go:GO:0070370,go_parent
go:GO:0010288,target:BECN1,annotates_target
go:GO:0010310,go:GO:2000295,go_parent
go:GO:0010324,go:GO:0099024,go_parent
go:GO:0010332,go:GO:0071480,go_parent
go:GO:0010332,target:POLB,annotates_target
go:GO:0010389,go:GO:0010971,go_parent
go:GO:0010389,go:GO:0010972,go_parent
go:GO:0010453,go:GO:0010455,go_parent
go:GO:0010453,go:GO:0042659,go_parent
go:GO:0010453,go:GO:2000328,go_parent
go:GO:0010455,go:GO:2000330,go_parent
go:GO:0010460,target:PTPN1,annotates_target
go:GO:0010463,go:GO:0072135,go_parent
go:GO:0010464,go:GO:0002053,go_parent
go:GO:0010464,go:GO:0072201,go_parent
go:GO:0010467,go:GO:0001816,go_parent
go:GO:0010467,go:GO:0002440,go_parent
go:GO:0010467,go:GO:0006351,go_parent
go:GO:0010467,go:GO:0006396,go_parent
go:GO:0010467,go:GO:0051604,go_parent
go:GO:0010467,go:GO:0140053,go_parent
go:GO:0010467,go:GO:0160307,go_parent
go:GO:0010467,target:HDAC3,annotates_target
go:GO:0010467,target:SOX4,annotates_target
go:GO:0010467,target:STAT6,annotates_target
go:GO:0010468,go:GO:0001817,go_parent
go:GO:0010468,go:GO:0002331,go_parent
go:GO:0010468,go:GO:0002700,go_parent
go:GO:0010468,go:GO:0006355,go_parent
go:GO:0010468,go:GO:0010608,go_parent
go:GO:0010468,go:GO:0010628,go_parent
go:GO:0010468,go:GO:0010629,go_parent
go:GO:0010468,go:GO:0032922,go_parent
go:GO:0010468,go:GO:0040029,go_parent
go:GO:0010468,go:GO:0043484,go_parent
go:GO:0010468,go:GO:0060966,go_parent
go:GO:0010468,go:GO:0061013,go_parent
go:GO:0010468,go:GO:0062125,go_parent
go:GO:0010468,go:GO:0160217,go_parent
go:GO:0010468,go:GO:1903317,go_parent
go:GO:0010468,target:ACVR1B,annotates_target
go:GO:0010468,target:ADNP,annotates_target
go:GO:0010468,target:ATM,annotates_target
go:GO:0010468,target:ATP1B1,annotates_target
go:GO:0010468,target:DAXX,annotates_target
go:GO:0010468,target:KAT2A,annotates_target
go:GO:0010468,target:LRPPRC,annotates_target
go:GO:0010468,target:SOX2,annotates_target
go:GO:0010468,target:TET1,annotates_target
go:GO:0010468,target:TSKU,annotates_target
go:GO:0010498,go:GO:0036503,go_parent
go:GO:0010498,go:GO:0043161,go_parent
go:GO:0010506,go:GO:0010507,go_parent
go:GO:0010506,go:GO:0010508,go_parent
go:GO:0010506,go:GO:0016241,go_parent
go:GO:0010506,go:GO:1903146,go_parent
go:GO:0010506,go:GO:1904714,go_parent
go:GO:0010506,target:ATM,annotates_target
go:GO:0010506,target:BECN1,annotates_target
go:GO:0010506,target:EP300,annotates_target
go:GO:0010506,target:WAC,annotates_target
go:GO:0010507,go:GO:1904715,go_parent
go:GO:0010507,target:EP300,annotates_target
go:GO:0010508,go:GO:0016239,go_parent
go:GO:0010508,go:GO:1903599,go_parent
go:GO:0010508,target:BECN1,annotates_target
go:GO:0010508,target:GSK3B,annotates_target
go:GO:0010508,target:MAP3K7,annotates_target
go:GO:0010508,target:SH3BP4,annotates_target
go:GO:0010517,go:GO:0010518,go_parent
go:GO:0010518,target:FGFR1,annotates_target
go:GO:0010522,go:GO:0010523,go_parent
go:GO:0010523,target:TMBIM6,annotates_target
go:GO:0010526,go:GO:0141005,go_parent
go:GO:0010543,go:GO:0010544,go_parent
go:GO:0010544,target:APOE,annotates_target
go:GO:0010556,go:GO:0010468,go_parent
go:GO:0010556,go:GO:0010557,go_parent
go:GO:0010556,go:GO:0010558,go_parent
go:GO:0010556,go:GO:0010559,go_parent
go:GO:0010556,go:GO:0032885,go_parent
go:GO:0010556,go:GO:0045346,go_parent
go:GO:0010556,go:GO:2000278,go_parent
go:GO:0010556,go:GO:2001141,go_parent
go:GO:0010557,go:GO:0010560,go_parent
go:GO:0010557,go:GO:0010628,go_parent
go:GO:0010557,go:GO:0045348,go_parent
go:GO:0010557,go:GO:0045725,go_parent
go:GO:0010557,go:GO:1902680,go_parent
go:GO:0010557,go:GO:2000573,go_parent
go:GO:0010558,go:GO:0010629,go_parent
go:GO:0010558,go:GO:0045719,go_parent
go:GO:0010558,go:GO:1902679,go_parent
go:GO:0010559,go:GO:0010560,go_parent
go:GO:0010559,go:GO:1904098,go_parent
go:GO:0010560,go:GO:1902730,go_parent
go:GO:0010560,go:GO:1904100,go_parent
go:GO:0010562,go:GO:0045981,go_parent
go:GO:0010562,go:GO:0060732,go_parent
go:GO:0010564,go:GO:0007063,go_parent
go:GO:0010564,go:GO:0007088,go_parent
go:GO:0010564,go:GO:0010948,go_parent
go:GO:0010564,go:GO:0030997,go_parent
go:GO:0010564,go:GO:0032465,go_parent
go:GO:0010564,go:GO:0046602,go_parent
go:GO:0010564,go:GO:0046605,go_parent
go:GO:0010564,go:GO:0051983,go_parent
go:GO:0010564,go:GO:0051988,go_parent
go:GO:0010564,go:GO:0070316,go_parent
go:GO:0010564,go:GO:0090068,go_parent
go:GO:0010564,go:GO:0090224,go_parent
go:GO:0010564,go:GO:1901987,go_parent
go:GO:0010564,go:GO:1903379,go_parent
go:GO:0010565,go:GO:0019217,go_parent
go:GO:0010569,go:GO:1905168,go_parent
go:GO:0010569,go:GO:2000042,go_parent
go:GO:0010569,target:KDM1A,annotates_target
go:GO:0010574,go:GO:0010575,go_parent
go:GO:0010575,target:ATF4,annotates_target
go:GO:0010591,go:GO:0010592,go_parent
go:GO:0010591,target:TWF2,annotates_target
go:GO:0010592,target:ARPC2,annotates_target
go:GO:0010592,target:CYFIP1,annotates_target
go:GO:0010592,target:NCKAP1,annotates_target
go:GO:0010592,target:TWF2,annotates_target
go:GO:0010594,go:GO:0010595,go_parent
go:GO:0010594,go:GO:0010596,go_parent
go:GO:0010594,go:GO:0043535,go_parent
go:GO:0010594,go:GO:2001026,go_parent
go:GO:0010595,go:GO:0043536,go_parent
go:GO:0010595,go:GO:2001028,go_parent
go:GO:0010595,target:KDR,annotates_target
go:GO:0010596,go:GO:0043537,go_parent
go:GO:0010596,target:APOE,annotates_target
go:GO:0010604,go:GO:0001921,go_parent
go:GO:0010604,go:GO:0010557,go_parent
go:GO:0010604,go:GO:0051054,go_parent
go:GO:0010604,go:GO:0051247,go_parent
go:GO:0010604,go:GO:0051254,go_parent
go:GO:0010604,go:GO:0070875,go_parent
go:GO:0010604,go:GO:2000646,go_parent
go:GO:0010605,go:GO:0010558,go_parent
go:GO:0010605,go:GO:0051053,go_parent
go:GO:0010605,go:GO:0051248,go_parent
go:GO:0010605,go:GO:0051253,go_parent
go:GO:0010605,go:GO:0070874,go_parent
go:GO:0010608,go:GO:0006417,go_parent
go:GO:0010608,go:GO:0016441,go_parent
go:GO:0010608,go:GO:0043487,go_parent
go:GO:0010608,target:TARBP2,annotates_target
go:GO:0010611,go:GO:0010614,go_parent
go:GO:0010614,target:STUB1,annotates_target
go:GO:0010628,go:GO:0001819,go_parent
go:GO:0010628,go:GO:0002702,go_parent
go:GO:0010628,go:GO:0045727,go_parent
go:GO:0010628,go:GO:0141137,go_parent
go:GO:0010628,go:GO:1902373,go_parent
go:GO:0010628,go:GO:1903319,go_parent
go:GO:0010628,target:ATF4,annotates_target
go:GO:0010628,target:ATM,annotates_target
go:GO:0010628,target:DHX36,annotates_target
go:GO:0010628,target:DNMT1,annotates_target
go:GO:0010628,target:FUBP1,annotates_target
go:GO:0010628,target:GSK3B,annotates_target
go:GO:0010628,target:HMGB2,annotates_target
go:GO:0010628,target:IKBKG,annotates_target
go:GO:0010628,target:MED1,annotates_target
go:GO:0010628,target:MED23,annotates_target
go:GO:0010629,go:GO:0001818,go_parent
go:GO:0010629,go:GO:0002701,go_parent
go:GO:0010629,go:GO:0006402,go_parent
go:GO:0010629,go:GO:0010526,go_parent
go:GO:0010629,go:GO:0016441,go_parent
go:GO:0010629,go:GO:0017148,go_parent
go:GO:0010629,go:GO:0031047,go_parent
go:GO:0010629,go:GO:0033119,go_parent
go:GO:0010629,go:GO:0045814,go_parent
go:GO:0010629,go:GO:0061157,go_parent
go:GO:0010629,target:ADNP,annotates_target
go:GO:0010629,target:APOE,annotates_target
go:GO:0010629,target:CTNNB1,annotates_target
go:GO:0010629,target:DAXX,annotates_target
go:GO:0010629,target:DNMT1,annotates_target
go:GO:0010629,target:GSK3B,annotates_target
go:GO:0010629,target:HMGB2,annotates_target
go:GO:0010629,target:KDR,annotates_target
go:GO:0010629,target:MAP3K7,annotates_target
go:GO:0010629,target:SETDB1,annotates_target
go:GO:0010632,go:GO:0010634,go_parent
go:GO:0010632,target:SRC,annotates_target
go:GO:0010634,target:SRC,annotates_target
go:GO:0010638,go:GO:0031340,go_parent
go:GO:0010638,go:GO:0044090,go_parent
go:GO:0010638,go:GO:0051495,go_parent
go:GO:0010638,go:GO:0090141,go_parent
go:GO:0010638,go:GO:1901030,go_parent
go:GO:0010638,go:GO:1901860,go_parent
go:GO:0010638,go:GO:1902117,go_parent
go:GO:0010638,go:GO:2001252,go_parent
go:GO:0010639,go:GO:0051494,go_parent
go:GO:0010639,go:GO:0051784,go_parent
go:GO:0010639,go:GO:1902116,go_parent
go:GO:0010639,go:GO:1905672,go_parent
go:GO:0010639,go:GO:2001251,go_parent
go:GO:0010640,go:GO:0010642,go_parent
go:GO:0010640,go:GO:2000583,go_parent
go:GO:0010642,go:GO:2000584,go_parent
go:GO:0010642,target:APOE,annotates_target
go:GO:0010642,target:SNCA,annotates_target
go:GO:0010644,go:GO:0086064,go_parent
go:GO:0010646,go:GO:0009966,go_parent
go:GO:0010646,go:GO:0010647,go_parent
go:GO:0010646,go:GO:0010648,go_parent
go:GO:0010646,go:GO:0010649,go_parent
go:GO:0010646,go:GO:0046883,go_parent
go:GO:0010646,go:GO:0099177,go_parent
go:GO:0010647,go:GO:0009967,go_parent
go:GO:0010647,go:GO:0046887,go_parent
go:GO:0010647,go:GO:0050806,go_parent
go:GO:0010648,go:GO:0009968,go_parent
go:GO:0010648,go:GO:0050805,go_parent
go:GO:0010649,go:GO:1901844,go_parent
go:GO:0010656,go:GO:0034392,go_parent
go:GO:0010660,go:GO:0010656,go_parent
go:GO:0010660,go:GO:0010661,go_parent
go:GO:0010660,go:GO:0010662,go_parent
go:GO:0010660,go:GO:0034391,go_parent
go:GO:0010661,go:GO:0010663,go_parent
go:GO:0010661,go:GO:0034393,go_parent
go:GO:0010662,go:GO:0010663,go_parent
go:GO:0010662,go:GO:0010665,go_parent
go:GO:0010663,go:GO:0010666,go_parent
go:GO:0010665,go:GO:0010666,go_parent
go:GO:0010666,target:PTPN1,annotates_target
go:GO:0010669,go:GO:0030277,go_parent
go:GO:0010717,go:GO:0010718,go_parent
go:GO:0010717,go:GO:0010719,go_parent
go:GO:0010717,go:GO:0062042,go_parent
go:GO:0010717,target:CTNNB1,annotates_target
go:GO:0010718,go:GO:0062043,go_parent
go:GO:0010718,target:CTNNB1,annotates_target
go:GO:0010718,target:KDM1A,annotates_target
go:GO:0010718,target:TCF7L2,annotates_target
go:GO:0010718,target:TGFBR2,annotates_target
go:GO:0010719,target:GSK3B,annotates_target
go:GO:0010720,go:GO:0010770,go_parent
go:GO:0010720,go:GO:0050769,go_parent
go:GO:0010720,go:GO:1903708,go_parent
go:GO:0010721,go:GO:0050768,go_parent
go:GO:0010721,go:GO:2000077,go_parent
go:GO:0010725,target:KDM1A,annotates_target
go:GO:0010743,go:GO:0010745,go_parent
go:GO:0010745,target:ITGAV,annotates_target
go:GO:0010746,go:GO:0010748,go_parent
go:GO:0010748,target:AKT2,annotates_target
go:GO:0010765,go:GO:1902307,go_parent
go:GO:0010770,go:GO:0050775,go_parent
go:GO:0010803,target:MAPKAPK2,annotates_target
go:GO:0010807,go:GO:0010808,go_parent
go:GO:0010807,target:STXBP1,annotates_target
go:GO:0010808,target:STXBP1,annotates_target
go:GO:0010810,go:GO:0001952,go_parent
go:GO:0010810,go:GO:0010811,go_parent
go:GO:0010810,go:GO:0010812,go_parent
go:GO:0010810,go:GO:1900024,go_parent
go:GO:0010811,go:GO:0001954,go_parent
go:GO:0010811,go:GO:1900026,go_parent
go:GO:0010812,go:GO:0001953,go_parent
go:GO:0010812,target:PTPN1,annotates_target
go:GO:0010815,target:IDE,annotates_target
go:GO:0010817,go:GO:0002002,go_parent
go:GO:0010817,go:GO:0032350,go_parent
go:GO:0010817,go:GO:0042445,go_parent
go:GO:0010817,go:GO:0046883,go_parent
go:GO:0010818,target:CXCL12,annotates_target
go:GO:0010821,go:GO:0090140,go_parent
go:GO:0010821,go:GO:1901028,go_parent
go:GO:0010821,go:GO:1901860,go_parent
go:GO:0010821,target:EP300,annotates_target
go:GO:0010824,go:GO:0010826,go_parent
go:GO:0010824,go:GO:0046599,go_parent
go:GO:0010824,target:CHMP3,annotates_target
go:GO:0010826,go:GO:0046600,go_parent
go:GO:0010827,go:GO:0010828,go_parent
go:GO:0010827,go:GO:0010829,go_parent
go:GO:0010827,go:GO:0046324,go_parent
go:GO:0010828,go:GO:0046326,go_parent
go:GO:0010829,go:GO:0046325,go_parent
go:GO:0010837,go:GO:0010839,go_parent
go:GO:0010839,target:MED1,annotates_target
go:GO:0010874,go:GO:0010875,go_parent
go:GO:0010874,go:GO:0090370,go_parent
go:GO:0010875,target:APOE,annotates_target
go:GO:0010876,go:GO:0006869,go_parent
go:GO:0010877,target:APOE,annotates_target
go:GO:0010880,go:GO:0010881,go_parent
go:GO:0010880,target:CALM3,annotates_target
go:GO:0010881,target:CALM3,annotates_target
go:GO:0010882,go:GO:0010881,go_parent
go:GO:0010882,target:ATP1B1,annotates_target
go:GO:0010883,go:GO:0010888,go_parent
go:GO:0010888,target:ITGAV,annotates_target
go:GO:0010894,go:GO:0106119,go_parent
go:GO:0010906,go:GO:0006111,go_parent
go:GO:0010906,go:GO:0010907,go_parent
go:GO:0010907,go:GO:0070875,go_parent
go:GO:0010907,target:AKT2,annotates_target
go:GO:0010908,go:GO:0010909,go_parent
go:GO:0010909,target:CTNNB1,annotates_target
go:GO:0010909,target:TCF7L2,annotates_target
go:GO:0010918,target:NDUFC2,annotates_target
go:GO:0010919,go:GO:0060732,go_parent
go:GO:0010927,go:GO:0030239,go_parent
go:GO:0010948,go:GO:0045839,go_parent
go:GO:0010948,go:GO:0046606,go_parent
go:GO:0010948,go:GO:0051985,go_parent
go:GO:0010948,go:GO:1901988,go_parent
go:GO:0010948,go:GO:1903126,go_parent
go:GO:0010948,go:GO:1905213,go_parent
go:GO:0010954,target:GSK3B,annotates_target
go:GO:0010959,go:GO:0002028,go_parent
go:GO:0010959,go:GO:0043266,go_parent
go:GO:0010959,go:GO:0051924,go_parent
go:GO:0010962,go:GO:0005979,go_parent
go:GO:0010965,go:GO:2000816,go_parent
go:GO:0010970,go:GO:0008088,go_parent
go:GO:0010970,go:GO:0072384,go_parent
go:GO:0010970,target:KIF1B,annotates_target
go:GO:0010971,target:CDC25B,annotates_target
go:GO:0010971,target:RRM1,annotates_target
go:GO:0010972,go:GO:0044818,go_parent
go:GO:0010975,go:GO:0010976,go_parent
go:GO:0010975,go:GO:0010977,go_parent
go:GO:0010975,go:GO:0050770,go_parent
go:GO:0010975,go:GO:0050773,go_parent
go:GO:0010975,go:GO:0061001,go_parent
go:GO:0010975,go:GO:0070570,go_parent
go:GO:0010975,target:GSK3B,annotates_target
go:GO:0010976,go:GO:0061003,go_parent
go:GO:0010976,target:ADNP,annotates_target
go:GO:0010976,target:APOE,annotates_target
go:GO:0010976,target:EP300,annotates_target
go:GO:0010976,target:TWF2,annotates_target
go:GO:0010977,go:GO:0050771,go_parent
go:GO:0010977,go:GO:0070571,go_parent
go:GO:0010977,target:APOE,annotates_target
go:GO:0010977,target:PTPN1,annotates_target
go:GO:0010977,target:TSKU,annotates_target
go:GO:0010984,go:GO:0010985,go_parent
go:GO:0010984,go:GO:0010988,go_parent
go:GO:0010985,go:GO:0010989,go_parent
go:GO:0010988,go:GO:0010989,go_parent
go:GO:0010989,target:CSK,annotates_target
go:GO:0010989,target:ITGAV,annotates_target
go:GO:0010992,target:IDE,annotates_target
go:GO:0012501,go:GO:0006915,go_parent
go:GO:0012501,go:GO:0097300,go_parent
go:GO:0012501,go:GO:0140507,go_parent
go:GO:0012501,target:IRF3,annotates_target
go:GO:0014009,target:SOX4,annotates_target
go:GO:0014012,target:MAP1B,annotates_target
go:GO:0014020,go:GO:0001843,go_parent
go:GO:0014037,go:GO:0014044,go_parent
go:GO:0014044,target:RAF1,annotates_target
go:GO:0014048,go:GO:0014049,go_parent
go:GO:0014048,go:GO:1903294,go_parent
go:GO:0014049,go:GO:1903296,go_parent
go:GO:0014059,go:GO:0033603,go_parent
go:GO:0014059,target:SNCA,annotates_target
go:GO:0014074,go:GO:0033198,go_parent
go:GO:0014074,go:GO:0051591,go_parent
go:GO:0014075,go:GO:0001975,go_parent
go:GO:0014706,go:GO:0007519,go_parent
go:GO:0014706,go:GO:0048738,go_parent
go:GO:0014741,go:GO:0010614,go_parent
go:GO:0014743,go:GO:0010611,go_parent
go:GO:0014743,go:GO:0014741,go_parent
go:GO:0014823,target:OXCT1,annotates_target
go:GO:0014902,go:GO:0014904,go_parent
go:GO:0014902,go:GO:0098528,go_parent
go:GO:0014904,go:GO:0048741,go_parent
go:GO:0014910,go:GO:0014911,go_parent
go:GO:0014910,go:GO:0014912,go_parent
go:GO:0014910,go:GO:1904752,go_parent
go:GO:0014911,go:GO:1904754,go_parent
go:GO:0014912,go:GO:1904753,go_parent
go:GO:0015012,target:UGDH,annotates_target
go:GO:0015031,go:GO:0006886,go_parent
go:GO:0015031,go:GO:0017038,go_parent
go:GO:0015031,go:GO:0030970,go_parent
go:GO:0015031,go:GO:0043001,go_parent
go:GO:0015031,go:GO:0071806,go_parent
go:GO:0015031,target:CHMP3,annotates_target
go:GO:0015031,target:HSP90B1,annotates_target
go:GO:0015031,target:SEC62,annotates_target
go:GO:0015074,target:SMARCB1,annotates_target
go:GO:0015693,go:GO:1903830,go_parent
go:GO:0015693,target:TUSC3,annotates_target
go:GO:0015698,go:GO:0006817,go_parent
go:GO:0015698,go:GO:0015705,go_parent
go:GO:0015701,target:SLC39A6,annotates_target
go:GO:0015705,go:GO:1904200,go_parent
go:GO:0015718,go:GO:0006848,go_parent
go:GO:0015718,go:GO:0015878,go_parent
go:GO:0015718,go:GO:0015887,go_parent
go:GO:0015718,go:GO:0015908,go_parent
go:GO:0015748,go:GO:0015914,go_parent
go:GO:0015833,go:GO:0006857,go_parent
go:GO:0015849,go:GO:0046942,go_parent
go:GO:0015850,go:GO:0015918,go_parent
go:GO:0015850,go:GO:0090493,go_parent
go:GO:0015878,go:GO:1905135,go_parent
go:GO:0015878,target:SLC5A6,annotates_target
go:GO:0015887,target:SLC5A6,annotates_target
go:GO:0015908,go:GO:0015909,go_parent
go:GO:0015909,target:APOE,annotates_target
go:GO:0015914,go:GO:0033700,go_parent
go:GO:0015918,go:GO:0030301,go_parent
go:GO:0015931,go:GO:0050657,go_parent
go:GO:0015936,go:GO:0015937,go_parent
go:GO:0015936,target:ACLY,annotates_target
go:GO:0015936,target:HMGCR,annotates_target
go:GO:0015937,target:COASY,annotates_target
go:GO:0015980,go:GO:0006112,go_parent
go:GO:0015980,go:GO:0045333,go_parent
go:GO:0015986,go:GO:0042776,go_parent
go:GO:0015986,target:ATP6V0C,annotates_target
go:GO:0016032,go:GO:0019058,go_parent
go:GO:0016032,go:GO:0019068,go_parent
go:GO:0016032,go:GO:0019076,go_parent
go:GO:0016032,go:GO:0019079,go_parent
go:GO:0016032,go:GO:0019080,go_parent
go:GO:0016032,go:GO:0019082,go_parent
go:GO:0016032,go:GO:0019083,go_parent
go:GO:0016032,go:GO:0046755,go_parent
go:GO:0016042,go:GO:0009062,go_parent
go:GO:0016042,go:GO:1901569,go_parent
go:GO:0016042,target:PLCB3,annotates_target
go:GO:0016043,go:GO:0006325,go_parent
go:GO:0016043,go:GO:0006996,go_parent
go:GO:0016043,go:GO:0010256,go_parent
go:GO:0016043,go:GO:0022411,go_parent
go:GO:0016043,go:GO:0022607,go_parent
go:GO:0016043,go:GO:0030030,go_parent
go:GO:0016043,go:GO:0031023,go_parent
go:GO:0016043,go:GO:0032535,go_parent
go:GO:0016043,go:GO:0032989,go_parent
go:GO:0016043,go:GO:0034330,go_parent
go:GO:0016043,go:GO:0043062,go_parent
go:GO:0016043,go:GO:0043933,go_parent
go:GO:0016043,go:GO:0043954,go_parent
go:GO:0016043,go:GO:0044396,go_parent
go:GO:0016043,go:GO:0045229,go_parent
go:GO:0016043,go:GO:0061024,go_parent
go:GO:0016043,go:GO:0097435,go_parent
go:GO:0016043,go:GO:0099173,go_parent
go:GO:0016043,go:GO:1990709,go_parent
go:GO:0016048,go:GO:0050961,go_parent
go:GO:0016049,go:GO:0048588,go_parent
go:GO:0016050,go:GO:0006900,go_parent
go:GO:0016050,go:GO:0006901,go_parent
go:GO:0016050,go:GO:0006906,go_parent
go:GO:0016050,go:GO:0007032,go_parent
go:GO:0016050,go:GO:0016188,go_parent
go:GO:0016050,go:GO:0048753,go_parent
go:GO:0016051,go:GO:0000271,go_parent
go:GO:0016051,go:GO:0046364,go_parent
go:GO:0016052,go:GO:0006096,go_parent
go:GO:0016052,go:GO:0046365,go_parent
go:GO:0016055,go:GO:0035567,go_parent
go:GO:0016055,go:GO:0060070,go_parent
go:GO:0016055,target:GSK3B,annotates_target
go:GO:0016055,target:TCF7L2,annotates_target
go:GO:0016070,go:GO:0000959,go_parent
go:GO:0016070,go:GO:0006399,go_parent
go:GO:0016070,go:GO:0006401,go_parent
go:GO:0016070,go:GO:0009451,go_parent
go:GO:0016070,go:GO:0016071,go_parent
go:GO:0016070,go:GO:0016072,go_parent
go:GO:0016070,go:GO:0032774,go_parent
go:GO:0016071,go:GO:0006397,go_parent
go:GO:0016071,go:GO:0006402,go_parent
go:GO:0016071,go:GO:0008334,go_parent
go:GO:0016071,go:GO:0009299,go_parent
go:GO:0016071,go:GO:0016556,go_parent
go:GO:0016072,go:GO:0006364,go_parent
go:GO:0016078,target:ELAC2,annotates_target
go:GO:0016079,go:GO:0016082,go_parent
go:GO:0016079,go:GO:0048791,go_parent
go:GO:0016079,target:SNCA,annotates_target
go:GO:0016082,target:SNCA,annotates_target
go:GO:0016082,target:SV2A,annotates_target
go:GO:0016101,go:GO:0001523,go_parent
go:GO:0016114,go:GO:0033384,go_parent
go:GO:0016114,go:GO:0033386,go_parent
go:GO:0016114,go:GO:0045337,go_parent
go:GO:0016125,go:GO:0008203,go_parent
go:GO:0016125,go:GO:0016126,go_parent
go:GO:0016125,go:GO:0036196,go_parent
go:GO:0016126,go:GO:0006695,go_parent
go:GO:0016126,go:GO:0036197,go_parent
go:GO:0016126,target:HMGCR,annotates_target
go:GO:0016126,target:LBR,annotates_target
go:GO:0016188,go:GO:0097401,go_parent
go:GO:0016188,target:STXBP1,annotates_target
go:GO:0016192,go:GO:0006887,go_parent
go:GO:0016192,go:GO:0006898,go_parent
go:GO:0016192,go:GO:0006900,go_parent
go:GO:0016192,go:GO:0006906,go_parent
go:GO:0016192,go:GO:0008333,go_parent
go:GO:0016192,go:GO:0016197,go_parent
go:GO:0016192,go:GO:0045056,go_parent
go:GO:0016192,go:GO:0045324,go_parent
go:GO:0016192,go:GO:0048193,go_parent
go:GO:0016192,go:GO:0071985,go_parent
go:GO:0016192,go:GO:0098876,go_parent
go:GO:0016192,go:GO:0099003,go_parent
go:GO:0016192,target:KIF1B,annotates_target
go:GO:0016192,target:STX4,annotates_target
go:GO:0016192,target:STXBP1,annotates_target
go:GO:0016197,go:GO:0032509,go_parent
go:GO:0016197,go:GO:0098927,go_parent
go:GO:0016202,go:GO:0045844,go_parent
go:GO:0016202,go:GO:0048641,go_parent
go:GO:0016236,go:GO:0000423,go_parent
go:GO:0016236,go:GO:0000425,go_parent
go:GO:0016236,go:GO:0061709,go_parent
go:GO:0016236,go:GO:0097352,go_parent
go:GO:0016236,go:GO:1905037,go_parent
go:GO:0016236,target:BECN1,annotates_target
go:GO:0016236,target:CHMP3,annotates_target
go:GO:0016236,target:SRC,annotates_target
go:GO:0016236,target:STX4,annotates_target
go:GO:0016239,go:GO:1901526,go_parent
go:GO:0016239,go:GO:2000786,go_parent
go:GO:0016239,target:IKBKG,annotates_target
go:GO:0016239,target:KDR,annotates_target
go:GO:0016239,target:MAP3K7,annotates_target
go:GO:0016239,target:WAC,annotates_target
go:GO:0016241,go:GO:0016239,go_parent
go:GO:0016241,go:GO:1901524,go_parent
go:GO:0016241,target:ATP6V0B,annotates_target
go:GO:0016241,target:ATP6V0C,annotates_target
go:GO:0016241,target:BECN1,annotates_target
go:GO:0016241,target:CASP3,annotates_target
go:GO:0016310,go:GO:0006468,go_parent
go:GO:0016311,go:GO:0006470,go_parent
go:GO:0016331,go:GO:0001838,go_parent
go:GO:0016338,target:CLDN6,annotates_target
go:GO:0016338,target:CLDN7,annotates_target
go:GO:0016358,target:MAP1B,annotates_target
go:GO:0016441,go:GO:0035194,go_parent
go:GO:0016444,go:GO:0002562,go_parent
go:GO:0016445,go:GO:0016447,go_parent
go:GO:0016447,go:GO:0033152,go_parent
go:GO:0016477,go:GO:0001764,go_parent
go:GO:0016477,go:GO:0021885,go_parent
go:GO:0016477,go:GO:0043542,go_parent
go:GO:0016477,go:GO:0044319,go_parent
go:GO:0016477,go:GO:0050900,go_parent
go:GO:0016477,go:GO:0060326,go_parent
go:GO:0016477,target:FGFR1,annotates_target
go:GO:0016477,target:ITGAV,annotates_target
go:GO:0016477,target:KDR,annotates_target
go:GO:0016477,target:NCK2,annotates_target
go:GO:0016477,target:NCKAP1,annotates_target
go:GO:0016479,target:SMARCA5,annotates_target
go:GO:0016482,go:GO:0090160,go_parent
go:GO:0016482,go:GO:1901950,go_parent
go:GO:0016485,go:GO:0140448,go_parent
go:GO:0016485,target:CASP2,annotates_target
go:GO:0016485,target:CASP3,annotates_target
go:GO:0016485,target:MBTPS1,annotates_target
go:GO:0016486,go:GO:0002003,go_parent
go:GO:0016525,target:CTNNB1,annotates_target
go:GO:0016525,target:STAT1,annotates_target
go:GO:0016556,target:METTL14,annotates_target
go:GO:0016556,target:METTL3,annotates_target
go:GO:0016567,go:GO:0000209,go_parent
go:GO:0016567,go:GO:0006513,go_parent
go:GO:0016567,go:GO:0051865,go_parent
go:GO:0016567,target:DZIP3,annotates_target
go:GO:0016567,target:KLHDC2,annotates_target
go:GO:0016567,target:LZTR1,annotates_target
go:GO:0016567,target:MED1,annotates_target
go:GO:0016567,target:MED12,annotates_target
go:GO:0016567,target:NFX1,annotates_target
go:GO:0016567,target:RNF2,annotates_target
go:GO:0016567,target:RNF20,annotates_target
go:GO:0016567,target:RNF40,annotates_target
go:GO:0016567,target:SHPRH,annotates_target
go:GO:0016567,target:STUB1,annotates_target
go:GO:0016567,target:UBE3C,annotates_target
go:GO:0016567,target:WSB2,annotates_target
go:GO:0016567,target:ZNF598,annotates_target
go:GO:0016579,target:USP22,annotates_target
go:GO:0016601,target:CYFIP1,annotates_target
go:GO:0016601,target:NCKAP1,annotates_target
go:GO:0016601,target:NISCH,annotates_target
go:GO:0016925,target:PIAS1,annotates_target
go:GO:0017015,go:GO:0030511,go_parent
go:GO:0017015,go:GO:0030512,go_parent
go:GO:0017015,target:NREP,annotates_target
go:GO:0017038,target:APOE,annotates_target
go:GO:0017085,target:MAP1B,annotates_target
go:GO:0017148,go:GO:0045947,go_parent
go:GO:0017148,target:CYFIP1,annotates_target
go:GO:0017148,target:DHX36,annotates_target
go:GO:0017156,go:GO:0048791,go_parent
go:GO:0017156,go:GO:1990504,go_parent
go:GO:0017157,go:GO:0045920,go_parent
go:GO:0017157,go:GO:0045921,go_parent
go:GO:0017157,go:GO:1903305,go_parent
go:GO:0017157,go:GO:1903541,go_parent
go:GO:0017157,target:STX4,annotates_target
go:GO:0017158,go:GO:2000367,go_parent
go:GO:0017183,target:DPH2,annotates_target
go:GO:0018022,go:GO:0018026,go_parent
go:GO:0018022,go:GO:0018027,go_parent
go:GO:0018026,target:EHMT1,annotates_target
go:GO:0018027,target:EHMT1,annotates_target
go:GO:0018027,target:EHMT2,annotates_target
go:GO:0018105,go:GO:0036289,go_parent
go:GO:0018105,target:GSK3B,annotates_target
go:GO:0018107,target:ACVR1B,annotates_target
go:GO:0018108,go:GO:0038083,go_parent
go:GO:0018108,target:FGFR1,annotates_target
go:GO:0018108,target:KDR,annotates_target
go:GO:0018108,target:SRC,annotates_target
go:GO:0018205,go:GO:0016925,go_parent
go:GO:0018205,go:GO:0018022,go_parent
go:GO:0018205,go:GO:0018394,go_parent
go:GO:0018393,target:EP300,annotates_target
go:GO:0018393,target:KAT2A,annotates_target
go:GO:0018394,go:GO:0018393,go_parent
go:GO:0018958,go:GO:0009712,go_parent
go:GO:0018958,go:GO:0046189,go_parent
go:GO:0019058,go:GO:0019068,go_parent
go:GO:0019058,go:GO:0019076,go_parent
go:GO:0019058,go:GO:0019079,go_parent
go:GO:0019058,go:GO:0046718,go_parent
go:GO:0019068,go:GO:0046755,go_parent
go:GO:0019068,target:APOE,annotates_target
go:GO:0019076,go:GO:0046753,go_parent
go:GO:0019076,target:CHMP3,annotates_target
go:GO:0019079,go:GO:0039694,go_parent
go:GO:0019079,target:CTBP2,annotates_target
go:GO:0019080,go:GO:0019082,go_parent
go:GO:0019080,go:GO:0019083,go_parent
go:GO:0019082,target:GSK3B,annotates_target
go:GO:0019083,go:GO:0019086,go_parent
go:GO:0019083,go:GO:0039695,go_parent
go:GO:0019086,target:USF2,annotates_target
go:GO:0019216,go:GO:0019217,go_parent
go:GO:0019216,go:GO:0019218,go_parent
go:GO:0019216,go:GO:0045833,go_parent
go:GO:0019216,go:GO:0045834,go_parent
go:GO:0019216,go:GO:0046890,go_parent
go:GO:0019216,go:GO:0050994,go_parent
go:GO:0019217,go:GO:0045923,go_parent
go:GO:0019217,go:GO:0046320,go_parent
go:GO:0019218,go:GO:0031943,go_parent
go:GO:0019218,go:GO:0045939,go_parent
go:GO:0019218,go:GO:0045940,go_parent
go:GO:0019218,go:GO:0050810,go_parent
go:GO:0019218,go:GO:0090181,go_parent
go:GO:0019219,go:GO:0006140,go_parent
go:GO:0019219,go:GO:0045934,go_parent
go:GO:0019219,go:GO:0051052,go_parent
go:GO:0019219,go:GO:0051252,go_parent
go:GO:0019221,go:GO:0033209,go_parent
go:GO:0019221,go:GO:0035771,go_parent
go:GO:0019221,go:GO:0038111,go_parent
go:GO:0019221,go:GO:0038113,go_parent
go:GO:0019221,go:GO:0038158,go_parent
go:GO:0019221,go:GO:0038172,go_parent
go:GO:0019221,go:GO:0038173,go_parent
go:GO:0019221,go:GO:0070098,go_parent
go:GO:0019221,go:GO:0070102,go_parent
go:GO:0019221,go:GO:0070106,go_parent
go:GO:0019221,go:GO:0070498,go_parent
go:GO:0019221,go:GO:0140888,go_parent
go:GO:0019221,target:STAT6,annotates_target
go:GO:0019222,go:GO:0009889,go_parent
go:GO:0019222,go:GO:0009892,go_parent
go:GO:0019222,go:GO:0009893,go_parent
go:GO:0019222,go:GO:0009894,go_parent
go:GO:0019222,go:GO:0010565,go_parent
go:GO:0019222,go:GO:0032350,go_parent
go:GO:0019222,go:GO:0033238,go_parent
go:GO:0019222,go:GO:0035303,go_parent
go:GO:0019222,go:GO:0042325,go_parent
go:GO:0019222,go:GO:0043455,go_parent
go:GO:0019222,go:GO:0043467,go_parent
go:GO:0019222,go:GO:0051174,go_parent
go:GO:0019222,go:GO:0060255,go_parent
go:GO:0019222,go:GO:0062012,go_parent
go:GO:0019222,go:GO:0080090,go_parent
go:GO:0019222,go:GO:0080164,go_parent
go:GO:0019222,go:GO:2000377,go_parent
go:GO:0019229,go:GO:0003056,go_parent
go:GO:0019229,go:GO:0045906,go_parent
go:GO:0019233,go:GO:0050965,go_parent
go:GO:0019233,go:GO:0050966,go_parent
go:GO:0019287,target:HMGCR,annotates_target
go:GO:0019287,target:HMGCS1,annotates_target
go:GO:0019318,go:GO:0006006,go_parent
go:GO:0019318,go:GO:0019319,go_parent
go:GO:0019318,go:GO:0019320,go_parent
go:GO:0019319,go:GO:0006094,go_parent
go:GO:0019320,go:GO:0006007,go_parent
go:GO:0019364,go:GO:0006096,go_parent
go:GO:0019369,target:EPHX1,annotates_target
go:GO:0019477,target:AASS,annotates_target
go:GO:0019538,go:GO:0006412,go_parent
go:GO:0019538,go:GO:0006508,go_parent
go:GO:0019538,go:GO:0009100,go_parent
go:GO:0019538,go:GO:0030163,go_parent
go:GO:0019538,go:GO:0036211,go_parent
go:GO:0019538,go:GO:0042157,go_parent
go:GO:0019538,go:GO:0042982,go_parent
go:GO:0019538,go:GO:0051604,go_parent
go:GO:0019538,go:GO:0160307,go_parent
go:GO:0019538,go:GO:1901142,go_parent
go:GO:0019538,go:GO:1990000,go_parent
go:GO:0019626,target:PCCB,annotates_target
go:GO:0019637,go:GO:0006644,go_parent
go:GO:0019637,go:GO:0006753,go_parent
go:GO:0019637,go:GO:0019693,go_parent
go:GO:0019637,go:GO:0046434,go_parent
go:GO:0019637,go:GO:0090407,go_parent
go:GO:0019646,go:GO:0006120,go_parent
go:GO:0019646,go:GO:0006122,go_parent
go:GO:0019646,go:GO:0006123,go_parent
go:GO:0019693,go:GO:0009259,go_parent
go:GO:0019693,go:GO:0046390,go_parent
go:GO:0019722,go:GO:0010882,go_parent
go:GO:0019722,go:GO:0097720,go_parent
go:GO:0019725,go:GO:0010992,go_parent
go:GO:0019725,go:GO:0045454,go_parent
go:GO:0019725,go:GO:0055082,go_parent
go:GO:0019725,go:GO:0070050,go_parent
go:GO:0019730,go:GO:0061844,go_parent
go:GO:0019752,go:GO:0006690,go_parent
go:GO:0019752,go:GO:0009072,go_parent
go:GO:0019752,go:GO:0009081,go_parent
go:GO:0019752,go:GO:0032787,go_parent
go:GO:0019752,go:GO:0043648,go_parent
go:GO:0019752,go:GO:0046394,go_parent
go:GO:0019752,go:GO:0046395,go_parent
go:GO:0019752,go:GO:0046398,go_parent
go:GO:0019752,go:GO:0072350,go_parent
go:GO:0019752,go:GO:0170039,go_parent
go:GO:0019827,go:GO:0035019,go_parent
go:GO:0019827,go:GO:0097150,go_parent
go:GO:0019827,target:CTNNB1,annotates_target
go:GO:0019827,target:METTL14,annotates_target
go:GO:0019827,target:METTL3,annotates_target
go:GO:0019827,target:TET1,annotates_target
go:GO:0019882,go:GO:0002504,go_parent
go:GO:0019882,go:GO:0019883,go_parent
go:GO:0019882,go:GO:0019884,go_parent
go:GO:0019882,go:GO:0048002,go_parent
go:GO:0019882,target:RAB3B,annotates_target
go:GO:0019883,go:GO:0002483,go_parent
go:GO:0019884,go:GO:0002478,go_parent
go:GO:0019885,target:IDE,annotates_target
go:GO:0019886,target:CTSV,annotates_target
go:GO:0019896,target:HSBP1,annotates_target
go:GO:0019915,go:GO:0010877,go_parent
go:GO:0019941,go:GO:0006511,go_parent
go:GO:0019953,go:GO:0007276,go_parent
go:GO:0019953,go:GO:0051321,go_parent
go:GO:0021510,target:SOX4,annotates_target
go:GO:0021532,go:GO:0021903,go_parent
go:GO:0021536,go:GO:0021539,go_parent
go:GO:0021536,go:GO:0021794,go_parent
go:GO:0021536,go:GO:0021854,go_parent
go:GO:0021536,go:GO:0021983,go_parent
go:GO:0021537,go:GO:0021543,go_parent
go:GO:0021537,go:GO:0021670,go_parent
go:GO:0021537,go:GO:0021960,go_parent
go:GO:0021537,go:GO:0022029,go_parent
go:GO:0021539,target:UQCRQ,annotates_target
go:GO:0021543,go:GO:0021766,go_parent
go:GO:0021543,go:GO:0021987,go_parent
go:GO:0021545,go:GO:0061550,go_parent
go:GO:0021548,target:UQCRQ,annotates_target
go:GO:0021549,go:GO:0021695,go_parent
go:GO:0021555,target:KDM2B,annotates_target
go:GO:0021591,go:GO:0021592,go_parent
go:GO:0021591,go:GO:0021670,go_parent
go:GO:0021591,go:GO:0021678,go_parent
go:GO:0021592,target:KDM2B,annotates_target
go:GO:0021670,target:KDM2B,annotates_target
go:GO:0021675,go:GO:0021545,go_parent
go:GO:0021678,target:KDM2B,annotates_target
go:GO:0021680,target:UQCRQ,annotates_target
go:GO:0021695,go:GO:0021680,go_parent
go:GO:0021700,go:GO:0016188,go_parent
go:GO:0021700,go:GO:0071695,go_parent
go:GO:0021700,target:MAP1B,annotates_target
go:GO:0021761,go:GO:0021766,go_parent
go:GO:0021761,go:GO:0021854,go_parent
go:GO:0021762,target:CALM3,annotates_target
go:GO:0021766,target:CASP3,annotates_target
go:GO:0021766,target:GSK3B,annotates_target
go:GO:0021766,target:TSKU,annotates_target
go:GO:0021766,target:UQCRQ,annotates_target
go:GO:0021781,target:SOX2,annotates_target
go:GO:0021782,go:GO:0014044,go_parent
go:GO:0021782,target:SOX4,annotates_target
go:GO:0021794,target:UQCRQ,annotates_target
go:GO:0021854,target:CTNNB1,annotates_target
go:GO:0021854,target:UQCRQ,annotates_target
go:GO:0021859,go:GO:0021860,go_parent
go:GO:0021860,target:UQCRQ,annotates_target
go:GO:0021861,target:METTL14,annotates_target
go:GO:0021861,target:METTL3,annotates_target
go:GO:0021872,go:GO:0021861,go_parent
go:GO:0021872,go:GO:0021879,go_parent
go:GO:0021879,go:GO:0021884,go_parent
go:GO:0021884,go:GO:0021860,go_parent
go:GO:0021885,go:GO:0022029,go_parent
go:GO:0021903,go:GO:0030917,go_parent
go:GO:0021915,go:GO:0001841,go_parent
go:GO:0021915,go:GO:0021532,go_parent
go:GO:0021952,go:GO:0021960,go_parent
go:GO:0021953,go:GO:0021859,go_parent
go:GO:0021953,go:GO:0021879,go_parent
go:GO:0021953,go:GO:0021954,go_parent
go:GO:0021953,go:GO:1904948,go_parent
go:GO:0021954,go:GO:0021884,go_parent
go:GO:0021954,go:GO:0021955,go_parent
go:GO:0021955,go:GO:0021952,go_parent
go:GO:0021960,target:TSKU,annotates_target
go:GO:0021983,target:SOX2,annotates_target
go:GO:0021987,go:GO:0071109,go_parent
go:GO:0021993,target:KDM2B,annotates_target
go:GO:0022008,go:GO:0042063,go_parent
go:GO:0022008,go:GO:0048699,go_parent
go:GO:0022029,target:CXCL12,annotates_target
go:GO:0022037,go:GO:0021548,go_parent
go:GO:0022037,go:GO:0021549,go_parent
go:GO:0022402,go:GO:0000910,go_parent
go:GO:0022402,go:GO:0007051,go_parent
go:GO:0022402,go:GO:0007059,go_parent
go:GO:0022402,go:GO:0007062,go_parent
go:GO:0022402,go:GO:0007098,go_parent
go:GO:0022402,go:GO:0032506,go_parent
go:GO:0022402,go:GO:0034085,go_parent
go:GO:0022402,go:GO:0034086,go_parent
go:GO:0022402,go:GO:0044770,go_parent
go:GO:0022402,go:GO:0051299,go_parent
go:GO:0022402,go:GO:0051304,go_parent
go:GO:0022402,go:GO:0051653,go_parent
go:GO:0022402,go:GO:0090399,go_parent
go:GO:0022402,go:GO:0097240,go_parent
go:GO:0022402,go:GO:1903046,go_parent
go:GO:0022402,go:GO:1903047,go_parent
go:GO:0022407,go:GO:0022408,go_parent
go:GO:0022407,go:GO:0022409,go_parent
go:GO:0022407,go:GO:0034110,go_parent
go:GO:0022407,go:GO:1903037,go_parent
go:GO:0022407,target:SRC,annotates_target
go:GO:0022408,go:GO:0060232,go_parent
go:GO:0022408,go:GO:1903038,go_parent
go:GO:0022409,go:GO:0034112,go_parent
go:GO:0022409,go:GO:1903039,go_parent
go:GO:0022411,go:GO:0022617,go_parent
go:GO:0022411,go:GO:0032984,go_parent
go:GO:0022411,go:GO:0150146,go_parent
go:GO:0022411,go:GO:1903008,go_parent
go:GO:0022412,go:GO:0007281,go_parent
go:GO:0022412,go:GO:0048515,go_parent
go:GO:0022414,go:GO:0003006,go_parent
go:GO:0022414,go:GO:0019953,go_parent
go:GO:0022414,go:GO:0022602,go_parent
go:GO:0022414,go:GO:0048609,go_parent
go:GO:0022414,go:GO:0051321,go_parent
go:GO:0022414,go:GO:1903046,go_parent
go:GO:0022600,go:GO:0030277,go_parent
go:GO:0022602,go:GO:0001554,go_parent
go:GO:0022603,go:GO:0022604,go_parent
go:GO:0022603,go:GO:0045765,go_parent
go:GO:0022603,go:GO:0048814,go_parent
go:GO:0022603,go:GO:0050770,go_parent
go:GO:0022603,go:GO:0060688,go_parent
go:GO:0022603,go:GO:0061001,go_parent
go:GO:0022603,go:GO:0090140,go_parent
go:GO:0022603,go:GO:1905330,go_parent
go:GO:0022603,go:GO:1905651,go_parent
go:GO:0022603,go:GO:2000027,go_parent
go:GO:0022603,go:GO:2000181,go_parent
go:GO:0022604,go:GO:0008360,go_parent
go:GO:0022604,go:GO:0010770,go_parent
go:GO:0022604,go:GO:2000392,go_parent
go:GO:0022607,go:GO:0010927,go_parent
go:GO:0022607,go:GO:0030031,go_parent
go:GO:0022607,go:GO:0031507,go_parent
go:GO:0022607,go:GO:0034329,go_parent
go:GO:0022607,go:GO:0051017,go_parent
go:GO:0022607,go:GO:0065003,go_parent
go:GO:0022607,go:GO:0070925,go_parent
go:GO:0022607,go:GO:0071709,go_parent
go:GO:0022613,go:GO:0022618,go_parent
go:GO:0022613,go:GO:0042254,go_parent
go:GO:0022613,go:GO:0042274,go_parent
go:GO:0022617,target:CTSV,annotates_target
go:GO:0022618,go:GO:0000028,go_parent
go:GO:0022618,go:GO:0000245,go_parent
go:GO:0022618,go:GO:0000387,go_parent
go:GO:0022618,go:GO:0001732,go_parent
go:GO:0022618,go:GO:0070922,go_parent
go:GO:0022618,target:STRAP,annotates_target
go:GO:0022898,go:GO:0032413,go_parent
go:GO:0022898,go:GO:1901385,go_parent
go:GO:0022900,go:GO:0022904,go_parent
go:GO:0022904,go:GO:0019646,go_parent
go:GO:0022904,go:GO:0042773,go_parent
go:GO:0023051,go:GO:0001919,go_parent
go:GO:0023051,go:GO:0009966,go_parent
go:GO:0023051,go:GO:0023056,go_parent
go:GO:0023051,go:GO:0023057,go_parent
go:GO:0023051,go:GO:0046883,go_parent
go:GO:0023051,go:GO:0099177,go_parent
go:GO:0023052,go:GO:0007165,go_parent
go:GO:0023052,go:GO:0007267,go_parent
go:GO:0023056,go:GO:0001921,go_parent
go:GO:0023056,go:GO:0009967,go_parent
go:GO:0023056,go:GO:0046887,go_parent
go:GO:0023056,go:GO:0050806,go_parent
go:GO:0023057,go:GO:0009968,go_parent
go:GO:0023057,go:GO:0050805,go_parent
go:GO:0023061,go:GO:0099643,go_parent
go:GO:0030001,go:GO:0000041,go_parent
go:GO:0030001,go:GO:0006813,go_parent
go:GO:0030001,go:GO:0006814,go_parent
go:GO:0030001,go:GO:0006816,go_parent
go:GO:0030001,go:GO:0015693,go_parent
go:GO:0030001,target:ATP1B1,annotates_target
go:GO:0030001,target:SLC39A6,annotates_target
go:GO:0030003,go:GO:0006874,go_parent
go:GO:0030003,go:GO:0006882,go_parent
go:GO:0030003,go:GO:0006883,go_parent
go:GO:0030003,go:GO:0030007,go_parent
go:GO:0030003,go:GO:0051453,go_parent
go:GO:0030003,target:SLC39A6,annotates_target
go:GO:0030007,target:ATP1B1,annotates_target
go:GO:0030010,go:GO:0051294,go_parent
go:GO:0030010,target:GSK3B,annotates_target
go:GO:0030011,target:DLG5,annotates_target
go:GO:0030011,target:GSK3B,annotates_target
go:GO:0030029,go:GO:0030036,go_parent
go:GO:0030030,go:GO:0030031,go_parent
go:GO:0030030,go:GO:0048858,go_parent
go:GO:0030030,go:GO:0120036,go_parent
go:GO:0030031,go:GO:0120031,go_parent
go:GO:0030031,target:NCKAP1,annotates_target
go:GO:0030032,target:CYFIP1,annotates_target
go:GO:0030032,target:VCL,annotates_target
go:GO:0030036,go:GO:0007015,go_parent
go:GO:0030036,go:GO:0030866,go_parent
go:GO:0030036,go:GO:0031032,go_parent
go:GO:0030036,target:ACTN1,annotates_target
go:GO:0030036,target:ANTXR1,annotates_target
go:GO:0030036,target:PTPN1,annotates_target
go:GO:0030038,go:GO:0043149,go_parent
go:GO:0030041,target:ARPC2,annotates_target
go:GO:0030042,target:TWF2,annotates_target
go:GO:0030071,go:GO:0045841,go_parent
go:GO:0030071,target:ARID1A,annotates_target
go:GO:0030071,target:DPF2,annotates_target
go:GO:0030071,target:PHF10,annotates_target
go:GO:0030071,target:SMARCA4,annotates_target
go:GO:0030071,target:SMARCB1,annotates_target
go:GO:0030071,target:SMARCE1,annotates_target
go:GO:0030097,go:GO:0002244,go_parent
go:GO:0030097,go:GO:0002521,go_parent
go:GO:0030097,go:GO:0030099,go_parent
go:GO:0030097,go:GO:0035162,go_parent
go:GO:0030097,go:GO:0061515,go_parent
go:GO:0030098,go:GO:0001779,go_parent
go:GO:0030098,go:GO:0030183,go_parent
go:GO:0030098,go:GO:0030217,go_parent
go:GO:0030099,go:GO:0002573,go_parent
go:GO:0030099,go:GO:0030218,go_parent
go:GO:0030099,go:GO:0030219,go_parent
go:GO:0030099,go:GO:0030220,go_parent
go:GO:0030099,go:GO:0061515,go_parent
go:GO:0030100,go:GO:0045806,go_parent
go:GO:0030100,go:GO:0045807,go_parent
go:GO:0030100,go:GO:0050764,go_parent
go:GO:0030100,go:GO:1900242,go_parent
go:GO:0030100,go:GO:2001286,go_parent
go:GO:0030100,target:PACSIN3,annotates_target
go:GO:0030100,target:PTPN1,annotates_target
go:GO:0030101,go:GO:0001779,go_parent
go:GO:0030111,go:GO:0030177,go_parent
go:GO:0030111,go:GO:0030178,go_parent
go:GO:0030111,go:GO:0060828,go_parent
go:GO:0030111,go:GO:2000050,go_parent
go:GO:0030111,target:CSNK1E,annotates_target
go:GO:0030154,go:GO:0001570,go_parent
go:GO:0030154,go:GO:0001649,go_parent
go:GO:0030154,go:GO:0001826,go_parent
go:GO:0030154,go:GO:0002062,go_parent
go:GO:0030154,go:GO:0002244,go_parent
go:GO:0030154,go:GO:0002521,go_parent
go:GO:0030154,go:GO:0010001,go_parent
go:GO:0030154,go:GO:0022008,go_parent
go:GO:0030154,go:GO:0030099,go_parent
go:GO:0030154,go:GO:0030182,go_parent
go:GO:0030154,go:GO:0030855,go_parent
go:GO:0030154,go:GO:0035051,go_parent
go:GO:0030154,go:GO:0035914,go_parent
go:GO:0030154,go:GO:0035987,go_parent
go:GO:0030154,go:GO:0042692,go_parent
go:GO:0030154,go:GO:0045165,go_parent
go:GO:0030154,go:GO:0045444,go_parent
go:GO:0030154,go:GO:0045445,go_parent
go:GO:0030154,go:GO:0048468,go_parent
go:GO:0030154,go:GO:0048515,go_parent
go:GO:0030154,go:GO:0048762,go_parent
go:GO:0030154,go:GO:0048863,go_parent
go:GO:0030154,go:GO:0061005,go_parent
go:GO:0030154,target:COL6A1,annotates_target
go:GO:0030154,target:DLG5,annotates_target
go:GO:0030154,target:ETV4,annotates_target
go:GO:0030154,target:GSK3B,annotates_target
go:GO:0030154,target:SRC,annotates_target
go:GO:0030154,target:STRAP,annotates_target
go:GO:0030154,target:TGFBR2,annotates_target
go:GO:0030155,go:GO:0007162,go_parent
go:GO:0030155,go:GO:0010810,go_parent
go:GO:0030155,go:GO:0022407,go_parent
go:GO:0030155,go:GO:0045785,go_parent
go:GO:0030155,go:GO:0061344,go_parent
go:GO:0030162,go:GO:0045861,go_parent
go:GO:0030162,go:GO:0045862,go_parent
go:GO:0030162,go:GO:0051043,go_parent
go:GO:0030162,go:GO:0070613,go_parent
go:GO:0030162,target:PTPN1,annotates_target
go:GO:0030163,go:GO:0006515,go_parent
go:GO:0030163,go:GO:0010498,go_parent
go:GO:0030163,go:GO:0019941,go_parent
go:GO:0030163,go:GO:0061684,go_parent
go:GO:0030163,go:GO:1901143,go_parent
go:GO:0030163,target:CASP3,annotates_target
go:GO:0030163,target:CTSV,annotates_target
go:GO:0030163,target:IDE,annotates_target
go:GO:0030163,target:STUB1,annotates_target
go:GO:0030166,go:GO:0015012,go_parent
go:GO:0030166,go:GO:0050650,go_parent
go:GO:0030168,go:GO:0070527,go_parent
go:GO:0030168,target:SRC,annotates_target
go:GO:0030177,go:GO:0090263,go_parent
go:GO:0030177,go:GO:2000052,go_parent
go:GO:0030177,target:ATP6V0C,annotates_target
go:GO:0030177,target:CSNK1E,annotates_target
go:GO:0030177,target:HSP90B1,annotates_target
go:GO:0030177,target:SMARCA4,annotates_target
go:GO:0030178,go:GO:0090090,go_parent
go:GO:0030178,target:GRB10,annotates_target
go:GO:0030178,target:HMGXB4,annotates_target
go:GO:0030178,target:TSKU,annotates_target
go:GO:0030182,go:GO:0003357,go_parent
go:GO:0030182,go:GO:0021953,go_parent
go:GO:0030182,go:GO:0035315,go_parent
go:GO:0030182,go:GO:0042490,go_parent
go:GO:0030182,go:GO:0046530,go_parent
go:GO:0030182,go:GO:0048666,go_parent
go:GO:0030182,go:GO:0071542,go_parent
go:GO:0030182,target:ADNP,annotates_target
go:GO:0030182,target:ATF4,annotates_target
go:GO:0030182,target:CASP3,annotates_target
go:GO:0030182,target:CTNNB1,annotates_target
go:GO:0030182,target:NGRN,annotates_target
go:GO:0030182,target:SOX2,annotates_target
go:GO:0030182,target:SOX4,annotates_target
go:GO:0030183,go:GO:0002326,go_parent
go:GO:0030183,go:GO:0002327,go_parent
go:GO:0030183,go:GO:0002335,go_parent
go:GO:0030183,target:TCF3,annotates_target
go:GO:0030193,go:GO:0030195,go_parent
go:GO:0030195,go:GO:0010544,go_parent
go:GO:0030195,target:APOE,annotates_target
go:GO:0030198,go:GO:0022617,go_parent
go:GO:0030201,go:GO:0015012,go_parent
go:GO:0030203,go:GO:0006024,go_parent
go:GO:0030216,target:CASP3,annotates_target
go:GO:0030216,target:MED1,annotates_target
go:GO:0030217,go:GO:0033077,go_parent
go:GO:0030217,go:GO:0045058,go_parent
go:GO:0030217,target:SOX4,annotates_target
go:GO:0030218,go:GO:0048821,go_parent
go:GO:0030218,target:CASP3,annotates_target
go:GO:0030219,go:GO:0035855,go_parent
go:GO:0030220,target:ACTN1,annotates_target
go:GO:0030220,target:CASP3,annotates_target
go:GO:0030223,target:LBR,annotates_target
go:GO:0030238,target:SIX4,annotates_target
go:GO:0030239,go:GO:0045214,go_parent
go:GO:0030242,go:GO:0000425,go_parent
go:GO:0030261,go:GO:0007076,go_parent
go:GO:0030261,go:GO:0010032,go_parent
go:GO:0030261,target:EHMT2,annotates_target
go:GO:0030261,target:NCAPH2,annotates_target
go:GO:0030277,target:STRAP,annotates_target
go:GO:0030278,go:GO:0030279,go_parent
go:GO:0030279,target:ACVR1B,annotates_target
go:GO:0030279,target:RBPJ,annotates_target
go:GO:0030282,target:ATF4,annotates_target
go:GO:0030282,target:SBDS,annotates_target
go:GO:0030301,go:GO:0033344,go_parent
go:GO:0030301,go:GO:0043691,go_parent
go:GO:0030307,go:GO:0045773,go_parent
go:GO:0030307,target:SUPV3L1,annotates_target
go:GO:0030308,target:ACVR1B,annotates_target
go:GO:0030308,target:SH3BP4,annotates_target
go:GO:0030308,target:SMARCA4,annotates_target
go:GO:0030316,target:SRC,annotates_target
go:GO:0030323,go:GO:0030324,go_parent
go:GO:0030324,go:GO:0048286,go_parent
go:GO:0030326,go:GO:0036023,go_parent
go:GO:0030330,target:ATM,annotates_target
go:GO:0030330,target:CASP2,annotates_target
go:GO:0030330,target:PAXIP1,annotates_target
go:GO:0030334,go:GO:0002685,go_parent
go:GO:0030334,go:GO:0010594,go_parent
go:GO:0030334,go:GO:0010632,go_parent
go:GO:0030334,go:GO:0014910,go_parent
go:GO:0030334,go:GO:0030335,go_parent
go:GO:0030334,go:GO:0030336,go_parent
go:GO:0030334,go:GO:1901163,go_parent
go:GO:0030334,target:ACVR1B,annotates_target
go:GO:0030334,target:AKT2,annotates_target
go:GO:0030334,target:THY1,annotates_target
go:GO:0030334,target:TMSB10,annotates_target
go:GO:0030334,target:TMSB4X,annotates_target
go:GO:0030335,go:GO:0002687,go_parent
go:GO:0030335,go:GO:0010595,go_parent
go:GO:0030335,go:GO:0010634,go_parent
go:GO:0030335,go:GO:0014911,go_parent
go:GO:0030335,go:GO:1901165,go_parent
go:GO:0030335,target:AKT2,annotates_target
go:GO:0030335,target:ATM,annotates_target
go:GO:0030335,target:CXCL12,annotates_target
go:GO:0030335,target:IGF1R,annotates_target
go:GO:0030335,target:ITGAV,annotates_target
go:GO:0030335,target:KDR,annotates_target
go:GO:0030335,target:STX4,annotates_target
go:GO:0030336,go:GO:0002686,go_parent
go:GO:0030336,go:GO:0010596,go_parent
go:GO:0030336,go:GO:0014912,go_parent
go:GO:0030336,target:DLG5,annotates_target
go:GO:0030336,target:GSK3B,annotates_target
go:GO:0030336,target:RNF20,annotates_target
go:GO:0030336,target:SIN3B,annotates_target
go:GO:0030336,target:TET1,annotates_target
go:GO:0030336,target:THY1,annotates_target
go:GO:0030336,target:VCL,annotates_target
go:GO:0030422,target:TARBP2,annotates_target
go:GO:0030449,target:C1QBP,annotates_target
go:GO:0030510,go:GO:0030513,go_parent
go:GO:0030511,target:EP300,annotates_target
go:GO:0030512,target:EID2,annotates_target
go:GO:0030512,target:STRAP,annotates_target
go:GO:0030512,target:STUB1,annotates_target
go:GO:0030512,target:TET1,annotates_target
go:GO:0030513,target:KDR,annotates_target
go:GO:0030513,target:RBPJ,annotates_target
go:GO:0030516,go:GO:0045773,go_parent
go:GO:0030516,go:GO:0048841,go_parent
go:GO:0030516,target:APOE,annotates_target
go:GO:0030516,target:GSK3B,annotates_target
go:GO:0030518,go:GO:0030520,go_parent
go:GO:0030518,go:GO:0030521,go_parent
go:GO:0030518,go:GO:0050847,go_parent
go:GO:0030518,target:MED1,annotates_target
go:GO:0030520,target:SAFB,annotates_target
go:GO:0030521,target:DAXX,annotates_target
go:GO:0030522,go:GO:0002753,go_parent
go:GO:0030522,go:GO:0141193,go_parent
go:GO:0030534,go:GO:0008344,go_parent
go:GO:0030534,go:GO:0048148,go_parent
go:GO:0030595,go:GO:0048247,go_parent
go:GO:0030595,target:SBDS,annotates_target
go:GO:0030705,go:GO:0010970,go_parent
go:GO:0030705,go:GO:0099518,go_parent
go:GO:0030808,go:GO:0030810,go_parent
go:GO:0030808,go:GO:1900371,go_parent
go:GO:0030810,go:GO:1900373,go_parent
go:GO:0030811,go:GO:0030813,go_parent
go:GO:0030811,go:GO:0033121,go_parent
go:GO:0030813,go:GO:0033123,go_parent
go:GO:0030832,go:GO:0008064,go_parent
go:GO:0030833,go:GO:0030837,go_parent
go:GO:0030833,go:GO:0030838,go_parent
go:GO:0030833,target:CYFIP1,annotates_target
go:GO:0030833,target:HAX1,annotates_target
go:GO:0030834,go:GO:0030835,go_parent
go:GO:0030835,go:GO:0051693,go_parent
go:GO:0030837,go:GO:0051693,go_parent
go:GO:0030837,target:TMSB4X,annotates_target
go:GO:0030837,target:TWF2,annotates_target
go:GO:0030838,target:NCK2,annotates_target
go:GO:0030838,target:NCKAP1,annotates_target
go:GO:0030851,go:GO:0030223,go_parent
go:GO:0030851,target:KDM1A,annotates_target
go:GO:0030852,go:GO:0030854,go_parent
go:GO:0030854,target:HAX1,annotates_target
go:GO:0030855,go:GO:0002064,go_parent
go:GO:0030855,go:GO:0002065,go_parent
go:GO:0030855,go:GO:0009913,go_parent
go:GO:0030855,go:GO:0045446,go_parent
go:GO:0030855,go:GO:0060231,go_parent
go:GO:0030855,go:GO:0060644,go_parent
go:GO:0030855,go:GO:0070306,go_parent
go:GO:0030855,go:GO:0070365,go_parent
go:GO:0030855,go:GO:0072148,go_parent
go:GO:0030855,target:CNN3,annotates_target
go:GO:0030856,go:GO:0030857,go_parent
go:GO:0030856,go:GO:0030858,go_parent
go:GO:0030856,go:GO:0045601,go_parent
go:GO:0030856,go:GO:0045604,go_parent
go:GO:0030856,go:GO:1901329,go_parent
go:GO:0030856,go:GO:2000696,go_parent
go:GO:0030857,go:GO:2000697,go_parent
go:GO:0030858,go:GO:0045606,go_parent
go:GO:0030858,go:GO:1902913,go_parent
go:GO:0030865,go:GO:0030866,go_parent
go:GO:0030865,target:PPP2R3C,annotates_target
go:GO:0030866,go:GO:0044396,go_parent
go:GO:0030866,target:EPB41L2,annotates_target
go:GO:0030866,target:NCKAP1,annotates_target
go:GO:0030879,go:GO:0007595,go_parent
go:GO:0030879,go:GO:0061180,go_parent
go:GO:0030888,go:GO:0030889,go_parent
go:GO:0030888,go:GO:0030890,go_parent
go:GO:0030889,target:ATM,annotates_target
go:GO:0030890,target:TCF3,annotates_target
go:GO:0030900,go:GO:0021536,go_parent
go:GO:0030900,go:GO:0021537,go_parent
go:GO:0030900,go:GO:0021761,go_parent
go:GO:0030900,go:GO:0021872,go_parent
go:GO:0030900,go:GO:0021885,go_parent
go:GO:0030900,target:KDM2B,annotates_target
go:GO:0030900,target:SOX2,annotates_target
go:GO:0030901,go:GO:0021762,go_parent
go:GO:0030901,go:GO:1904948,go_parent
go:GO:0030901,target:CTNNB1,annotates_target
go:GO:0030901,target:KDM2B,annotates_target
go:GO:0030901,target:UQCRQ,annotates_target
go:GO:0030902,go:GO:0021592,go_parent
go:GO:0030902,go:GO:0022037,go_parent
go:GO:0030902,target:CTNNB1,annotates_target
go:GO:0030902,target:KDM2B,annotates_target
go:GO:0030910,target:SIX4,annotates_target
go:GO:0030917,go:GO:0021555,go_parent
go:GO:0030947,go:GO:0030948,go_parent
go:GO:0030947,go:GO:0030949,go_parent
go:GO:0030948,target:PTPN1,annotates_target
go:GO:0030949,target:GRB10,annotates_target
go:GO:0030968,go:GO:0036498,go_parent
go:GO:0030968,go:GO:0036499,go_parent
go:GO:0030968,go:GO:0036500,go_parent
go:GO:0030968,target:ATF4,annotates_target
go:GO:0030968,target:MBTPS1,annotates_target
go:GO:0030968,target:PTPN1,annotates_target
go:GO:0030968,target:STUB1,annotates_target
go:GO:0030968,target:WFS1,annotates_target
go:GO:0030970,target:HSP90B1,annotates_target
go:GO:0030997,go:GO:1903126,go_parent
go:GO:0030997,target:CTNNB1,annotates_target
go:GO:0031016,target:TCF7L2,annotates_target
go:GO:0031016,target:WFS1,annotates_target
go:GO:0031023,go:GO:0007098,go_parent
go:GO:0031032,go:GO:0030239,go_parent
go:GO:0031032,go:GO:0043149,go_parent
go:GO:0031032,go:GO:0045214,go_parent
go:GO:0031032,target:CNN3,annotates_target
go:GO:0031032,target:EPB41L2,annotates_target
go:GO:0031047,go:GO:0035194,go_parent
go:GO:0031047,go:GO:0070918,go_parent
go:GO:0031047,go:GO:0070922,go_parent
go:GO:0031053,target:METTL14,annotates_target
go:GO:0031053,target:METTL3,annotates_target
go:GO:0031054,target:TARBP2,annotates_target
go:GO:0031076,go:GO:0048596,go_parent
go:GO:0031098,go:GO:0051403,go_parent
go:GO:0031099,go:GO:0031100,go_parent
go:GO:0031099,go:GO:0031102,go_parent
go:GO:0031100,target:CXCL12,annotates_target
go:GO:0031100,target:IGF2R,annotates_target
go:GO:0031102,go:GO:0031103,go_parent
go:GO:0031103,go:GO:0014012,go_parent
go:GO:0031103,target:NREP,annotates_target
go:GO:0031110,go:GO:0031111,go_parent
go:GO:0031110,go:GO:0031112,go_parent
go:GO:0031110,go:GO:0031113,go_parent
go:GO:0031110,go:GO:0031114,go_parent
go:GO:0031111,go:GO:0007026,go_parent
go:GO:0031111,go:GO:0031115,go_parent
go:GO:0031112,go:GO:0031116,go_parent
go:GO:0031113,go:GO:0031115,go_parent
go:GO:0031113,go:GO:0031116,go_parent
go:GO:0031113,target:CAMSAP2,annotates_target
go:GO:0031114,go:GO:0007026,go_parent
go:GO:0031114,target:MAP1B,annotates_target
go:GO:0031115,target:SNCA,annotates_target
go:GO:0031116,target:MAP1B,annotates_target
go:GO:0031122,target:CAMSAP2,annotates_target
go:GO:0031123,go:GO:0000965,go_parent
go:GO:0031123,go:GO:0042780,go_parent
go:GO:0031146,target:KDM2B,annotates_target
go:GO:0031175,go:GO:0016358,go_parent
go:GO:0031175,go:GO:0031102,go_parent
go:GO:0031175,go:GO:0048812,go_parent
go:GO:0031175,go:GO:0060122,go_parent
go:GO:0031175,go:GO:0061564,go_parent
go:GO:0031175,go:GO:0097485,go_parent
go:GO:0031175,go:GO:0106030,go_parent
go:GO:0031175,target:APOE,annotates_target
go:GO:0031175,target:CAMSAP2,annotates_target
go:GO:0031175,target:CYFIP1,annotates_target
go:GO:0031175,target:GSK3B,annotates_target
go:GO:0031175,target:MAP1B,annotates_target
go:GO:0031175,target:TOR1A,annotates_target
go:GO:0031204,target:SEC62,annotates_target
go:GO:0031214,go:GO:0030282,go_parent
go:GO:0031247,target:HSP90B1,annotates_target
go:GO:0031293,target:MBTPS1,annotates_target
go:GO:0031294,go:GO:0031295,go_parent
go:GO:0031295,target:CSK,annotates_target
go:GO:0031295,target:SRC,annotates_target
go:GO:0031297,target:ASF1A,annotates_target
go:GO:0031333,go:GO:0032272,go_parent
go:GO:0031333,go:GO:0032460,go_parent
go:GO:0031333,target:EP300,annotates_target
go:GO:0031333,target:GSK3B,annotates_target
go:GO:0031333,target:RAF1,annotates_target
go:GO:0031333,target:SRC,annotates_target
go:GO:0031333,target:STXBP1,annotates_target
go:GO:0031334,go:GO:0010808,go_parent
go:GO:0031334,go:GO:0032273,go_parent
go:GO:0031334,go:GO:0033625,go_parent
go:GO:0031334,go:GO:0035543,go_parent
go:GO:0031334,go:GO:0090035,go_parent
go:GO:0031334,go:GO:1904884,go_parent
go:GO:0031334,go:GO:2001178,go_parent
go:GO:0031334,target:GSK3B,annotates_target
go:GO:0031338,go:GO:0031340,go_parent
go:GO:0031338,go:GO:0031630,go_parent
go:GO:0031338,target:STXBP1,annotates_target
go:GO:0031340,go:GO:0035543,go_parent
go:GO:0031340,target:STXBP1,annotates_target
go:GO:0031344,go:GO:0031345,go_parent
go:GO:0031344,go:GO:0031346,go_parent
go:GO:0031344,go:GO:0060491,go_parent
go:GO:0031344,go:GO:0120035,go_parent
go:GO:0031345,go:GO:0010977,go_parent
go:GO:0031345,go:GO:1902951,go_parent
go:GO:0031346,go:GO:0010976,go_parent
go:GO:0031346,go:GO:0050772,go_parent
go:GO:0031346,go:GO:0050775,go_parent
go:GO:0031346,go:GO:0120034,go_parent
go:GO:0031346,go:GO:1902745,go_parent
go:GO:0031346,go:GO:1902952,go_parent
go:GO:0031346,target:KAT2A,annotates_target
go:GO:0031347,go:GO:0031348,go_parent
go:GO:0031347,go:GO:0031349,go_parent
go:GO:0031347,go:GO:0045088,go_parent
go:GO:0031347,go:GO:0050688,go_parent
go:GO:0031347,go:GO:0050727,go_parent
go:GO:0031347,go:GO:2000822,go_parent
go:GO:0031348,go:GO:0045824,go_parent
go:GO:0031348,go:GO:0050687,go_parent
go:GO:0031348,go:GO:0050728,go_parent
go:GO:0031349,go:GO:0045089,go_parent
go:GO:0031349,go:GO:0050729,go_parent
go:GO:0031396,go:GO:0031397,go_parent
go:GO:0031396,go:GO:0031398,go_parent
go:GO:0031396,go:GO:1902498,go_parent
go:GO:0031396,go:GO:1902525,go_parent
go:GO:0031396,go:GO:1902914,go_parent
go:GO:0031396,target:CTNNB1,annotates_target
go:GO:0031396,target:DAXX,annotates_target
go:GO:0031397,target:HDAC8,annotates_target
go:GO:0031398,go:GO:1902499,go_parent
go:GO:0031398,go:GO:1902527,go_parent
go:GO:0031398,go:GO:1902916,go_parent
go:GO:0031398,target:BIRC2,annotates_target
go:GO:0031398,target:DNAJA3,annotates_target
go:GO:0031398,target:GSK3B,annotates_target
go:GO:0031398,target:HDAC3,annotates_target
go:GO:0031398,target:KDM1A,annotates_target
go:GO:0031398,target:PAXIP1,annotates_target
go:GO:0031398,target:STUB1,annotates_target
go:GO:0031398,target:WFS1,annotates_target
go:GO:0031399,go:GO:0001932,go_parent
go:GO:0031399,go:GO:0031400,go_parent
go:GO:0031399,go:GO:0031401,go_parent
go:GO:0031399,go:GO:0090311,go_parent
go:GO:0031399,go:GO:1901873,go_parent
go:GO:0031400,go:GO:0001933,go_parent
go:GO:0031400,go:GO:1901874,go_parent
go:GO:0031401,go:GO:0001934,go_parent
go:GO:0031401,go:GO:1901875,go_parent
go:GO:0031440,go:GO:0031442,go_parent
go:GO:0031442,target:DHX36,annotates_target
go:GO:0031468,target:CHMP3,annotates_target
go:GO:0031507,go:GO:0009048,go_parent
go:GO:0031507,go:GO:0140718,go_parent
go:GO:0031507,go:GO:0140719,go_parent
go:GO:0031507,target:DOT1L,annotates_target
go:GO:0031507,target:HDAC8,annotates_target
go:GO:0031507,target:KDM2B,annotates_target
go:GO:0031507,target:MAX,annotates_target
go:GO:0031507,target:RNF2,annotates_target
go:GO:0031507,target:SMARCA4,annotates_target
go:GO:0031507,target:SMARCA5,annotates_target
go:GO:0031509,target:DAXX,annotates_target
go:GO:0031509,target:DOT1L,annotates_target
go:GO:0031509,target:HAT1,annotates_target
go:GO:0031529,target:CYFIP1,annotates_target
go:GO:0031570,go:GO:0000077,go_parent
go:GO:0031570,go:GO:0044774,go_parent
go:GO:0031571,target:WAC,annotates_target
go:GO:0031577,go:GO:0071173,go_parent
go:GO:0031577,go:GO:0071174,go_parent
go:GO:0031589,go:GO:0007160,go_parent
go:GO:0031589,go:GO:0034446,go_parent
go:GO:0031589,target:ITGAV,annotates_target
go:GO:0031623,target:SNCA,annotates_target
go:GO:0031630,target:STXBP1,annotates_target
go:GO:0031640,target:CXCL12,annotates_target
go:GO:0031647,go:GO:0031648,go_parent
go:GO:0031647,go:GO:0050821,go_parent
go:GO:0031647,target:CASP3,annotates_target
go:GO:0031647,target:HDAC3,annotates_target
go:GO:0031647,target:HDAC8,annotates_target
go:GO:0031647,target:KAT2A,annotates_target
go:GO:0031647,target:STUB1,annotates_target
go:GO:0031648,target:EP300,annotates_target
go:GO:0031648,target:SNCA,annotates_target
go:GO:0031648,target:SRC,annotates_target
go:GO:0031663,target:GSK3B,annotates_target
go:GO:0031667,go:GO:0007584,go_parent
go:GO:0031667,go:GO:0031669,go_parent
go:GO:0031667,go:GO:0042594,go_parent
go:GO:0031667,go:GO:0061771,go_parent
go:GO:0031667,go:GO:0090649,go_parent
go:GO:0031667,target:ATF4,annotates_target
go:GO:0031667,target:BECN1,annotates_target
go:GO:0031667,target:KAT2A,annotates_target
go:GO:0031667,target:MAP1B,annotates_target
go:GO:0031667,target:METTL14,annotates_target
go:GO:0031667,target:PTPN1,annotates_target
go:GO:0031669,go:GO:0009267,go_parent
go:GO:0031669,go:GO:0031670,go_parent
go:GO:0031669,go:GO:0043562,go_parent
go:GO:0031669,go:GO:0090650,go_parent
go:GO:0031669,target:EP300,annotates_target
go:GO:0031670,go:GO:0061431,go_parent
go:GO:0031915,go:GO:0051914,go_parent
go:GO:0031943,target:STUB1,annotates_target
go:GO:0031960,go:GO:0051384,go_parent
go:GO:0031960,go:GO:0051385,go_parent
go:GO:0031960,go:GO:0071384,go_parent
go:GO:0031998,go:GO:0032000,go_parent
go:GO:0032000,target:AKT2,annotates_target
go:GO:0032006,go:GO:0032007,go_parent
go:GO:0032006,go:GO:0032008,go_parent
go:GO:0032006,go:GO:1903432,go_parent
go:GO:0032006,go:GO:1903939,go_parent
go:GO:0032007,go:GO:1903940,go_parent
go:GO:0032007,go:GO:1904262,go_parent
go:GO:0032007,target:GSK3B,annotates_target
go:GO:0032007,target:SH3BP4,annotates_target
go:GO:0032008,go:GO:1904263,go_parent
go:GO:0032008,go:GO:1904515,go_parent
go:GO:0032008,target:HDAC3,annotates_target
go:GO:0032024,go:GO:0035774,go_parent
go:GO:0032024,target:SOX4,annotates_target
go:GO:0032024,target:TCF7L2,annotates_target
go:GO:0032025,target:CASP3,annotates_target
go:GO:0032026,target:SNCA,annotates_target
go:GO:0032042,go:GO:0006264,go_parent
go:GO:0032056,go:GO:0036493,go_parent
go:GO:0032057,target:ATF4,annotates_target
go:GO:0032092,target:GSK3B,annotates_target
go:GO:0032092,target:IDE,annotates_target
go:GO:0032101,go:GO:0030193,go_parent
go:GO:0032101,go:GO:0032102,go_parent
go:GO:0032101,go:GO:0032103,go_parent
go:GO:0032101,go:GO:0045088,go_parent
go:GO:0032101,go:GO:0050688,go_parent
go:GO:0032101,go:GO:0050727,go_parent
go:GO:0032101,go:GO:0050920,go_parent
go:GO:0032102,go:GO:0045824,go_parent
go:GO:0032102,go:GO:0050687,go_parent
go:GO:0032102,go:GO:0050728,go_parent
go:GO:0032102,go:GO:0061045,go_parent
go:GO:0032103,go:GO:0045089,go_parent
go:GO:0032103,go:GO:0050729,go_parent
go:GO:0032103,go:GO:0050921,go_parent
go:GO:0032147,go:GO:0007250,go_parent
go:GO:0032200,go:GO:0000723,go_parent
go:GO:0032200,target:DOT1L,annotates_target
go:GO:0032204,go:GO:0032205,go_parent
go:GO:0032204,go:GO:0032206,go_parent
go:GO:0032204,go:GO:1904353,go_parent
go:GO:0032204,go:GO:1904356,go_parent
go:GO:0032204,target:HDAC8,annotates_target
go:GO:0032205,go:GO:1904354,go_parent
go:GO:0032205,target:SRC,annotates_target
go:GO:0032206,go:GO:1904358,go_parent
go:GO:0032206,target:DHX36,annotates_target
go:GO:0032206,target:NEK2,annotates_target
go:GO:0032210,go:GO:0032212,go_parent
go:GO:0032210,target:ATM,annotates_target
go:GO:0032212,target:ATM,annotates_target
go:GO:0032212,target:CTNNB1,annotates_target
go:GO:0032228,go:GO:0032229,go_parent
go:GO:0032229,target:STXBP1,annotates_target
go:GO:0032239,go:GO:0032241,go_parent
go:GO:0032239,go:GO:0046831,go_parent
go:GO:0032241,go:GO:0046833,go_parent
go:GO:0032252,go:GO:0032253,go_parent
go:GO:0032253,go:GO:1901950,go_parent
go:GO:0032253,go:GO:1990504,go_parent
go:GO:0032259,go:GO:0043414,go_parent
go:GO:0032261,target:DCK,annotates_target
go:GO:0032271,go:GO:0030833,go_parent
go:GO:0032271,go:GO:0031113,go_parent
go:GO:0032271,go:GO:0032272,go_parent
go:GO:0032271,go:GO:0032273,go_parent
go:GO:0032272,go:GO:0030837,go_parent
go:GO:0032272,go:GO:0031115,go_parent
go:GO:0032273,go:GO:0030838,go_parent
go:GO:0032273,go:GO:0031116,go_parent
go:GO:0032350,go:GO:0031943,go_parent
go:GO:0032350,target:TCF7L2,annotates_target
go:GO:0032355,target:CASP3,annotates_target
go:GO:0032355,target:CTNNB1,annotates_target
go:GO:0032355,target:MAP1B,annotates_target
go:GO:0032355,target:STXBP1,annotates_target
go:GO:0032368,go:GO:0032369,go_parent
go:GO:0032368,go:GO:0032370,go_parent
go:GO:0032368,go:GO:0032371,go_parent
go:GO:0032368,go:GO:1903000,go_parent
go:GO:0032368,go:GO:2000191,go_parent
go:GO:0032368,go:GO:2001138,go_parent
go:GO:0032369,go:GO:0032372,go_parent
go:GO:0032369,go:GO:1903001,go_parent
go:GO:0032369,go:GO:2000192,go_parent
go:GO:0032369,go:GO:2001139,go_parent
go:GO:0032369,target:ITGAV,annotates_target
go:GO:0032370,go:GO:0032373,go_parent
go:GO:0032370,go:GO:1903002,go_parent
go:GO:0032370,go:GO:2001140,go_parent
go:GO:0032371,go:GO:0032372,go_parent
go:GO:0032371,go:GO:0032373,go_parent
go:GO:0032371,go:GO:0032374,go_parent
go:GO:0032372,go:GO:0032375,go_parent
go:GO:0032373,go:GO:0032376,go_parent
go:GO:0032374,go:GO:0010874,go_parent
go:GO:0032374,go:GO:0032375,go_parent
go:GO:0032374,go:GO:0032376,go_parent
go:GO:0032375,go:GO:0090370,go_parent
go:GO:0032376,go:GO:0010875,go_parent
go:GO:0032386,go:GO:0032387,go_parent
go:GO:0032386,go:GO:0032388,go_parent
go:GO:0032386,go:GO:0033157,go_parent
go:GO:0032386,go:GO:0046822,go_parent
go:GO:0032386,go:GO:1901301,go_parent
go:GO:0032386,go:GO:2000641,go_parent
go:GO:0032387,go:GO:1901303,go_parent
go:GO:0032388,go:GO:0046824,go_parent
go:GO:0032388,go:GO:0090316,go_parent
go:GO:0032392,target:HMGB2,annotates_target
go:GO:0032410,go:GO:0032413,go_parent
go:GO:0032413,go:GO:1901020,go_parent
go:GO:0032434,go:GO:0032435,go_parent
go:GO:0032434,go:GO:0032436,go_parent
go:GO:0032434,go:GO:0062025,go_parent
go:GO:0032435,go:GO:0062026,go_parent
go:GO:0032435,target:EIF3H,annotates_target
go:GO:0032435,target:WAC,annotates_target
go:GO:0032436,target:CSNK1E,annotates_target
go:GO:0032436,target:GSK3B,annotates_target
go:GO:0032436,target:PIAS1,annotates_target
go:GO:0032436,target:STUB1,annotates_target
go:GO:0032438,target:APOE,annotates_target
go:GO:0032438,target:PMEL,annotates_target
go:GO:0032446,go:GO:0016567,go_parent
go:GO:0032446,go:GO:0016925,go_parent
go:GO:0032459,go:GO:0032460,go_parent
go:GO:0032460,target:EP300,annotates_target
go:GO:0032465,go:GO:0032467,go_parent
go:GO:0032465,target:BECN1,annotates_target
go:GO:0032465,target:CALM3,annotates_target
go:GO:0032465,target:KIF20A,annotates_target
go:GO:0032467,target:CDC25B,annotates_target
go:GO:0032467,target:CHMP3,annotates_target
go:GO:0032469,target:WFS1,annotates_target
go:GO:0032479,go:GO:0032481,go_parent
go:GO:0032479,go:GO:0032647,go_parent
go:GO:0032479,go:GO:0032648,go_parent
go:GO:0032479,target:LTBR,annotates_target
go:GO:0032481,go:GO:0032727,go_parent
go:GO:0032481,go:GO:0032728,go_parent
go:GO:0032481,target:GSK3B,annotates_target
go:GO:0032481,target:IRF3,annotates_target
go:GO:0032481,target:USP22,annotates_target
go:GO:0032489,target:APOE,annotates_target
go:GO:0032496,go:GO:0071222,go_parent
go:GO:0032496,target:CASP3,annotates_target
go:GO:0032496,target:HMGB2,annotates_target
go:GO:0032496,target:MAPKAPK2,annotates_target
go:GO:0032496,target:SNCA,annotates_target
go:GO:0032501,go:GO:0001503,go_parent
go:GO:0032501,go:GO:0001763,go_parent
go:GO:0032501,go:GO:0001775,go_parent
go:GO:0032501,go:GO:0001816,go_parent
go:GO:0032501,go:GO:0003008,go_parent
go:GO:0032501,go:GO:0007275,go_parent
go:GO:0032501,go:GO:0007389,go_parent
go:GO:0032501,go:GO:0007586,go_parent
go:GO:0032501,go:GO:0007610,go_parent
go:GO:0032501,go:GO:0009791,go_parent
go:GO:0032501,go:GO:0019827,go_parent
go:GO:0032501,go:GO:0034381,go_parent
go:GO:0032501,go:GO:0035264,go_parent
go:GO:0032501,go:GO:0035265,go_parent
go:GO:0032501,go:GO:0045056,go_parent
go:GO:0032501,go:GO:0048771,go_parent
go:GO:0032501,go:GO:0048871,go_parent
go:GO:0032501,go:GO:0050817,go_parent
go:GO:0032501,go:GO:0071827,go_parent
go:GO:0032501,go:GO:0097242,go_parent
go:GO:0032502,go:GO:0003006,go_parent
go:GO:0032502,go:GO:0009653,go_parent
go:GO:0032502,go:GO:0021700,go_parent
go:GO:0032502,go:GO:0048589,go_parent
go:GO:0032502,go:GO:0048646,go_parent
go:GO:0032502,go:GO:0048856,go_parent
go:GO:0032502,go:GO:0048869,go_parent
go:GO:0032502,go:GO:0098727,go_parent
go:GO:0032506,go:GO:1902410,go_parent
go:GO:0032507,go:GO:0072595,go_parent
go:GO:0032509,go:GO:0032510,go_parent
go:GO:0032509,target:CHMP3,annotates_target
go:GO:0032510,go:GO:0061763,go_parent
go:GO:0032526,go:GO:0071300,go_parent
go:GO:0032526,target:IGF2R,annotates_target
go:GO:0032530,go:GO:0032532,go_parent
go:GO:0032532,target:TWF2,annotates_target
go:GO:0032535,go:GO:0008361,go_parent
go:GO:0032535,go:GO:0030832,go_parent
go:GO:0032535,go:GO:0032536,go_parent
go:GO:0032535,go:GO:0097494,go_parent
go:GO:0032536,go:GO:0032532,go_parent
go:GO:0032543,go:GO:0070125,go_parent
go:GO:0032543,target:OXA1L,annotates_target
go:GO:0032543,target:TSFM,annotates_target
go:GO:0032570,go:GO:0071393,go_parent
go:GO:0032594,go:GO:0032596,go_parent
go:GO:0032596,go:GO:0044861,go_parent
go:GO:0032647,go:GO:0032727,go_parent
go:GO:0032648,go:GO:0032728,go_parent
go:GO:0032649,go:GO:0032689,go_parent
go:GO:0032649,go:GO:0032729,go_parent
go:GO:0032649,target:CD276,annotates_target
go:GO:0032655,go:GO:0032695,go_parent
go:GO:0032655,target:MAST2,annotates_target
go:GO:0032661,go:GO:0032741,go_parent
go:GO:0032663,go:GO:0032743,go_parent
go:GO:0032675,go:GO:0032715,go_parent
go:GO:0032675,go:GO:0032755,go_parent
go:GO:0032675,target:MAPKAPK2,annotates_target
go:GO:0032680,go:GO:0032760,go_parent
go:GO:0032680,target:MAPKAPK2,annotates_target
go:GO:0032689,target:C1QBP,annotates_target
go:GO:0032695,target:C1QBP,annotates_target
go:GO:0032715,target:CSK,annotates_target
go:GO:0032727,target:DHX36,annotates_target
go:GO:0032727,target:DHX9,annotates_target
go:GO:0032727,target:IRF3,annotates_target
go:GO:0032727,target:STAT1,annotates_target
go:GO:0032728,target:DHX9,annotates_target
go:GO:0032728,target:HMGB2,annotates_target
go:GO:0032728,target:IRF3,annotates_target
go:GO:0032729,target:CD276,annotates_target
go:GO:0032741,target:DHX9,annotates_target
go:GO:0032743,target:MAP3K7,annotates_target
go:GO:0032755,target:DHX9,annotates_target
go:GO:0032760,target:DHX9,annotates_target
go:GO:0032774,go:GO:0006351,go_parent
go:GO:0032774,go:GO:0006352,go_parent
go:GO:0032774,go:GO:0006354,go_parent
go:GO:0032774,go:GO:0006396,go_parent
go:GO:0032774,go:GO:0039694,go_parent
go:GO:0032774,go:GO:0160239,go_parent
go:GO:0032780,target:OXA1L,annotates_target
go:GO:0032781,go:GO:0051096,go_parent
go:GO:0032784,go:GO:0032785,go_parent
go:GO:0032784,go:GO:0032786,go_parent
go:GO:0032784,go:GO:0034243,go_parent
go:GO:0032785,go:GO:0034244,go_parent
go:GO:0032785,target:SUPT4H1,annotates_target
go:GO:0032786,go:GO:0032968,go_parent
go:GO:0032786,target:HMGN1,annotates_target
go:GO:0032786,target:SUPT4H1,annotates_target
go:GO:0032787,go:GO:0006090,go_parent
go:GO:0032787,go:GO:0006631,go_parent
go:GO:0032787,go:GO:0006768,go_parent
go:GO:0032787,go:GO:0072329,go_parent
go:GO:0032787,go:GO:0072330,go_parent
go:GO:0032790,go:GO:0072344,go_parent
go:GO:0032801,target:BECN1,annotates_target
go:GO:0032803,go:GO:0032805,go_parent
go:GO:0032805,target:APOE,annotates_target
go:GO:0032868,go:GO:0032869,go_parent
go:GO:0032868,target:GRB10,annotates_target
go:GO:0032869,go:GO:0008286,go_parent
go:GO:0032869,target:AKT2,annotates_target
go:GO:0032869,target:INSIG1,annotates_target
go:GO:0032869,target:PTPN1,annotates_target
go:GO:0032870,go:GO:0009755,go_parent
go:GO:0032870,go:GO:0071375,go_parent
go:GO:0032870,go:GO:0071383,go_parent
go:GO:0032870,go:GO:0097067,go_parent
go:GO:0032879,go:GO:0032880,go_parent
go:GO:0032879,go:GO:0051049,go_parent
go:GO:0032879,go:GO:0060341,go_parent
go:GO:0032879,go:GO:0090235,go_parent
go:GO:0032879,go:GO:1904580,go_parent
go:GO:0032879,go:GO:1905952,go_parent
go:GO:0032880,go:GO:0070201,go_parent
go:GO:0032880,go:GO:0150106,go_parent
go:GO:0032880,go:GO:1900180,go_parent
go:GO:0032880,go:GO:1903564,go_parent
go:GO:0032880,go:GO:1903747,go_parent
go:GO:0032880,go:GO:1903828,go_parent
go:GO:0032880,go:GO:1903829,go_parent
go:GO:0032880,go:GO:1904375,go_parent
go:GO:0032880,go:GO:1904779,go_parent
go:GO:0032880,go:GO:1905475,go_parent
go:GO:0032880,go:GO:2000008,go_parent
go:GO:0032880,target:CASP3,annotates_target
go:GO:0032880,target:CSNK1E,annotates_target
go:GO:0032880,target:GSK3B,annotates_target
go:GO:0032880,target:KDM1A,annotates_target
go:GO:0032881,go:GO:0032885,go_parent
go:GO:0032881,go:GO:0070873,go_parent
go:GO:0032885,go:GO:0010962,go_parent
go:GO:0032886,go:GO:0046605,go_parent
go:GO:0032886,go:GO:0060632,go_parent
go:GO:0032886,go:GO:0070507,go_parent
go:GO:0032886,target:GSK3B,annotates_target
go:GO:0032890,go:GO:0014048,go_parent
go:GO:0032890,go:GO:0032891,go_parent
go:GO:0032890,go:GO:0032892,go_parent
go:GO:0032890,go:GO:2000191,go_parent
go:GO:0032891,go:GO:2000192,go_parent
go:GO:0032892,go:GO:0014049,go_parent
go:GO:0032908,go:GO:0032911,go_parent
go:GO:0032911,target:TSKU,annotates_target
go:GO:0032922,target:ATF4,annotates_target
go:GO:0032922,target:CSNK1E,annotates_target
go:GO:0032922,target:HDAC3,annotates_target
go:GO:0032922,target:MTA1,annotates_target
go:GO:0032924,go:GO:0038092,go_parent
go:GO:0032924,target:ACVR1B,annotates_target
go:GO:0032924,target:TGFBR2,annotates_target
go:GO:0032925,go:GO:0032927,go_parent
go:GO:0032927,target:ACVR1B,annotates_target
go:GO:0032933,target:INSIG1,annotates_target
go:GO:0032940,go:GO:0006887,go_parent
go:GO:0032940,go:GO:0023061,go_parent
go:GO:0032944,go:GO:0032945,go_parent
go:GO:0032944,go:GO:0032946,go_parent
go:GO:0032944,go:GO:0050670,go_parent
go:GO:0032945,go:GO:0050672,go_parent
go:GO:0032946,go:GO:0050671,go_parent
go:GO:0032956,go:GO:0030832,go_parent
go:GO:0032956,go:GO:0110053,go_parent
go:GO:0032956,target:TWF2,annotates_target
go:GO:0032963,go:GO:0032964,go_parent
go:GO:0032964,target:TRAM2,annotates_target
go:GO:0032968,target:CTNNB1,annotates_target
go:GO:0032968,target:MED1,annotates_target
go:GO:0032968,target:MED15,annotates_target
go:GO:0032968,target:MED19,annotates_target
go:GO:0032968,target:MED23,annotates_target
go:GO:0032968,target:MED24,annotates_target
go:GO:0032968,target:MED25,annotates_target
go:GO:0032970,go:GO:0032956,go_parent
go:GO:0032979,target:OXA1L,annotates_target
go:GO:0032981,target:NDUFC2,annotates_target
go:GO:0032981,target:OXA1L,annotates_target
go:GO:0032984,go:GO:0032986,go_parent
go:GO:0032984,go:GO:0051261,go_parent
go:GO:0032984,go:GO:0097352,go_parent
go:GO:0032986,go:GO:0006337,go_parent
go:GO:0032989,go:GO:0010927,go_parent
go:GO:0033013,go:GO:0006778,go_parent
go:GO:0033013,go:GO:0033014,go_parent
go:GO:0033014,go:GO:0006779,go_parent
go:GO:0033028,go:GO:0071888,go_parent
go:GO:0033036,go:GO:0006403,go_parent
go:GO:0033036,go:GO:0008104,go_parent
go:GO:0033036,go:GO:0010876,go_parent
go:GO:0033036,go:GO:0097695,go_parent
go:GO:0033043,go:GO:0010638,go_parent
go:GO:0033043,go:GO:0010639,go_parent
go:GO:0033043,go:GO:0010821,go_parent
go:GO:0033043,go:GO:0031338,go_parent
go:GO:0033043,go:GO:0033044,go_parent
go:GO:0033043,go:GO:0044088,go_parent
go:GO:0033043,go:GO:0051493,go_parent
go:GO:0033043,go:GO:0051783,go_parent
go:GO:0033043,go:GO:1902115,go_parent
go:GO:0033043,go:GO:1903358,go_parent
go:GO:0033043,target:CAMSAP2,annotates_target
go:GO:0033044,go:GO:0007063,go_parent
go:GO:0033044,go:GO:0032204,go_parent
go:GO:0033044,go:GO:0033045,go_parent
go:GO:0033044,go:GO:0060623,go_parent
go:GO:0033044,go:GO:2001251,go_parent
go:GO:0033044,go:GO:2001252,go_parent
go:GO:0033044,target:INO80B,annotates_target
go:GO:0033045,go:GO:0033046,go_parent
go:GO:0033045,go:GO:0033047,go_parent
go:GO:0033045,go:GO:1902099,go_parent
go:GO:0033046,go:GO:0033048,go_parent
go:GO:0033047,go:GO:0033048,go_parent
go:GO:0033047,go:GO:1902423,go_parent
go:GO:0033048,go:GO:2000816,go_parent
go:GO:0033059,go:GO:0048753,go_parent
go:GO:0033077,go:GO:0045061,go_parent
go:GO:0033077,go:GO:1904157,go_parent
go:GO:0033108,go:GO:0032981,go_parent
go:GO:0033108,go:GO:0033615,go_parent
go:GO:0033119,go:GO:0048025,go_parent
go:GO:0033119,target:TMBIM6,annotates_target
go:GO:0033121,go:GO:0006110,go_parent
go:GO:0033121,go:GO:0033123,go_parent
go:GO:0033123,go:GO:0045821,go_parent
go:GO:0033135,go:GO:0033138,go_parent
go:GO:0033138,target:RAF1,annotates_target
go:GO:0033143,go:GO:0033144,go_parent
go:GO:0033143,go:GO:0033145,go_parent
go:GO:0033143,go:GO:0033146,go_parent
go:GO:0033143,go:GO:0060765,go_parent
go:GO:0033144,go:GO:0060766,go_parent
go:GO:0033145,go:GO:0033148,go_parent
go:GO:0033146,go:GO:0033148,go_parent
go:GO:0033148,target:PAGR1,annotates_target
go:GO:0033151,go:GO:0033152,go_parent
go:GO:0033151,target:HMGB2,annotates_target
go:GO:0033152,target:TCF3,annotates_target
go:GO:0033152,target:XRCC4,annotates_target
go:GO:0033157,go:GO:0042306,go_parent
go:GO:0033157,go:GO:0046825,go_parent
go:GO:0033157,go:GO:0090316,go_parent
go:GO:0033157,target:PTPN1,annotates_target
go:GO:0033173,target:NFATC3,annotates_target
go:GO:0033189,target:MAP1B,annotates_target
go:GO:0033194,go:GO:0006982,go_parent
go:GO:0033194,go:GO:0071447,go_parent
go:GO:0033197,target:BECN1,annotates_target
go:GO:0033198,go:GO:0071318,go_parent
go:GO:0033209,target:BIRC2,annotates_target
go:GO:0033209,target:STAT1,annotates_target
go:GO:0033209,target:TMSB4X,annotates_target
go:GO:0033233,go:GO:0033234,go_parent
go:GO:0033233,go:GO:0033235,go_parent
go:GO:0033234,target:CTNNB1,annotates_target
go:GO:0033235,target:PIAS1,annotates_target
go:GO:0033238,go:GO:0033239,go_parent
go:GO:0033238,go:GO:0042069,go_parent
go:GO:0033239,go:GO:0045963,go_parent
go:GO:0033273,go:GO:0033189,go_parent
go:GO:0033273,go:GO:0033197,go_parent
go:GO:0033344,target:APOE,annotates_target
go:GO:0033344,target:TSKU,annotates_target
go:GO:0033365,go:GO:0034502,go_parent
go:GO:0033365,go:GO:0034504,go_parent
go:GO:0033365,go:GO:0045048,go_parent
go:GO:0033365,go:GO:0070585,go_parent
go:GO:0033365,go:GO:0070972,go_parent
go:GO:0033365,go:GO:0072595,go_parent
go:GO:0033365,go:GO:0072665,go_parent
go:GO:0033365,go:GO:1903608,go_parent
go:GO:0033383,go:GO:0033384,go_parent
go:GO:0033384,target:FDPS,annotates_target
go:GO:0033385,go:GO:0033386,go_parent
go:GO:0033386,target:FDPS,annotates_target
go:GO:0033386,target:HMGCR,annotates_target
go:GO:0033386,target:HMGCS1,annotates_target
go:GO:0033484,target:ADNP,annotates_target
go:GO:0033500,go:GO:0042593,go_parent
go:GO:0033554,go:GO:0006974,go_parent
go:GO:0033554,go:GO:0009267,go_parent
go:GO:0033554,go:GO:0031098,go_parent
go:GO:0033554,go:GO:0031102,go_parent
go:GO:0033554,go:GO:0034605,go_parent
go:GO:0033554,go:GO:0034976,go_parent
go:GO:0033554,go:GO:0035967,go_parent
go:GO:0033554,go:GO:0043555,go_parent
go:GO:0033554,go:GO:0062197,go_parent
go:GO:0033554,go:GO:0071456,go_parent
go:GO:0033554,go:GO:0071498,go_parent
go:GO:0033554,go:GO:0071501,go_parent
go:GO:0033554,go:GO:0090398,go_parent
go:GO:0033554,go:GO:0098780,go_parent
go:GO:0033554,go:GO:0140467,go_parent
go:GO:0033554,target:ATM,annotates_target
go:GO:0033554,target:STUB1,annotates_target
go:GO:0033559,go:GO:0019369,go_parent
go:GO:0033603,target:CXCL12,annotates_target
go:GO:0033605,go:GO:0033603,go_parent
go:GO:0033615,target:OXA1L,annotates_target
go:GO:0033619,go:GO:0031293,go_parent
go:GO:0033622,target:CXCL12,annotates_target
go:GO:0033623,go:GO:0033625,go_parent
go:GO:0033625,target:SRC,annotates_target
go:GO:0033627,target:ITGAV,annotates_target
go:GO:0033673,go:GO:0006469,go_parent
go:GO:0033674,go:GO:0045860,go_parent
go:GO:0033688,go:GO:0033690,go_parent
go:GO:0033690,target:ITGAV,annotates_target
go:GO:0033700,target:APOE,annotates_target
go:GO:0033993,go:GO:0006982,go_parent
go:GO:0033993,go:GO:0032355,go_parent
go:GO:0033993,go:GO:0032496,go_parent
go:GO:0033993,go:GO:0032526,go_parent
go:GO:0033993,go:GO:0033189,go_parent
go:GO:0033993,go:GO:0036314,go_parent
go:GO:0033993,go:GO:0048545,go_parent
go:GO:0033993,go:GO:0071396,go_parent
go:GO:0033993,target:TGFBR2,annotates_target
go:GO:0034085,go:GO:0034087,go_parent
go:GO:0034086,go:GO:0034088,go_parent
go:GO:0034087,target:STAG2,annotates_target
go:GO:0034088,target:MAU2,annotates_target
go:GO:0034097,go:GO:0034340,go_parent
go:GO:0034097,go:GO:0034341,go_parent
go:GO:0034097,go:GO:0034612,go_parent
go:GO:0034097,go:GO:0035456,go_parent
go:GO:0034097,go:GO:0036015,go_parent
go:GO:0034097,go:GO:0070555,go_parent
go:GO:0034097,go:GO:0070670,go_parent
go:GO:0034097,go:GO:0070741,go_parent
go:GO:0034097,go:GO:0071104,go_parent
go:GO:0034097,go:GO:0071345,go_parent
go:GO:0034097,go:GO:0098760,go_parent
go:GO:0034097,go:GO:1990868,go_parent
go:GO:0034097,target:MAPKAPK2,annotates_target
go:GO:0034101,go:GO:0030218,go_parent
go:GO:0034103,go:GO:0034104,go_parent
go:GO:0034103,go:GO:0046850,go_parent
go:GO:0034104,go:GO:0046851,go_parent
go:GO:0034109,go:GO:0070527,go_parent
go:GO:0034110,go:GO:0034112,go_parent
go:GO:0034112,target:CTNNB1,annotates_target
go:GO:0034113,target:ITGAV,annotates_target
go:GO:0034113,target:THY1,annotates_target
go:GO:0034121,go:GO:0034123,go_parent
go:GO:0034121,target:BIRC2,annotates_target
go:GO:0034123,target:HSP90B1,annotates_target
go:GO:0034138,target:MAP3K7,annotates_target
go:GO:0034139,target:SRC,annotates_target
go:GO:0034142,target:IRF3,annotates_target
go:GO:0034142,target:MAP3K7,annotates_target
go:GO:0034198,go:GO:1990253,go_parent
go:GO:0034198,target:ATF4,annotates_target
go:GO:0034198,target:BECN1,annotates_target
go:GO:0034214,target:MAT2A,annotates_target
go:GO:0034214,target:UGDH,annotates_target
go:GO:0034220,go:GO:0010248,go_parent
go:GO:0034220,go:GO:0098655,go_parent
go:GO:0034220,go:GO:0098656,go_parent
go:GO:0034220,target:ANXA6,annotates_target
go:GO:0034243,go:GO:0032968,go_parent
go:GO:0034243,go:GO:0034244,go_parent
go:GO:0034243,target:SUPT4H1,annotates_target
go:GO:0034244,target:NELFE,annotates_target
go:GO:0034260,target:SH3BP4,annotates_target
go:GO:0034284,go:GO:0009746,go_parent
go:GO:0034284,go:GO:0071326,go_parent
go:GO:0034314,target:ARPC2,annotates_target
go:GO:0034315,go:GO:2000601,go_parent
go:GO:0034329,go:GO:0007043,go_parent
go:GO:0034329,go:GO:0007044,go_parent
go:GO:0034329,go:GO:0007416,go_parent
go:GO:0034330,go:GO:0034329,go_parent
go:GO:0034330,go:GO:0045216,go_parent
go:GO:0034330,go:GO:0050808,go_parent
go:GO:0034330,go:GO:0150115,go_parent
go:GO:0034330,go:GO:0150146,go_parent
go:GO:0034332,go:GO:0034333,go_parent
go:GO:0034332,target:CSK,annotates_target
go:GO:0034333,target:CTNNB1,annotates_target
go:GO:0034333,target:VCL,annotates_target
go:GO:0034340,go:GO:0071357,go_parent
go:GO:0034341,go:GO:0071346,go_parent
go:GO:0034341,target:DNAJA3,annotates_target
go:GO:0034341,target:SNCA,annotates_target
go:GO:0034341,target:STAT1,annotates_target
go:GO:0034349,target:CASP3,annotates_target
go:GO:0034367,go:GO:0034368,go_parent
go:GO:0034368,go:GO:0034369,go_parent
go:GO:0034369,go:GO:0034370,go_parent
go:GO:0034369,go:GO:0034374,go_parent
go:GO:0034369,go:GO:0034375,go_parent
go:GO:0034370,go:GO:0034372,go_parent
go:GO:0034372,target:APOE,annotates_target
go:GO:0034374,target:APOE,annotates_target
go:GO:0034375,target:APOE,annotates_target
go:GO:0034377,go:GO:0034380,go_parent
go:GO:0034380,target:APOE,annotates_target
go:GO:0034381,go:GO:0034384,go_parent
go:GO:0034381,go:GO:0034447,go_parent
go:GO:0034381,go:GO:0071830,go_parent
go:GO:0034382,target:APOE,annotates_target
go:GO:0034384,target:APOE,annotates_target
go:GO:0034391,go:GO:0034392,go_parent
go:GO:0034391,go:GO:0034393,go_parent
go:GO:0034391,go:GO:1905459,go_parent
go:GO:0034392,go:GO:1905460,go_parent
go:GO:0034392,target:STUB1,annotates_target
go:GO:0034393,target:STUB1,annotates_target
go:GO:0034394,target:CTNNB1,annotates_target
go:GO:0034394,target:STX4,annotates_target
go:GO:0034394,target:VCL,annotates_target
go:GO:0034405,go:GO:0071498,go_parent
go:GO:0034405,go:GO:0097702,go_parent
go:GO:0034446,target:ANTXR1,annotates_target
go:GO:0034446,target:ITGAV,annotates_target
go:GO:0034447,target:APOE,annotates_target
go:GO:0034502,go:GO:1990166,go_parent
go:GO:0034504,go:GO:0006606,go_parent
go:GO:0034504,target:HDGF,annotates_target
go:GO:0034504,target:SIX4,annotates_target
go:GO:0034504,target:TOR1A,annotates_target
go:GO:0034599,go:GO:0034614,go_parent
go:GO:0034599,go:GO:0071447,go_parent
go:GO:0034599,target:ATF4,annotates_target
go:GO:0034599,target:NFE2L1,annotates_target
go:GO:0034599,target:SNCA,annotates_target
go:GO:0034599,target:STX4,annotates_target
go:GO:0034605,go:GO:0070370,go_parent
go:GO:0034605,target:DAXX,annotates_target
go:GO:0034605,target:DHX36,annotates_target
go:GO:0034605,target:STUB1,annotates_target
go:GO:0034612,go:GO:0071356,go_parent
go:GO:0034612,target:CASP3,annotates_target
go:GO:0034614,go:GO:0070301,go_parent
go:GO:0034614,target:ATM,annotates_target
go:GO:0034614,target:SRC,annotates_target
go:GO:0034614,target:TET1,annotates_target
go:GO:0034620,go:GO:0030968,go_parent
go:GO:0034620,target:DAXX,annotates_target
go:GO:0034620,target:PTPN1,annotates_target
go:GO:0034620,target:TMBIM6,annotates_target
go:GO:0034635,target:MGST1,annotates_target
go:GO:0034643,go:GO:0047497,go_parent
go:GO:0034644,target:ATF4,annotates_target
go:GO:0034644,target:DHX36,annotates_target
go:GO:0034644,target:EP300,annotates_target
go:GO:0034644,target:KDM1A,annotates_target
go:GO:0034644,target:METTL3,annotates_target
go:GO:0034654,go:GO:0141187,go_parent
go:GO:0034654,go:GO:1901293,go_parent
go:GO:0034655,go:GO:0141188,go_parent
go:GO:0034655,go:GO:1901292,go_parent
go:GO:0034728,go:GO:0006334,go_parent
go:GO:0034728,go:GO:0006337,go_parent
go:GO:0034762,go:GO:0010746,go_parent
go:GO:0034762,go:GO:0010827,go_parent
go:GO:0034762,go:GO:0022898,go_parent
go:GO:0034762,go:GO:0034763,go_parent
go:GO:0034762,go:GO:0034764,go_parent
go:GO:0034762,go:GO:0034765,go_parent
go:GO:0034762,go:GO:1902267,go_parent
go:GO:0034763,go:GO:0010748,go_parent
go:GO:0034763,go:GO:0010829,go_parent
go:GO:0034763,go:GO:0034766,go_parent
go:GO:0034763,go:GO:1902268,go_parent
go:GO:0034764,go:GO:0010828,go_parent
go:GO:0034764,go:GO:0034767,go_parent
go:GO:0034765,go:GO:0034766,go_parent
go:GO:0034765,go:GO:0034767,go_parent
go:GO:0034765,go:GO:1904062,go_parent
go:GO:0034766,go:GO:0032413,go_parent
go:GO:0034766,go:GO:1904063,go_parent
go:GO:0034767,go:GO:1904064,go_parent
go:GO:0034975,target:HSP90B1,annotates_target
go:GO:0034976,go:GO:0006983,go_parent
go:GO:0034976,go:GO:0030968,go_parent
go:GO:0034976,go:GO:0036490,go_parent
go:GO:0034976,go:GO:0036503,go_parent
go:GO:0034976,go:GO:0070059,go_parent
go:GO:0034976,go:GO:1990737,go_parent
go:GO:0034976,target:ATF4,annotates_target
go:GO:0034976,target:GSK3B,annotates_target
go:GO:0034976,target:HSP90B1,annotates_target
go:GO:0034976,target:MBTPS1,annotates_target
go:GO:0034976,target:NCK2,annotates_target
go:GO:0034976,target:PTPN1,annotates_target
go:GO:0034976,target:TMBIM6,annotates_target
go:GO:0034976,target:WFS1,annotates_target
go:GO:0035019,target:SOX2,annotates_target
go:GO:0035020,go:GO:0035022,go_parent
go:GO:0035022,target:SRC,annotates_target
go:GO:0035023,go:GO:0032489,go_parent
go:GO:0035023,target:RAF1,annotates_target
go:GO:0035050,go:GO:0003143,go_parent
go:GO:0035051,go:GO:0010002,go_parent
go:GO:0035088,go:GO:0045197,go_parent
go:GO:0035094,target:CASP3,annotates_target
go:GO:0035107,go:GO:0035108,go_parent
go:GO:0035107,go:GO:0035113,go_parent
go:GO:0035108,go:GO:0030326,go_parent
go:GO:0035108,go:GO:0036022,go_parent
go:GO:0035113,go:GO:0030326,go_parent
go:GO:0035148,go:GO:0060606,go_parent
go:GO:0035148,go:GO:0072175,go_parent
go:GO:0035150,go:GO:0035296,go_parent
go:GO:0035162,target:ATF4,annotates_target
go:GO:0035162,target:KDR,annotates_target
go:GO:0035162,target:TGFBR2,annotates_target
go:GO:0035194,go:GO:0035195,go_parent
go:GO:0035195,target:DHX9,annotates_target
go:GO:0035196,go:GO:0031053,go_parent
go:GO:0035196,go:GO:0031054,go_parent
go:GO:0035196,target:TARBP2,annotates_target
go:GO:0035239,go:GO:0035148,go_parent
go:GO:0035239,go:GO:0048514,go_parent
go:GO:0035239,go:GO:0048754,go_parent
go:GO:0035239,go:GO:0060562,go_parent
go:GO:0035264,target:EP300,annotates_target
go:GO:0035265,go:GO:0098868,go_parent
go:GO:0035270,go:GO:0021983,go_parent
go:GO:0035295,go:GO:0021915,go_parent
go:GO:0035295,go:GO:0030323,go_parent
go:GO:0035295,go:GO:0035050,go_parent
go:GO:0035295,go:GO:0035239,go_parent
go:GO:0035295,go:GO:0048565,go_parent
go:GO:0035295,go:GO:0061326,go_parent
go:GO:0035296,go:GO:0097746,go_parent
go:GO:0035303,go:GO:0035306,go_parent
go:GO:0035303,target:PPP2R3C,annotates_target
go:GO:0035306,target:SRC,annotates_target
go:GO:0035313,target:ITGAV,annotates_target
go:GO:0035315,target:CTNNB1,annotates_target
go:GO:0035330,go:GO:0035331,go_parent
go:GO:0035330,go:GO:0035332,go_parent
go:GO:0035331,target:DLG5,annotates_target
go:GO:0035331,target:SRC,annotates_target
go:GO:0035332,target:DLG5,annotates_target
go:GO:0035335,target:PTPN1,annotates_target
go:GO:0035358,go:GO:0035359,go_parent
go:GO:0035359,target:STUB1,annotates_target
go:GO:0035435,go:GO:1990547,go_parent
go:GO:0035435,target:SLC25A3,annotates_target
go:GO:0035437,go:GO:0036316,go_parent
go:GO:0035456,go:GO:0035458,go_parent
go:GO:0035456,target:STAT1,annotates_target
go:GO:0035458,target:STAT1,annotates_target
go:GO:0035461,go:GO:0015887,go_parent
go:GO:0035461,go:GO:1905135,go_parent
go:GO:0035493,target:SNCA,annotates_target
go:GO:0035493,target:STX4,annotates_target
go:GO:0035493,target:STXBP1,annotates_target
go:GO:0035519,target:UBE3C,annotates_target
go:GO:0035542,go:GO:0035543,go_parent
go:GO:0035542,target:STXBP1,annotates_target
go:GO:0035543,target:SNCA,annotates_target
go:GO:0035556,go:GO:0000075,go_parent
go:GO:0035556,go:GO:0006984,go_parent
go:GO:0035556,go:GO:0030522,go_parent
go:GO:0035556,go:GO:0030968,go_parent
go:GO:0035556,go:GO:0031098,go_parent
go:GO:0035556,go:GO:0042770,go_parent
go:GO:0035556,go:GO:0048015,go_parent
go:GO:0035556,go:GO:0072331,go_parent
go:GO:0035556,go:GO:0097193,go_parent
go:GO:0035556,go:GO:0141124,go_parent
go:GO:0035556,target:AKT2,annotates_target
go:GO:0035556,target:CASP3,annotates_target
go:GO:0035556,target:CSK,annotates_target
go:GO:0035556,target:DLG5,annotates_target
go:GO:0035556,target:GRB10,annotates_target
go:GO:0035556,target:GSK3B,annotates_target
go:GO:0035556,target:MAPKAPK2,annotates_target
go:GO:0035556,target:MAST2,annotates_target
go:GO:0035556,target:PLCB3,annotates_target
go:GO:0035556,target:SRC,annotates_target
go:GO:0035556,target:WFS1,annotates_target
go:GO:0035556,target:WSB2,annotates_target
go:GO:0035563,target:MED25,annotates_target
go:GO:0035567,target:CSNK1E,annotates_target
go:GO:0035601,go:GO:0006476,go_parent
go:GO:0035633,target:VCL,annotates_target
go:GO:0035640,go:GO:0035641,go_parent
go:GO:0035641,target:APOE,annotates_target
go:GO:0035666,target:IRF3,annotates_target
go:GO:0035666,target:MAP3K7,annotates_target
go:GO:0035725,go:GO:0036376,go_parent
go:GO:0035725,go:GO:0098719,go_parent
go:GO:0035725,target:ATP1B1,annotates_target
go:GO:0035771,target:STAT6,annotates_target
go:GO:0035774,target:OXCT1,annotates_target
go:GO:0035774,target:STX4,annotates_target
go:GO:0035791,target:PTPN1,annotates_target
go:GO:0035794,go:GO:1901030,go_parent
go:GO:0035821,go:GO:0051851,go_parent
go:GO:0035825,go:GO:0140527,go_parent
go:GO:0035855,target:MED1,annotates_target
go:GO:0035872,target:MAP3K7,annotates_target
go:GO:0035891,go:GO:0019076,go_parent
go:GO:0035904,go:GO:0035905,go_parent
go:GO:0035904,go:GO:0035907,go_parent
go:GO:0035904,go:GO:0035909,go_parent
go:GO:0035905,go:GO:0035910,go_parent
go:GO:0035907,go:GO:0035912,go_parent
go:GO:0035909,go:GO:0035910,go_parent
go:GO:0035909,go:GO:0035912,go_parent
go:GO:0035909,target:FOXH1,annotates_target
go:GO:0035909,target:TGFBR2,annotates_target
go:GO:0035910,target:SOX4,annotates_target
go:GO:0035912,target:RBPJ,annotates_target
go:GO:0035914,go:GO:0098528,go_parent
go:GO:0035924,go:GO:0038084,go_parent
go:GO:0035924,target:KDR,annotates_target
go:GO:0035924,target:MAPKAPK2,annotates_target
go:GO:0035945,target:SUPV3L1,annotates_target
go:GO:0035946,target:SUPV3L1,annotates_target
go:GO:0035966,go:GO:0006986,go_parent
go:GO:0035966,go:GO:0035967,go_parent
go:GO:0035966,go:GO:0051788,go_parent
go:GO:0035967,go:GO:0034620,go_parent
go:GO:0035967,go:GO:0071218,go_parent
go:GO:0035987,go:GO:0001711,go_parent
go:GO:0035987,target:COL6A1,annotates_target
go:GO:0035987,target:ITGAV,annotates_target
go:GO:0035994,go:GO:0035995,go_parent
go:GO:0035995,target:CTNNB1,annotates_target
go:GO:0036015,go:GO:0036016,go_parent
go:GO:0036016,target:GSK3B,annotates_target
go:GO:0036022,go:GO:0036023,go_parent
go:GO:0036023,target:CTNNB1,annotates_target
go:GO:0036092,target:ATM,annotates_target
go:GO:0036092,target:BECN1,annotates_target
go:GO:0036119,go:GO:0036120,go_parent
go:GO:0036120,target:PTPN1,annotates_target
go:GO:0036145,target:LTBR,annotates_target
go:GO:0036196,go:GO:0036197,go_parent
go:GO:0036197,target:FDPS,annotates_target
go:GO:0036197,target:HMGCR,annotates_target
go:GO:0036197,target:HMGCS1,annotates_target
go:GO:0036197,target:LBR,annotates_target
go:GO:0036197,target:NSDHL,annotates_target
go:GO:0036211,go:GO:0006468,go_parent
go:GO:0036211,go:GO:0006470,go_parent
go:GO:0036211,go:GO:0008213,go_parent
go:GO:0036211,go:GO:0017183,go_parent
go:GO:0036211,go:GO:0018205,go_parent
go:GO:0036211,go:GO:0035601,go_parent
go:GO:0036211,go:GO:0043543,go_parent
go:GO:0036211,go:GO:0043687,go_parent
go:GO:0036211,target:AKT2,annotates_target
go:GO:0036257,go:GO:0036258,go_parent
go:GO:0036258,target:CHMP3,annotates_target
go:GO:0036268,target:EP300,annotates_target
go:GO:0036269,target:CASP3,annotates_target
go:GO:0036289,target:ATM,annotates_target
go:GO:0036293,go:GO:0001666,go_parent
go:GO:0036293,go:GO:0036294,go_parent
go:GO:0036293,go:GO:0090649,go_parent
go:GO:0036294,go:GO:0071456,go_parent
go:GO:0036294,go:GO:0090650,go_parent
go:GO:0036296,go:GO:0055093,go_parent
go:GO:0036302,target:RBPJ,annotates_target
go:GO:0036314,go:GO:0036315,go_parent
go:GO:0036314,go:GO:0070723,go_parent
go:GO:0036315,go:GO:0036316,go_parent
go:GO:0036315,go:GO:0071397,go_parent
go:GO:0036315,target:INSIG1,annotates_target
go:GO:0036316,target:INSIG1,annotates_target
go:GO:0036324,target:KDR,annotates_target
go:GO:0036344,go:GO:0030220,go_parent
go:GO:0036344,target:ACTN1,annotates_target
go:GO:0036376,target:ATP1B1,annotates_target
go:GO:0036465,go:GO:0048488,go_parent
go:GO:0036480,target:DAXX,annotates_target
go:GO:0036490,go:GO:0036491,go_parent
go:GO:0036490,go:GO:0036493,go_parent
go:GO:0036491,target:NCK2,annotates_target
go:GO:0036493,target:NCK2,annotates_target
go:GO:0036498,target:PTPN1,annotates_target
go:GO:0036499,target:ATF4,annotates_target
go:GO:0036500,target:MBTPS1,annotates_target
go:GO:0036503,go:GO:0030970,go_parent
go:GO:0036503,target:ANKZF1,annotates_target
go:GO:0036503,target:HSP90B1,annotates_target
go:GO:0036503,target:STUB1,annotates_target
go:GO:0036503,target:TOR1A,annotates_target
go:GO:0036503,target:WFS1,annotates_target
go:GO:0036520,target:CTNNB1,annotates_target
go:GO:0038020,target:PTPN1,annotates_target
go:GO:0038027,target:ITGAV,annotates_target
go:GO:0038034,go:GO:0097192,go_parent
go:GO:0038060,target:APOE,annotates_target
go:GO:0038061,go:GO:0007250,go_parent
go:GO:0038061,target:BIRC2,annotates_target
go:GO:0038066,target:BECN1,annotates_target
go:GO:0038066,target:MAP3K7,annotates_target
go:GO:0038083,target:IGF1R,annotates_target
go:GO:0038084,target:KDR,annotates_target
go:GO:0038092,target:ACVR1B,annotates_target
go:GO:0038092,target:FOXH1,annotates_target
go:GO:0038093,go:GO:0038094,go_parent
go:GO:0038093,go:GO:0038095,go_parent
go:GO:0038094,go:GO:0038096,go_parent
go:GO:0038095,target:MAP3K7,annotates_target
go:GO:0038096,target:SRC,annotates_target
go:GO:0038111,target:STAT1,annotates_target
go:GO:0038113,target:STAT1,annotates_target
go:GO:0038127,go:GO:0007173,go_parent
go:GO:0038127,go:GO:0038128,go_parent
go:GO:0038127,go:GO:0038129,go_parent
go:GO:0038127,target:RAF1,annotates_target
go:GO:0038128,go:GO:0038133,go_parent
go:GO:0038128,target:SRC,annotates_target
go:GO:0038128,target:STUB1,annotates_target
go:GO:0038129,go:GO:0038133,go_parent
go:GO:0038133,target:RAF1,annotates_target
go:GO:0038146,go:GO:0038160,go_parent
go:GO:0038146,target:CXCL12,annotates_target
go:GO:0038158,target:HAX1,annotates_target
go:GO:0038159,go:GO:0038160,go_parent
go:GO:0038160,target:CXCL12,annotates_target
go:GO:0038166,target:SRC,annotates_target
go:GO:0038172,target:MAP3K7,annotates_target
go:GO:0038173,target:MAP3K7,annotates_target
go:GO:0038179,go:GO:0048011,go_parent
go:GO:0039530,target:IRF3,annotates_target
go:GO:0039531,go:GO:0034139,go_parent
go:GO:0039531,go:GO:0039532,go_parent
go:GO:0039531,go:GO:0039533,go_parent
go:GO:0039531,go:GO:0039535,go_parent
go:GO:0039531,go:GO:0070424,go_parent
go:GO:0039531,go:GO:0141111,go_parent
go:GO:0039532,go:GO:0039534,go_parent
go:GO:0039532,go:GO:0039536,go_parent
go:GO:0039532,target:TARBP2,annotates_target
go:GO:0039533,go:GO:0039534,go_parent
go:GO:0039534,target:C1QBP,annotates_target
go:GO:0039535,go:GO:0039536,go_parent
go:GO:0039535,target:BIRC2,annotates_target
go:GO:0039536,target:C1QBP,annotates_target
go:GO:0039692,target:SMARCB1,annotates_target
go:GO:0039694,go:GO:0039692,go_parent
go:GO:0039695,target:DHX9,annotates_target
go:GO:0039702,target:CHMP3,annotates_target
go:GO:0040001,go:GO:0000132,go_parent
go:GO:0040007,go:GO:0016049,go_parent
go:GO:0040007,go:GO:0048589,go_parent
go:GO:0040008,go:GO:0001558,go_parent
go:GO:0040008,go:GO:0045926,go_parent
go:GO:0040008,go:GO:0045927,go_parent
go:GO:0040008,go:GO:0048638,go_parent
go:GO:0040011,go:GO:0036268,go_parent
go:GO:0040011,go:GO:0042330,go_parent
go:GO:0040012,go:GO:0040013,go_parent
go:GO:0040012,go:GO:0040017,go_parent
go:GO:0040012,go:GO:0050920,go_parent
go:GO:0040012,go:GO:2000145,go_parent
go:GO:0040013,go:GO:2000146,go_parent
go:GO:0040017,go:GO:0050921,go_parent
go:GO:0040017,go:GO:2000147,go_parent
go:GO:0040029,go:GO:0007549,go_parent
go:GO:0040029,go:GO:0045814,go_parent
go:GO:0040029,go:GO:0141137,go_parent
go:GO:0040029,target:EHMT1,annotates_target
go:GO:0040029,target:EHMT2,annotates_target
go:GO:0040029,target:HDAC3,annotates_target
go:GO:0040029,target:KDM1A,annotates_target
go:GO:0040029,target:RNF2,annotates_target
go:GO:0040029,target:TET1,annotates_target
go:GO:0042048,target:WFS1,annotates_target
go:GO:0042053,go:GO:0045963,go_parent
go:GO:0042058,go:GO:0045742,go_parent
go:GO:0042060,go:GO:0001778,go_parent
go:GO:0042060,go:GO:0007596,go_parent
go:GO:0042060,go:GO:0060055,go_parent
go:GO:0042060,go:GO:0090505,go_parent
go:GO:0042060,target:RAF1,annotates_target
go:GO:0042060,target:TSKU,annotates_target
go:GO:0042063,go:GO:0010001,go_parent
go:GO:0042063,go:GO:0014009,go_parent
go:GO:0042063,target:METTL14,annotates_target
go:GO:0042063,target:METTL3,annotates_target
go:GO:0042069,go:GO:0042053,go_parent
go:GO:0042102,go:GO:0046641,go_parent
go:GO:0042102,target:CD276,annotates_target
go:GO:0042102,target:NCK2,annotates_target
go:GO:0042110,go:GO:0030217,go_parent
go:GO:0042110,target:CD276,annotates_target
go:GO:0042110,target:LTBR,annotates_target
go:GO:0042110,target:NCK2,annotates_target
go:GO:0042113,go:GO:0002312,go_parent
go:GO:0042113,go:GO:0030183,go_parent
go:GO:0042116,go:GO:0001774,go_parent
go:GO:0042127,go:GO:0008284,go_parent
go:GO:0042127,go:GO:0008285,go_parent
go:GO:0042127,go:GO:0010464,go_parent
go:GO:0042127,go:GO:0033688,go_parent
go:GO:0042127,go:GO:0048145,go_parent
go:GO:0042127,go:GO:0048660,go_parent
go:GO:0042127,go:GO:0050678,go_parent
go:GO:0042127,go:GO:0060043,go_parent
go:GO:0042127,go:GO:0070663,go_parent
go:GO:0042127,go:GO:0072091,go_parent
go:GO:0042127,go:GO:2000136,go_parent
go:GO:0042127,go:GO:2000177,go_parent
go:GO:0042127,target:BIRC2,annotates_target
go:GO:0042127,target:DNAJA3,annotates_target
go:GO:0042127,target:EID2,annotates_target
go:GO:0042127,target:PIAS1,annotates_target
go:GO:0042127,target:STAT1,annotates_target
go:GO:0042127,target:STAT6,annotates_target
go:GO:0042127,target:TGFBR2,annotates_target
go:GO:0042129,go:GO:0042102,go_parent
go:GO:0042129,go:GO:0042130,go_parent
go:GO:0042129,go:GO:0046640,go_parent
go:GO:0042130,target:DLG5,annotates_target
go:GO:0042149,target:ATF4,annotates_target
go:GO:0042149,target:BECN1,annotates_target
go:GO:0042157,go:GO:0042158,go_parent
go:GO:0042157,target:APOE,annotates_target
go:GO:0042158,target:APOE,annotates_target
go:GO:0042168,go:GO:0006783,go_parent
go:GO:0042176,go:GO:0032803,go_parent
go:GO:0042176,go:GO:0042177,go_parent
go:GO:0042176,go:GO:0045732,go_parent
go:GO:0042176,go:GO:0051043,go_parent
go:GO:0042176,go:GO:0061136,go_parent
go:GO:0042176,go:GO:1904714,go_parent
go:GO:0042176,go:GO:2000058,go_parent
go:GO:0042177,go:GO:1901799,go_parent
go:GO:0042177,go:GO:1904715,go_parent
go:GO:0042177,go:GO:2000059,go_parent
go:GO:0042177,target:HMGCR,annotates_target
go:GO:0042220,go:GO:0048148,go_parent
go:GO:0042220,target:SNCA,annotates_target
go:GO:0042221,go:GO:0001101,go_parent
go:GO:0042221,go:GO:0006935,go_parent
go:GO:0042221,go:GO:0007584,go_parent
go:GO:0042221,go:GO:0007635,go_parent
go:GO:0042221,go:GO:0009410,go_parent
go:GO:0042221,go:GO:0009593,go_parent
go:GO:0042221,go:GO:0009636,go_parent
go:GO:0042221,go:GO:0009725,go_parent
go:GO:0042221,go:GO:0010038,go_parent
go:GO:0042221,go:GO:0033993,go_parent
go:GO:0042221,go:GO:0035094,go_parent
go:GO:0042221,go:GO:0036503,go_parent
go:GO:0042221,go:GO:0046677,go_parent
go:GO:0042221,go:GO:0046683,go_parent
go:GO:0042221,go:GO:0046685,go_parent
go:GO:0042221,go:GO:0051913,go_parent
go:GO:0042221,go:GO:0070887,go_parent
go:GO:0042221,go:GO:0071871,go_parent
go:GO:0042221,go:GO:0072347,go_parent
go:GO:0042221,go:GO:1901652,go_parent
go:GO:0042221,go:GO:1901698,go_parent
go:GO:0042221,go:GO:1901700,go_parent
go:GO:0042221,go:GO:1902074,go_parent
go:GO:0042221,go:GO:1904772,go_parent
go:GO:0042221,go:GO:1904880,go_parent
go:GO:0042254,go:GO:0006364,go_parent
go:GO:0042254,go:GO:0042255,go_parent
go:GO:0042254,go:GO:0042274,go_parent
go:GO:0042254,target:SBDS,annotates_target
go:GO:0042255,go:GO:0000028,go_parent
go:GO:0042255,go:GO:0042256,go_parent
go:GO:0042255,go:GO:0061668,go_parent
go:GO:0042256,target:C1QBP,annotates_target
go:GO:0042256,target:SBDS,annotates_target
go:GO:0042274,go:GO:0000028,go_parent
go:GO:0042274,target:METTL17,annotates_target
go:GO:0042306,go:GO:0042307,go_parent
go:GO:0042307,target:EP300,annotates_target
go:GO:0042307,target:HDAC3,annotates_target
go:GO:0042311,target:SRC,annotates_target
go:GO:0042325,go:GO:0001932,go_parent
go:GO:0042325,go:GO:0042326,go_parent
go:GO:0042325,go:GO:0042327,go_parent
go:GO:0042325,go:GO:0043549,go_parent
go:GO:0042326,go:GO:0001933,go_parent
go:GO:0042326,go:GO:0033673,go_parent
go:GO:0042327,go:GO:0001934,go_parent
go:GO:0042327,go:GO:0033674,go_parent
go:GO:0042327,target:GRB10,annotates_target
go:GO:0042330,go:GO:0006935,go_parent
go:GO:0042391,go:GO:0001508,go_parent
go:GO:0042391,go:GO:0003254,go_parent
go:GO:0042391,go:GO:0045838,go_parent
go:GO:0042391,go:GO:0051881,go_parent
go:GO:0042391,go:GO:0060078,go_parent
go:GO:0042391,go:GO:0086009,go_parent
go:GO:0042391,go:GO:0098900,go_parent
go:GO:0042401,go:GO:0006596,go_parent
go:GO:0042401,go:GO:0042423,go_parent
go:GO:0042416,target:SNCA,annotates_target
go:GO:0042417,go:GO:0042416,go_parent
go:GO:0042423,go:GO:0042416,go_parent
go:GO:0042440,go:GO:0042168,go_parent
go:GO:0042440,go:GO:0046148,go_parent
go:GO:0042445,go:GO:0008209,go_parent
go:GO:0042445,go:GO:0016486,go_parent
go:GO:0042445,go:GO:0042446,go_parent
go:GO:0042445,go:GO:0042447,go_parent
go:GO:0042446,go:GO:0006702,go_parent
go:GO:0042447,target:IDE,annotates_target
go:GO:0042461,go:GO:0042462,go_parent
go:GO:0042462,go:GO:0046549,go_parent
go:GO:0042490,go:GO:0060113,go_parent
go:GO:0042542,go:GO:0070301,go_parent
go:GO:0042542,target:CASP3,annotates_target
go:GO:0042551,target:KDM1A,annotates_target
go:GO:0042552,target:RAF1,annotates_target
go:GO:0042592,go:GO:0019725,go_parent
go:GO:0042592,go:GO:0048871,go_parent
go:GO:0042592,go:GO:0048878,go_parent
go:GO:0042593,go:GO:0001678,go_parent
go:GO:0042593,target:SOX4,annotates_target
go:GO:0042593,target:TCF7L2,annotates_target
go:GO:0042593,target:TSC22D4,annotates_target
go:GO:0042593,target:WFS1,annotates_target
go:GO:0042594,go:GO:0009267,go_parent
go:GO:0042594,go:GO:1990928,go_parent
go:GO:0042594,target:ATM,annotates_target
go:GO:0042594,target:OXCT1,annotates_target
go:GO:0042632,target:APOE,annotates_target
go:GO:0042632,target:INSIG1,annotates_target
go:GO:0042632,target:MED13,annotates_target
go:GO:0042632,target:NFE2L1,annotates_target
go:GO:0042632,target:TSKU,annotates_target
go:GO:0042634,go:GO:0042635,go_parent
go:GO:0042635,target:TSKU,annotates_target
go:GO:0042659,target:MTA1,annotates_target
go:GO:0042670,go:GO:0046549,go_parent
go:GO:0042692,go:GO:0051146,go_parent
go:GO:0042692,go:GO:0055001,go_parent
go:GO:0042698,go:GO:0022602,go_parent
go:GO:0042698,go:GO:0044849,go_parent
go:GO:0042742,go:GO:0050829,go_parent
go:GO:0042742,go:GO:0050830,go_parent
go:GO:0042742,target:IKBKG,annotates_target
go:GO:0042742,target:MAP3K7,annotates_target
go:GO:0042752,go:GO:0009649,go_parent
go:GO:0042752,target:CSNK1E,annotates_target
go:GO:0042752,target:GSK3B,annotates_target
go:GO:0042752,target:HDAC3,annotates_target
go:GO:0042752,target:KLF10,annotates_target
go:GO:0042770,go:GO:0000077,go_parent
go:GO:0042770,go:GO:0030330,go_parent
go:GO:0042770,target:ATM,annotates_target
go:GO:0042770,target:MAP3K7,annotates_target
go:GO:0042771,target:EP300,annotates_target
go:GO:0042773,go:GO:0042775,go_parent
go:GO:0042775,go:GO:0006120,go_parent
go:GO:0042775,go:GO:0006122,go_parent
go:GO:0042775,go:GO:0006123,go_parent
go:GO:0042775,target:NDUFB6,annotates_target
go:GO:0042776,target:NDUFB4,annotates_target
go:GO:0042776,target:NDUFB6,annotates_target
go:GO:0042776,target:NDUFB9,annotates_target
go:GO:0042776,target:NDUFC2,annotates_target
go:GO:0042780,go:GO:1990180,go_parent
go:GO:0042780,target:ELAC2,annotates_target
go:GO:0042789,target:ATF4,annotates_target
go:GO:0042789,target:MED1,annotates_target
go:GO:0042789,target:TAF11,annotates_target
go:GO:0042789,target:TAF13,annotates_target
go:GO:0042939,go:GO:0034635,go_parent
go:GO:0042981,go:GO:0010660,go_parent
go:GO:0042981,go:GO:0043065,go_parent
go:GO:0042981,go:GO:0043066,go_parent
go:GO:0042981,go:GO:0043523,go_parent
go:GO:0042981,go:GO:1904035,go_parent
go:GO:0042981,go:GO:2000106,go_parent
go:GO:0042981,go:GO:2000209,go_parent
go:GO:0042981,go:GO:2000351,go_parent
go:GO:0042981,go:GO:2001233,go_parent
go:GO:0042981,target:ACTN1,annotates_target
go:GO:0042981,target:APOE,annotates_target
go:GO:0042981,target:ATF4,annotates_target
go:GO:0042981,target:ATM,annotates_target
go:GO:0042981,target:BIRC2,annotates_target
go:GO:0042981,target:CASP2,annotates_target
go:GO:0042981,target:DAXX,annotates_target
go:GO:0042981,target:DLG5,annotates_target
go:GO:0042981,target:GSK3B,annotates_target
go:GO:0042981,target:HAX1,annotates_target
go:GO:0042981,target:IGF2R,annotates_target
go:GO:0042981,target:IRF3,annotates_target
go:GO:0042981,target:RAF1,annotates_target
go:GO:0042981,target:STAT1,annotates_target
go:GO:0042982,target:APOE,annotates_target
go:GO:0042996,go:GO:0042997,go_parent
go:GO:0042997,target:CSK,annotates_target
go:GO:0043001,target:KRT18,annotates_target
go:GO:0043009,go:GO:0001701,go_parent
go:GO:0043009,go:GO:0021915,go_parent
go:GO:0043009,go:GO:0048706,go_parent
go:GO:0043009,go:GO:0060037,go_parent
go:GO:0043009,target:FGFR1,annotates_target
go:GO:0043010,go:GO:0002088,go_parent
go:GO:0043010,go:GO:0031076,go_parent
go:GO:0043010,go:GO:0048593,go_parent
go:GO:0043010,go:GO:0060041,go_parent
go:GO:0043010,target:TSKU,annotates_target
go:GO:0043011,target:TGFBR2,annotates_target
go:GO:0043029,target:PPP2R3C,annotates_target
go:GO:0043062,go:GO:0030198,go_parent
go:GO:0043065,go:GO:0010661,go_parent
go:GO:0043065,go:GO:0043525,go_parent
go:GO:0043065,go:GO:2000353,go_parent
go:GO:0043065,go:GO:2001235,go_parent
go:GO:0043065,target:ATF4,annotates_target
go:GO:0043065,target:ATM,annotates_target
go:GO:0043065,target:C1QBP,annotates_target
go:GO:0043065,target:CASP2,annotates_target
go:GO:0043065,target:CASP3,annotates_target
go:GO:0043065,target:CTNNB1,annotates_target
go:GO:0043065,target:DNAJA3,annotates_target
go:GO:0043065,target:IGF2R,annotates_target
go:GO:0043065,target:SNCA,annotates_target
go:GO:0043065,target:SOX4,annotates_target
go:GO:0043065,target:TNFRSF12A,annotates_target
go:GO:0043066,go:GO:0010656,go_parent
go:GO:0043066,go:GO:0043524,go_parent
go:GO:0043066,go:GO:1904036,go_parent
go:GO:0043066,go:GO:2000107,go_parent
go:GO:0043066,go:GO:2000352,go_parent
go:GO:0043066,go:GO:2000811,go_parent
go:GO:0043066,go:GO:2001234,go_parent
go:GO:0043066,target:AKT2,annotates_target
go:GO:0043066,target:BECN1,annotates_target
go:GO:0043066,target:BIRC2,annotates_target
go:GO:0043066,target:CASP2,annotates_target
go:GO:0043066,target:CTNNB1,annotates_target
go:GO:0043066,target:DNAJA3,annotates_target
go:GO:0043066,target:GSK3B,annotates_target
go:GO:0043066,target:HAX1,annotates_target
go:GO:0043066,target:HDAC3,annotates_target
go:GO:0043066,target:HSP90B1,annotates_target
go:GO:0043066,target:IGF1R,annotates_target
go:GO:0043066,target:KDR,annotates_target
go:GO:0043066,target:KRT18,annotates_target
go:GO:0043066,target:MED1,annotates_target
go:GO:0043066,target:PIAS1,annotates_target
go:GO:0043066,target:RAF1,annotates_target
go:GO:0043066,target:SIX4,annotates_target
go:GO:0043066,target:SNCA,annotates_target
go:GO:0043066,target:SRC,annotates_target
go:GO:0043066,target:STUB1,annotates_target
go:GO:0043066,target:SUPV3L1,annotates_target
go:GO:0043066,target:TMBIM6,annotates_target
go:GO:0043066,target:WFS1,annotates_target
go:GO:0043067,go:GO:0042981,go_parent
go:GO:0043067,go:GO:0043068,go_parent
go:GO:0043067,go:GO:0043069,go_parent
go:GO:0043067,go:GO:0062098,go_parent
go:GO:0043067,go:GO:0110075,go_parent
go:GO:0043068,go:GO:0043065,go_parent
go:GO:0043068,go:GO:0160020,go_parent
go:GO:0043069,go:GO:0043066,go_parent
go:GO:0043069,go:GO:0062099,go_parent
go:GO:0043069,go:GO:0110076,go_parent
go:GO:0043069,target:BECN1,annotates_target
go:GO:0043069,target:DNAJA3,annotates_target
go:GO:0043069,target:WFS1,annotates_target
go:GO:0043085,go:GO:0033674,go_parent
go:GO:0043085,go:GO:0051096,go_parent
go:GO:0043085,go:GO:0051345,go_parent
go:GO:0043085,go:GO:0051351,go_parent
go:GO:0043085,target:STX4,annotates_target
go:GO:0043086,go:GO:0033673,go_parent
go:GO:0043086,go:GO:0051346,go_parent
go:GO:0043086,go:GO:0051354,go_parent
go:GO:0043086,go:GO:2000466,go_parent
go:GO:0043087,go:GO:0034260,go_parent
go:GO:0043087,go:GO:0043547,go_parent
go:GO:0043094,go:GO:0043101,go_parent
go:GO:0043094,go:GO:0043173,go_parent
go:GO:0043101,go:GO:0032261,go_parent
go:GO:0043112,go:GO:0001881,go_parent
go:GO:0043112,go:GO:0032801,go_parent
go:GO:0043113,go:GO:0071340,go_parent
go:GO:0043113,go:GO:0072578,go_parent
go:GO:0043113,target:THY1,annotates_target
go:GO:0043114,go:GO:0043116,go_parent
go:GO:0043114,go:GO:0043117,go_parent
go:GO:0043114,go:GO:0150200,go_parent
go:GO:0043114,target:SRC,annotates_target
go:GO:0043116,go:GO:0150202,go_parent
go:GO:0043117,go:GO:0150201,go_parent
go:GO:0043122,go:GO:0043123,go_parent
go:GO:0043122,go:GO:0043124,go_parent
go:GO:0043123,target:BIRC2,annotates_target
go:GO:0043123,target:DHX36,annotates_target
go:GO:0043123,target:IKBKG,annotates_target
go:GO:0043123,target:IRF3,annotates_target
go:GO:0043123,target:JMJD8,annotates_target
go:GO:0043123,target:LTBR,annotates_target
go:GO:0043123,target:MAP3K7,annotates_target
go:GO:0043124,target:DNAJA3,annotates_target
go:GO:0043124,target:STAT1,annotates_target
go:GO:0043124,target:TMSB4X,annotates_target
go:GO:0043149,target:SRC,annotates_target
go:GO:0043153,target:MTA1,annotates_target
go:GO:0043161,go:GO:0031146,go_parent
go:GO:0043161,go:GO:0140627,go_parent
go:GO:0043161,go:GO:1990116,go_parent
go:GO:0043161,target:BIRC2,annotates_target
go:GO:0043161,target:CTNNB1,annotates_target
go:GO:0043161,target:GSK3B,annotates_target
go:GO:0043161,target:KLHDC2,annotates_target
go:GO:0043161,target:LZTR1,annotates_target
go:GO:0043161,target:MTA1,annotates_target
go:GO:0043161,target:STUB1,annotates_target
go:GO:0043162,target:CHMP3,annotates_target
go:GO:0043170,go:GO:0005976,go_parent
go:GO:0043170,go:GO:0006022,go_parent
go:GO:0043170,go:GO:0009057,go_parent
go:GO:0043170,go:GO:0009059,go_parent
go:GO:0043170,go:GO:0019538,go_parent
go:GO:0043170,go:GO:0043112,go_parent
go:GO:0043170,go:GO:0043412,go_parent
go:GO:0043170,go:GO:0090304,go_parent
go:GO:0043171,target:IDE,annotates_target
go:GO:0043173,go:GO:0032261,go_parent
go:GO:0043200,go:GO:0043201,go_parent
go:GO:0043200,go:GO:0071230,go_parent
go:GO:0043200,go:GO:1902065,go_parent
go:GO:0043200,go:GO:1904640,go_parent
go:GO:0043200,target:CASP3,annotates_target
go:GO:0043201,go:GO:0071233,go_parent
go:GO:0043207,go:GO:0002237,go_parent
go:GO:0043207,go:GO:0051707,go_parent
go:GO:0043242,go:GO:1901880,go_parent
go:GO:0043243,target:IGF1R,annotates_target
go:GO:0043244,go:GO:0043242,go_parent
go:GO:0043244,go:GO:0043243,go_parent
go:GO:0043244,go:GO:1901879,go_parent
go:GO:0043248,go:GO:0080129,go_parent
go:GO:0043248,target:PSMG1,annotates_target
go:GO:0043254,go:GO:0010807,go_parent
go:GO:0043254,go:GO:0031333,go_parent
go:GO:0043254,go:GO:0031334,go_parent
go:GO:0043254,go:GO:0032271,go_parent
go:GO:0043254,go:GO:0032459,go_parent
go:GO:0043254,go:GO:0033623,go_parent
go:GO:0043254,go:GO:0035542,go_parent
go:GO:0043254,go:GO:0090034,go_parent
go:GO:0043254,go:GO:1904882,go_parent
go:GO:0043254,go:GO:2001176,go_parent
go:GO:0043254,target:APOE,annotates_target
go:GO:0043255,go:GO:0006111,go_parent
go:GO:0043255,go:GO:0010919,go_parent
go:GO:0043255,go:GO:0032885,go_parent
go:GO:0043266,go:GO:0043267,go_parent
go:GO:0043266,go:GO:0043268,go_parent
go:GO:0043266,go:GO:1901379,go_parent
go:GO:0043267,target:ATF4,annotates_target
go:GO:0043268,go:GO:1901381,go_parent
go:GO:0043269,go:GO:0010959,go_parent
go:GO:0043269,go:GO:0034765,go_parent
go:GO:0043269,go:GO:0043270,go_parent
go:GO:0043269,go:GO:0043271,go_parent
go:GO:0043270,go:GO:0010765,go_parent
go:GO:0043270,go:GO:0034767,go_parent
go:GO:0043270,go:GO:0043268,go_parent
go:GO:0043270,go:GO:0051928,go_parent
go:GO:0043271,go:GO:0034766,go_parent
go:GO:0043271,go:GO:0043267,go_parent
go:GO:0043271,go:GO:0051926,go_parent
go:GO:0043276,target:IKBKG,annotates_target
go:GO:0043276,target:MAP3K7,annotates_target
go:GO:0043277,go:GO:0043652,go_parent
go:GO:0043277,target:ITGAV,annotates_target
go:GO:0043279,go:GO:0042220,go_parent
go:GO:0043279,go:GO:0071312,go_parent
go:GO:0043279,go:GO:0072733,go_parent
go:GO:0043297,go:GO:0070830,go_parent
go:GO:0043297,target:VCL,annotates_target
go:GO:0043300,go:GO:0043302,go_parent
go:GO:0043300,go:GO:0043304,go_parent
go:GO:0043300,go:GO:0043309,go_parent
go:GO:0043302,go:GO:0043306,go_parent
go:GO:0043302,go:GO:0043311,go_parent
go:GO:0043304,go:GO:0043306,go_parent
go:GO:0043306,target:STXBP1,annotates_target
go:GO:0043309,go:GO:0043311,go_parent
go:GO:0043311,target:STX4,annotates_target
go:GO:0043330,go:GO:0071360,go_parent
go:GO:0043331,go:GO:0043330,go_parent
go:GO:0043331,go:GO:0071359,go_parent
go:GO:0043368,go:GO:0045059,go_parent
go:GO:0043370,go:GO:0043372,go_parent
go:GO:0043370,go:GO:0045622,go_parent
go:GO:0043372,go:GO:0045624,go_parent
go:GO:0043392,go:GO:2000678,go_parent
go:GO:0043393,go:GO:0032092,go_parent
go:GO:0043401,go:GO:0030518,go_parent
go:GO:0043405,go:GO:0043406,go_parent
go:GO:0043405,go:GO:0043407,go_parent
go:GO:0043405,go:GO:0043506,go_parent
go:GO:0043406,go:GO:0043507,go_parent
go:GO:0043406,target:FGFR1,annotates_target
go:GO:0043407,target:PTPN1,annotates_target
go:GO:0043408,go:GO:0043409,go_parent
go:GO:0043408,go:GO:0043410,go_parent
go:GO:0043408,go:GO:0046328,go_parent
go:GO:0043408,go:GO:0070372,go_parent
go:GO:0043408,target:KDR,annotates_target
go:GO:0043408,target:MAP3K7,annotates_target
go:GO:0043409,go:GO:0043407,go_parent
go:GO:0043409,go:GO:0046329,go_parent
go:GO:0043409,go:GO:0070373,go_parent
go:GO:0043409,target:APOE,annotates_target
go:GO:0043409,target:IGF1R,annotates_target
go:GO:0043410,go:GO:0043406,go_parent
go:GO:0043410,go:GO:0046330,go_parent
go:GO:0043410,go:GO:0070374,go_parent
go:GO:0043410,target:FGFR1,annotates_target
go:GO:0043410,target:IGF1R,annotates_target
go:GO:0043410,target:KDR,annotates_target
go:GO:0043410,target:MAP3K7,annotates_target
go:GO:0043410,target:RAF1,annotates_target
go:GO:0043410,target:SOX2,annotates_target
go:GO:0043412,go:GO:0009451,go_parent
go:GO:0043412,go:GO:0036211,go_parent
go:GO:0043412,go:GO:0043414,go_parent
go:GO:0043412,go:GO:0098732,go_parent
go:GO:0043414,go:GO:0001510,go_parent
go:GO:0043414,go:GO:0006479,go_parent
go:GO:0043434,go:GO:0032868,go_parent
go:GO:0043434,go:GO:0060416,go_parent
go:GO:0043434,go:GO:0071375,go_parent
go:GO:0043434,go:GO:1990776,go_parent
go:GO:0043434,target:CXCL12,annotates_target
go:GO:0043434,target:STAT1,annotates_target
go:GO:0043434,target:STAT6,annotates_target
go:GO:0043436,go:GO:0019752,go_parent
go:GO:0043455,go:GO:1900376,go_parent
go:GO:0043457,go:GO:1901856,go_parent
go:GO:0043457,go:GO:1903715,go_parent
go:GO:0043461,go:GO:0033615,go_parent
go:GO:0043462,go:GO:0032780,go_parent
go:GO:0043462,go:GO:0032781,go_parent
go:GO:0043467,go:GO:0006110,go_parent
go:GO:0043467,go:GO:0043457,go_parent
go:GO:0043467,go:GO:0070873,go_parent
go:GO:0043467,go:GO:1905446,go_parent
go:GO:0043467,target:RBPJ,annotates_target
go:GO:0043470,go:GO:0006110,go_parent
go:GO:0043473,go:GO:0033059,go_parent
go:GO:0043484,go:GO:0033119,go_parent
go:GO:0043484,go:GO:0048024,go_parent
go:GO:0043484,target:KAT2A,annotates_target
go:GO:0043484,target:TADA1,annotates_target
go:GO:0043484,target:USP22,annotates_target
go:GO:0043487,go:GO:0043488,go_parent
go:GO:0043487,go:GO:0043489,go_parent
go:GO:0043487,go:GO:0050779,go_parent
go:GO:0043488,go:GO:0048255,go_parent
go:GO:0043488,go:GO:0061157,go_parent
go:GO:0043488,go:GO:1900151,go_parent
go:GO:0043488,target:DHX36,annotates_target
go:GO:0043488,target:MAPKAPK2,annotates_target
go:GO:0043489,go:GO:0048255,go_parent
go:GO:0043489,go:GO:0090669,go_parent
go:GO:0043489,target:METTL3,annotates_target
go:GO:0043491,target:C1QBP,annotates_target
go:GO:0043491,target:GSK3B,annotates_target
go:GO:0043491,target:IGF1R,annotates_target
go:GO:0043502,go:GO:0010611,go_parent
go:GO:0043506,go:GO:0043507,go_parent
go:GO:0043507,target:MAP3K7,annotates_target
go:GO:0043516,go:GO:0043517,go_parent
go:GO:0043516,go:GO:0043518,go_parent
go:GO:0043516,target:SOX4,annotates_target
go:GO:0043517,target:ATM,annotates_target
go:GO:0043518,target:KDM1A,annotates_target
go:GO:0043523,go:GO:0043524,go_parent
go:GO:0043523,go:GO:0043525,go_parent
go:GO:0043523,go:GO:1903376,go_parent
go:GO:0043523,target:CASP3,annotates_target
go:GO:0043524,go:GO:1903377,go_parent
go:GO:0043524,target:ADNP,annotates_target
go:GO:0043524,target:KDM2B,annotates_target
go:GO:0043524,target:KDR,annotates_target
go:GO:0043524,target:SET,annotates_target
go:GO:0043524,target:SIX4,annotates_target
go:GO:0043524,target:SNCA,annotates_target
go:GO:0043524,target:WFS1,annotates_target
go:GO:0043525,target:ATF4,annotates_target
go:GO:0043525,target:CASP2,annotates_target
go:GO:0043525,target:CASP3,annotates_target
go:GO:0043525,target:CTNNB1,annotates_target
go:GO:0043525,target:GSK3B,annotates_target
go:GO:0043534,go:GO:0002042,go_parent
go:GO:0043535,go:GO:0043536,go_parent
go:GO:0043535,go:GO:0043537,go_parent
go:GO:0043535,go:GO:0090049,go_parent
go:GO:0043535,target:PRCP,annotates_target
go:GO:0043536,go:GO:0090050,go_parent
go:GO:0043536,target:AKT2,annotates_target
go:GO:0043536,target:FGFR1,annotates_target
go:GO:0043536,target:KDR,annotates_target
go:GO:0043536,target:TMSB4X,annotates_target
go:GO:0043537,target:APOE,annotates_target
go:GO:0043542,go:GO:0043534,go_parent
go:GO:0043542,target:PAXIP1,annotates_target
go:GO:0043543,go:GO:0006473,go_parent
go:GO:0043543,go:GO:0061921,go_parent
go:GO:0043543,go:GO:0106227,go_parent
go:GO:0043543,go:GO:0140066,go_parent
go:GO:0043543,go:GO:0140067,go_parent
go:GO:0043547,target:THY1,annotates_target
go:GO:0043549,go:GO:0033673,go_parent
go:GO:0043549,go:GO:0033674,go_parent
go:GO:0043549,go:GO:0045859,go_parent
go:GO:0043555,go:GO:0032056,go_parent
go:GO:0043555,go:GO:0036490,go_parent
go:GO:0043555,go:GO:0043558,go_parent
go:GO:0043558,go:GO:0036491,go_parent
go:GO:0043562,go:GO:0006995,go_parent
go:GO:0043570,target:TCF7L2,annotates_target
go:GO:0043583,go:GO:0048839,go_parent
go:GO:0043584,go:GO:0030910,go_parent
go:GO:0043586,go:GO:0043587,go_parent
go:GO:0043586,go:GO:0061196,go_parent
go:GO:0043586,target:SIX4,annotates_target
go:GO:0043587,go:GO:0061197,go_parent
go:GO:0043588,go:GO:0030216,go_parent
go:GO:0043588,go:GO:0098773,go_parent
go:GO:0043588,target:DHCR24,annotates_target
go:GO:0043627,target:EP300,annotates_target
go:GO:0043632,go:GO:0019941,go_parent
go:GO:0043648,go:GO:0006107,go_parent
go:GO:0043652,target:BECN1,annotates_target
go:GO:0043687,go:GO:0070647,go_parent
go:GO:0043691,target:APOE,annotates_target
go:GO:0043903,go:GO:0052372,go_parent
go:GO:0043921,go:GO:0043923,go_parent
go:GO:0043923,target:EP300,annotates_target
go:GO:0043923,target:SMARCA4,annotates_target
go:GO:0043923,target:SMARCB1,annotates_target
go:GO:0043923,target:TAF11,annotates_target
go:GO:0043933,go:GO:0032984,go_parent
go:GO:0043933,go:GO:0034367,go_parent
go:GO:0043933,go:GO:0065003,go_parent
go:GO:0043933,go:GO:0071824,go_parent
go:GO:0043933,go:GO:0071825,go_parent
go:GO:0043933,go:GO:0071826,go_parent
go:GO:0043954,go:GO:0097062,go_parent
go:GO:0044027,target:DNMT1,annotates_target
go:GO:0044029,target:TET1,annotates_target
go:GO:0044042,go:GO:0005977,go_parent
go:GO:0044042,go:GO:0009250,go_parent
go:GO:0044057,go:GO:0090257,go_parent
go:GO:0044057,go:GO:0150200,go_parent
go:GO:0044057,go:GO:1903522,go_parent
go:GO:0044085,go:GO:0022607,go_parent
go:GO:0044085,go:GO:0022613,go_parent
go:GO:0044085,go:GO:0044091,go_parent
go:GO:0044087,go:GO:0043254,go_parent
go:GO:0044087,go:GO:0044089,go_parent
go:GO:0044087,go:GO:0060491,go_parent
go:GO:0044087,go:GO:0090083,go_parent
go:GO:0044087,go:GO:1901888,go_parent
go:GO:0044087,go:GO:1902115,go_parent
go:GO:0044088,go:GO:0044090,go_parent
go:GO:0044088,go:GO:1905671,go_parent
go:GO:0044088,go:GO:2000785,go_parent
go:GO:0044089,go:GO:0031334,go_parent
go:GO:0044089,go:GO:0090261,go_parent
go:GO:0044089,go:GO:0120034,go_parent
go:GO:0044089,go:GO:1901890,go_parent
go:GO:0044089,go:GO:1902117,go_parent
go:GO:0044089,go:GO:1903543,go_parent
go:GO:0044089,target:ARPC2,annotates_target
go:GO:0044090,go:GO:2000786,go_parent
go:GO:0044091,go:GO:0071709,go_parent
go:GO:0044092,go:GO:0032410,go_parent
go:GO:0044092,go:GO:0032780,go_parent
go:GO:0044092,go:GO:0043086,go_parent
go:GO:0044092,go:GO:0051100,go_parent
go:GO:0044093,go:GO:0032781,go_parent
go:GO:0044093,go:GO:0043085,go_parent
go:GO:0044093,go:GO:0051099,go_parent
go:GO:0044238,go:GO:0005975,go_parent
go:GO:0044238,go:GO:0006139,go_parent
go:GO:0044238,go:GO:0006396,go_parent
go:GO:0044238,go:GO:0006520,go_parent
go:GO:0044238,go:GO:0006629,go_parent
go:GO:0044238,go:GO:0019538,go_parent
go:GO:0044272,go:GO:0006556,go_parent
go:GO:0044272,go:GO:0015937,go_parent
go:GO:0044272,go:GO:0071616,go_parent
go:GO:0044281,go:GO:0005996,go_parent
go:GO:0044281,go:GO:0006066,go_parent
go:GO:0044281,go:GO:0043436,go_parent
go:GO:0044281,go:GO:0044282,go_parent
go:GO:0044281,go:GO:0044283,go_parent
go:GO:0044281,go:GO:0055086,go_parent
go:GO:0044282,go:GO:0046365,go_parent
go:GO:0044282,go:GO:0046395,go_parent
go:GO:0044282,go:GO:0046952,go_parent
go:GO:0044283,go:GO:0046165,go_parent
go:GO:0044283,go:GO:0046364,go_parent
go:GO:0044283,go:GO:0046394,go_parent
go:GO:0044319,go:GO:0035313,go_parent
go:GO:0044319,target:TOR1A,annotates_target
go:GO:0044331,target:CTNNB1,annotates_target
go:GO:0044344,go:GO:0008543,go_parent
go:GO:0044344,target:FGFR1,annotates_target
go:GO:0044344,target:PTPN1,annotates_target
go:GO:0044344,target:SNCA,annotates_target
go:GO:0044351,target:MAPKAPK2,annotates_target
go:GO:0044396,target:ARPC2,annotates_target
go:GO:0044403,go:GO:0051701,go_parent
go:GO:0044409,go:GO:0046718,go_parent
go:GO:0044419,go:GO:0035821,go_parent
go:GO:0044419,go:GO:0044403,go_parent
go:GO:0044419,go:GO:0051707,go_parent
go:GO:0044419,go:GO:0141060,go_parent
go:GO:0044770,go:GO:0044772,go_parent
go:GO:0044770,go:GO:0044839,go_parent
go:GO:0044770,go:GO:0044843,go_parent
go:GO:0044772,go:GO:0000082,go_parent
go:GO:0044772,go:GO:0000086,go_parent
go:GO:0044773,go:GO:0007095,go_parent
go:GO:0044773,go:GO:0031571,go_parent
go:GO:0044774,go:GO:0044773,go_parent
go:GO:0044788,go:GO:0043921,go_parent
go:GO:0044788,go:GO:0044794,go_parent
go:GO:0044790,target:CHMP3,annotates_target
go:GO:0044794,go:GO:0043923,go_parent
go:GO:0044794,target:APOE,annotates_target
go:GO:0044794,target:IGF2R,annotates_target
go:GO:0044818,go:GO:0007095,go_parent
go:GO:0044819,go:GO:0031571,go_parent
go:GO:0044839,go:GO:0000086,go_parent
go:GO:0044843,go:GO:0000082,go_parent
go:GO:0044849,target:ADNP,annotates_target
go:GO:0044860,go:GO:0044861,go_parent
go:GO:0044861,target:ATP1B1,annotates_target
go:GO:0045005,go:GO:0031297,go_parent
go:GO:0045010,go:GO:0034314,go_parent
go:GO:0045017,go:GO:0046474,go_parent
go:GO:0045022,target:BECN1,annotates_target
go:GO:0045047,go:GO:0006614,go_parent
go:GO:0045047,go:GO:0006620,go_parent
go:GO:0045048,target:TRAM2,annotates_target
go:GO:0045055,go:GO:0002576,go_parent
go:GO:0045055,go:GO:0016079,go_parent
go:GO:0045055,go:GO:0017156,go_parent
go:GO:0045055,target:STXBP1,annotates_target
go:GO:0045056,target:IGF1R,annotates_target
go:GO:0045058,go:GO:0043368,go_parent
go:GO:0045058,go:GO:0045061,go_parent
go:GO:0045059,target:NFATC3,annotates_target
go:GO:0045061,go:GO:0045059,go_parent
go:GO:0045069,go:GO:0045070,go_parent
go:GO:0045070,target:TARBP2,annotates_target
go:GO:0045087,go:GO:0034340,go_parent
go:GO:0045087,go:GO:0034341,go_parent
go:GO:0045087,go:GO:0140374,go_parent
go:GO:0045087,target:IKBKG,annotates_target
go:GO:0045087,target:IRF3,annotates_target
go:GO:0045088,go:GO:0045089,go_parent
go:GO:0045088,go:GO:0045824,go_parent
go:GO:0045088,go:GO:0060330,go_parent
go:GO:0045088,go:GO:0060338,go_parent
go:GO:0045088,go:GO:0062207,go_parent
go:GO:0045088,target:APOE,annotates_target
go:GO:0045088,target:BIRC2,annotates_target
go:GO:0045089,go:GO:0002218,go_parent
go:GO:0045089,go:GO:0062208,go_parent
go:GO:0045089,target:DHX9,annotates_target
go:GO:0045089,target:HMGB2,annotates_target
go:GO:0045089,target:IRF3,annotates_target
go:GO:0045103,go:GO:0045104,go_parent
go:GO:0045104,go:GO:0045109,go_parent
go:GO:0045104,target:KRT18,annotates_target
go:GO:0045104,target:TOR1A,annotates_target
go:GO:0045109,target:KRT18,annotates_target
go:GO:0045124,go:GO:0045779,go_parent
go:GO:0045124,target:SRC,annotates_target
go:GO:0045137,go:GO:0008406,go_parent
go:GO:0045137,go:GO:0046545,go_parent
go:GO:0045137,go:GO:0046546,go_parent
go:GO:0045165,go:GO:0001708,go_parent
go:GO:0045165,go:GO:0002326,go_parent
go:GO:0045165,go:GO:0021781,go_parent
go:GO:0045165,go:GO:0048625,go_parent
go:GO:0045165,go:GO:0060795,go_parent
go:GO:0045165,go:GO:0072148,go_parent
go:GO:0045184,go:GO:0006605,go_parent
go:GO:0045184,go:GO:0015031,go_parent
go:GO:0045184,go:GO:0072594,go_parent
go:GO:0045184,go:GO:0090150,go_parent
go:GO:0045185,go:GO:0032507,go_parent
go:GO:0045191,go:GO:0045830,go_parent
go:GO:0045191,go:GO:0048302,go_parent
go:GO:0045197,target:DLG5,annotates_target
go:GO:0045214,target:SIX4,annotates_target
go:GO:0045216,go:GO:0007043,go_parent
go:GO:0045216,go:GO:0034332,go_parent
go:GO:0045216,go:GO:0120193,go_parent
go:GO:0045216,target:CLDN7,annotates_target
go:GO:0045229,go:GO:0030198,go_parent
go:GO:0045321,go:GO:0002269,go_parent
go:GO:0045321,go:GO:0002274,go_parent
go:GO:0045321,go:GO:0002366,go_parent
go:GO:0045321,go:GO:0046649,go_parent
go:GO:0045324,target:BECN1,annotates_target
go:GO:0045324,target:CHMP3,annotates_target
go:GO:0045333,go:GO:0009060,go_parent
go:GO:0045333,go:GO:0022904,go_parent
go:GO:0045333,target:COX4I1,annotates_target
go:GO:0045333,target:COX6C,annotates_target
go:GO:0045333,target:CYCS,annotates_target
go:GO:0045333,target:UQCRB,annotates_target
go:GO:0045333,target:UQCRQ,annotates_target
go:GO:0045337,target:FDPS,annotates_target
go:GO:0045338,go:GO:0045337,go_parent
go:GO:0045346,go:GO:0045348,go_parent
go:GO:0045348,target:RFX5,annotates_target
go:GO:0045428,go:GO:0045429,go_parent
go:GO:0045429,target:APOE,annotates_target
go:GO:0045429,target:NFATC3,annotates_target
go:GO:0045444,go:GO:0050872,go_parent
go:GO:0045444,go:GO:0050873,go_parent
go:GO:0045444,go:GO:0160274,go_parent
go:GO:0045444,target:AKT2,annotates_target
go:GO:0045444,target:EP300,annotates_target
go:GO:0045444,target:MED1,annotates_target
go:GO:0045444,target:PIAS1,annotates_target
go:GO:0045444,target:TCF7L2,annotates_target
go:GO:0045445,go:GO:0048625,go_parent
go:GO:0045445,go:GO:0048627,go_parent
go:GO:0045445,go:GO:0060379,go_parent
go:GO:0045446,go:GO:0060837,go_parent
go:GO:0045446,go:GO:0060839,go_parent
go:GO:0045446,target:KDR,annotates_target
go:GO:0045453,target:SRC,annotates_target
go:GO:0045454,target:NFE2L1,annotates_target
go:GO:0045471,target:BIRC2,annotates_target
go:GO:0045471,target:CASP3,annotates_target
go:GO:0045471,target:OXCT1,annotates_target
go:GO:0045471,target:POLB,annotates_target
go:GO:0045475,target:MTA1,annotates_target
go:GO:0045540,go:GO:0045541,go_parent
go:GO:0045540,target:MBTPS1,annotates_target
go:GO:0045541,target:APOE,annotates_target
go:GO:0045541,target:INSIG1,annotates_target
go:GO:0045577,go:GO:0045579,go_parent
go:GO:0045579,target:PPP2R3C,annotates_target
go:GO:0045580,go:GO:0045582,go_parent
go:GO:0045580,go:GO:0045586,go_parent
go:GO:0045580,go:GO:0045589,go_parent
go:GO:0045580,go:GO:0046637,go_parent
go:GO:0045580,target:METTL14,annotates_target
go:GO:0045580,target:METTL3,annotates_target
go:GO:0045582,go:GO:0045588,go_parent
go:GO:0045582,go:GO:0046638,go_parent
go:GO:0045582,target:ARID1A,annotates_target
go:GO:0045582,target:PHF10,annotates_target
go:GO:0045582,target:SMARCA4,annotates_target
go:GO:0045582,target:SMARCB1,annotates_target
go:GO:0045582,target:SMARCE1,annotates_target
go:GO:0045586,go:GO:0045588,go_parent
go:GO:0045588,target:SOX4,annotates_target
go:GO:0045589,target:KAT2A,annotates_target
go:GO:0045595,go:GO:0010717,go_parent
go:GO:0045595,go:GO:0010743,go_parent
go:GO:0045595,go:GO:0030856,go_parent
go:GO:0045595,go:GO:0045596,go_parent
go:GO:0045595,go:GO:0045597,go_parent
go:GO:0045595,go:GO:0045598,go_parent
go:GO:0045595,go:GO:0045661,go_parent
go:GO:0045595,go:GO:0045664,go_parent
go:GO:0045595,go:GO:0045667,go_parent
go:GO:0045595,go:GO:0051147,go_parent
go:GO:0045595,go:GO:0060284,go_parent
go:GO:0045595,go:GO:1901532,go_parent
go:GO:0045595,go:GO:1904760,go_parent
go:GO:0045595,go:GO:1905207,go_parent
go:GO:0045595,go:GO:2000736,go_parent
go:GO:0045595,go:GO:2001014,go_parent
go:GO:0045595,go:GO:2001212,go_parent
go:GO:0045595,target:BIRC2,annotates_target
go:GO:0045595,target:FGFR1,annotates_target
go:GO:0045595,target:RAF1,annotates_target
go:GO:0045596,go:GO:0010719,go_parent
go:GO:0045596,go:GO:0010721,go_parent
go:GO:0045596,go:GO:0010745,go_parent
go:GO:0045596,go:GO:0030857,go_parent
go:GO:0045596,go:GO:0045599,go_parent
go:GO:0045596,go:GO:0045662,go_parent
go:GO:0045596,go:GO:0045665,go_parent
go:GO:0045596,go:GO:0045668,go_parent
go:GO:0045596,go:GO:0051148,go_parent
go:GO:0045596,go:GO:1901533,go_parent
go:GO:0045596,go:GO:1904761,go_parent
go:GO:0045596,go:GO:2000737,go_parent
go:GO:0045596,go:GO:2001015,go_parent
go:GO:0045596,target:ACVR1B,annotates_target
go:GO:0045596,target:BRD9,annotates_target
go:GO:0045596,target:SMARCA4,annotates_target
go:GO:0045597,go:GO:0010455,go_parent
go:GO:0045597,go:GO:0010718,go_parent
go:GO:0045597,go:GO:0010720,go_parent
go:GO:0045597,go:GO:0030858,go_parent
go:GO:0045597,go:GO:0045639,go_parent
go:GO:0045597,go:GO:0045663,go_parent
go:GO:0045597,go:GO:0045666,go_parent
go:GO:0045597,go:GO:0051149,go_parent
go:GO:0045597,go:GO:1901534,go_parent
go:GO:0045597,go:GO:1905209,go_parent
go:GO:0045597,go:GO:2000738,go_parent
go:GO:0045597,go:GO:2001214,go_parent
go:GO:0045597,target:ARID1A,annotates_target
go:GO:0045597,target:CTNNB1,annotates_target
go:GO:0045597,target:FGFR1,annotates_target
go:GO:0045597,target:GSK3B,annotates_target
go:GO:0045597,target:KDM1A,annotates_target
go:GO:0045597,target:PHF10,annotates_target
go:GO:0045597,target:SMARCA4,annotates_target
go:GO:0045597,target:SMARCB1,annotates_target
go:GO:0045597,target:SMARCE1,annotates_target
go:GO:0045598,go:GO:0045599,go_parent
go:GO:0045598,go:GO:0090335,go_parent
go:GO:0045599,go:GO:0160275,go_parent
go:GO:0045599,go:GO:1903444,go_parent
go:GO:0045601,go:GO:1901550,go_parent
go:GO:0045604,go:GO:0045606,go_parent
go:GO:0045604,go:GO:0045616,go_parent
go:GO:0045606,go:GO:0045618,go_parent
go:GO:0045616,go:GO:0045618,go_parent
go:GO:0045618,target:ETV4,annotates_target
go:GO:0045618,target:MED1,annotates_target
go:GO:0045619,go:GO:0045577,go_parent
go:GO:0045619,go:GO:0045580,go_parent
go:GO:0045619,go:GO:0045621,go_parent
go:GO:0045621,go:GO:0045579,go_parent
go:GO:0045621,go:GO:0045582,go_parent
go:GO:0045622,go:GO:0045624,go_parent
go:GO:0045622,go:GO:2000319,go_parent
go:GO:0045624,go:GO:2000321,go_parent
go:GO:0045637,go:GO:0002761,go_parent
go:GO:0045637,go:GO:0045639,go_parent
go:GO:0045637,go:GO:0045646,go_parent
go:GO:0045637,go:GO:0045652,go_parent
go:GO:0045639,go:GO:0002763,go_parent
go:GO:0045639,go:GO:0045648,go_parent
go:GO:0045639,go:GO:0045654,go_parent
go:GO:0045646,go:GO:0010725,go_parent
go:GO:0045646,go:GO:0045648,go_parent
go:GO:0045648,target:ACVR1B,annotates_target
go:GO:0045648,target:HMGB2,annotates_target
go:GO:0045648,target:KDM1A,annotates_target
go:GO:0045648,target:MED1,annotates_target
go:GO:0045648,target:STAT1,annotates_target
go:GO:0045652,go:GO:0045654,go_parent
go:GO:0045654,target:HMGB2,annotates_target
go:GO:0045654,target:KDM1A,annotates_target
go:GO:0045661,go:GO:0045662,go_parent
go:GO:0045661,go:GO:0045663,go_parent
go:GO:0045662,target:SOX4,annotates_target
go:GO:0045663,target:ARID1A,annotates_target
go:GO:0045663,target:PHF10,annotates_target
go:GO:0045663,target:SMARCA4,annotates_target
go:GO:0045663,target:SMARCB1,annotates_target
go:GO:0045663,target:SMARCE1,annotates_target
go:GO:0045663,target:SOX4,annotates_target
go:GO:0045664,go:GO:0045665,go_parent
go:GO:0045664,go:GO:0045666,go_parent
go:GO:0045664,go:GO:1904338,go_parent
go:GO:0045664,target:METTL14,annotates_target
go:GO:0045664,target:NREP,annotates_target
go:GO:0045665,go:GO:1904339,go_parent
go:GO:0045665,target:MED1,annotates_target
go:GO:0045665,target:SOX2,annotates_target
go:GO:0045666,target:CXCL12,annotates_target
go:GO:0045666,target:FGFR1,annotates_target
go:GO:0045666,target:MAP1B,annotates_target
go:GO:0045666,target:TCF3,annotates_target
go:GO:0045667,go:GO:0045668,go_parent
go:GO:0045667,target:ATF4,annotates_target
go:GO:0045668,target:GSK3B,annotates_target
go:GO:0045682,go:GO:0045604,go_parent
go:GO:0045682,go:GO:0045684,go_parent
go:GO:0045684,go:GO:0045606,go_parent
go:GO:0045719,target:GRB10,annotates_target
go:GO:0045719,target:GSK3B,annotates_target
go:GO:0045721,target:EP300,annotates_target
go:GO:0045721,target:KAT2A,annotates_target
go:GO:0045721,target:TCF7L2,annotates_target
go:GO:0045724,target:GSK3B,annotates_target
go:GO:0045725,target:AKT2,annotates_target
go:GO:0045727,go:GO:0032056,go_parent
go:GO:0045727,go:GO:0045948,go_parent
go:GO:0045727,go:GO:0070131,go_parent
go:GO:0045727,go:GO:2000767,go_parent
go:GO:0045727,target:DHX36,annotates_target
go:GO:0045727,target:METTL14,annotates_target
go:GO:0045727,target:METTL3,annotates_target
go:GO:0045732,go:GO:0032805,go_parent
go:GO:0045732,go:GO:0051044,go_parent
go:GO:0045732,go:GO:1901800,go_parent
go:GO:0045732,go:GO:2000060,go_parent
go:GO:0045732,target:GSK3B,annotates_target
go:GO:0045732,target:IDE,annotates_target
go:GO:0045732,target:OAZ1,annotates_target
go:GO:0045738,go:GO:2000780,go_parent
go:GO:0045739,go:GO:2000781,go_parent
go:GO:0045739,target:DHX9,annotates_target
go:GO:0045740,go:GO:2000105,go_parent
go:GO:0045740,target:DHX9,annotates_target
go:GO:0045740,target:SMARCA5,annotates_target
go:GO:0045742,target:ANTXR1,annotates_target
go:GO:0045744,go:GO:0070495,go_parent
go:GO:0045746,target:METTL3,annotates_target
go:GO:0045747,target:SRC,annotates_target
go:GO:0045765,go:GO:0016525,go_parent
go:GO:0045765,go:GO:0045766,go_parent
go:GO:0045765,go:GO:1903670,go_parent
go:GO:0045765,go:GO:1905553,go_parent
go:GO:0045765,target:CTNNB1,annotates_target
go:GO:0045765,target:TNFRSF12A,annotates_target
go:GO:0045766,go:GO:1903672,go_parent
go:GO:0045766,go:GO:1905555,go_parent
go:GO:0045766,target:CTNNB1,annotates_target
go:GO:0045766,target:KDR,annotates_target
go:GO:0045773,go:GO:0048842,go_parent
go:GO:0045773,target:ADNP,annotates_target
go:GO:0045773,target:MAP1B,annotates_target
go:GO:0045773,target:TWF2,annotates_target
go:GO:0045776,go:GO:0003085,go_parent
go:GO:0045777,go:GO:0003084,go_parent
go:GO:0045779,target:CSK,annotates_target
go:GO:0045785,go:GO:0010811,go_parent
go:GO:0045785,go:GO:0022409,go_parent
go:GO:0045785,target:ATM,annotates_target
go:GO:0045785,target:C1QBP,annotates_target
go:GO:0045785,target:CXCL12,annotates_target
go:GO:0045785,target:ITGAV,annotates_target
go:GO:0045785,target:STX4,annotates_target
go:GO:0045785,target:THY1,annotates_target
go:GO:0045786,go:GO:0010948,go_parent
go:GO:0045786,go:GO:0045930,go_parent
go:GO:0045787,go:GO:0045931,go_parent
go:GO:0045787,go:GO:0051446,go_parent
go:GO:0045787,go:GO:0090068,go_parent
go:GO:0045787,target:MAP3K7,annotates_target
go:GO:0045787,target:TCF3,annotates_target
go:GO:0045793,target:MAP3K7,annotates_target
go:GO:0045806,go:GO:0050765,go_parent
go:GO:0045806,target:PACSIN3,annotates_target
go:GO:0045807,go:GO:1900244,go_parent
go:GO:0045807,target:APOE,annotates_target
go:GO:0045807,target:SNCA,annotates_target
go:GO:0045814,go:GO:0031507,go_parent
go:GO:0045814,go:GO:0044027,go_parent
go:GO:0045814,target:DOT1L,annotates_target
go:GO:0045814,target:MTA1,annotates_target
go:GO:0045815,go:GO:0044029,go_parent
go:GO:0045815,target:ARID1A,annotates_target
go:GO:0045815,target:EP300,annotates_target
go:GO:0045815,target:SMARCA4,annotates_target
go:GO:0045815,target:SMARCB1,annotates_target
go:GO:0045821,target:SRC,annotates_target
go:GO:0045823,go:GO:0010460,go_parent
go:GO:0045824,go:GO:0060331,go_parent
go:GO:0045824,go:GO:0060339,go_parent
go:GO:0045824,target:TRAFD1,annotates_target
go:GO:0045830,go:GO:0048304,go_parent
go:GO:0045830,target:PAXIP1,annotates_target
go:GO:0045833,go:GO:0045939,go_parent
go:GO:0045833,go:GO:0051055,go_parent
go:GO:0045834,go:GO:0045923,go_parent
go:GO:0045834,go:GO:0045940,go_parent
go:GO:0045834,go:GO:0046889,go_parent
go:GO:0045834,go:GO:0050996,go_parent
go:GO:0045838,go:GO:0010918,go_parent
go:GO:0045839,go:GO:0045841,go_parent
go:GO:0045841,go:GO:0007094,go_parent
go:GO:0045844,go:GO:0048643,go_parent
go:GO:0045859,go:GO:0006469,go_parent
go:GO:0045859,go:GO:0045860,go_parent
go:GO:0045859,go:GO:0071900,go_parent
go:GO:0045860,go:GO:0032147,go_parent
go:GO:0045860,go:GO:0071902,go_parent
go:GO:0045861,target:IDE,annotates_target
go:GO:0045862,go:GO:0010954,go_parent
go:GO:0045862,go:GO:0051044,go_parent
go:GO:0045862,target:STUB1,annotates_target
go:GO:0045879,target:GSK3B,annotates_target
go:GO:0045880,target:DLG5,annotates_target
go:GO:0045892,go:GO:0000122,go_parent
go:GO:0045892,go:GO:0016479,go_parent
go:GO:0045892,go:GO:0032785,go_parent
go:GO:0045892,go:GO:1902894,go_parent
go:GO:0045892,go:GO:2000143,go_parent
go:GO:0045892,target:CREG1,annotates_target
go:GO:0045892,target:CTBP2,annotates_target
go:GO:0045892,target:CTNNB1,annotates_target
go:GO:0045892,target:DAXX,annotates_target
go:GO:0045892,target:EHMT1,annotates_target
go:GO:0045892,target:EID2,annotates_target
go:GO:0045892,target:HDAC3,annotates_target
go:GO:0045892,target:HIRA,annotates_target
go:GO:0045892,target:HMGB2,annotates_target
go:GO:0045892,target:KDM1A,annotates_target
go:GO:0045892,target:KDM2B,annotates_target
go:GO:0045892,target:KLF10,annotates_target
go:GO:0045892,target:MAX,annotates_target
go:GO:0045892,target:MTA1,annotates_target
go:GO:0045892,target:PHF12,annotates_target
go:GO:0045892,target:RBPJ,annotates_target
go:GO:0045892,target:RNF2,annotates_target
go:GO:0045892,target:SET,annotates_target
go:GO:0045892,target:SIN3B,annotates_target
go:GO:0045892,target:SIX4,annotates_target
go:GO:0045892,target:SMARCA4,annotates_target
go:GO:0045892,target:SMARCE1,annotates_target
go:GO:0045892,target:TCF7L2,annotates_target
go:GO:0045892,target:TSC22D4,annotates_target
go:GO:0045893,go:GO:0032786,go_parent
go:GO:0045893,go:GO:0045943,go_parent
go:GO:0045893,go:GO:0045944,go_parent
go:GO:0045893,go:GO:0045945,go_parent
go:GO:0045893,go:GO:1902895,go_parent
go:GO:0045893,go:GO:2000144,go_parent
go:GO:0045893,target:ACTN1,annotates_target
go:GO:0045893,target:APOE,annotates_target
go:GO:0045893,target:ARID1A,annotates_target
go:GO:0045893,target:ATF4,annotates_target
go:GO:0045893,target:BIRC2,annotates_target
go:GO:0045893,target:BRPF1,annotates_target
go:GO:0045893,target:CTNNB1,annotates_target
go:GO:0045893,target:DAXX,annotates_target
go:GO:0045893,target:DOT1L,annotates_target
go:GO:0045893,target:EP300,annotates_target
go:GO:0045893,target:FOXH1,annotates_target
go:GO:0045893,target:HMGB2,annotates_target
go:GO:0045893,target:INO80B,annotates_target
go:GO:0045893,target:IRF3,annotates_target
go:GO:0045893,target:KAT2A,annotates_target
go:GO:0045893,target:MAX,annotates_target
go:GO:0045893,target:MED1,annotates_target
go:GO:0045893,target:MED12,annotates_target
go:GO:0045893,target:MED13,annotates_target
go:GO:0045893,target:MED24,annotates_target
go:GO:0045893,target:MLLT1,annotates_target
go:GO:0045893,target:MTA1,annotates_target
go:GO:0045893,target:PIAS1,annotates_target
go:GO:0045893,target:RBPJ,annotates_target
go:GO:0045893,target:RNF2,annotates_target
go:GO:0045893,target:RNF20,annotates_target
go:GO:0045893,target:SIX4,annotates_target
go:GO:0045893,target:SMARCA4,annotates_target
go:GO:0045893,target:SMARCE1,annotates_target
go:GO:0045893,target:SOX2,annotates_target
go:GO:0045893,target:SOX4,annotates_target
go:GO:0045893,target:STAT1,annotates_target
go:GO:0045893,target:TADA1,annotates_target
go:GO:0045893,target:TCF3,annotates_target
go:GO:0045893,target:USP22,annotates_target
go:GO:0045893,target:WAC,annotates_target
go:GO:0045906,go:GO:1904694,go_parent
go:GO:0045910,go:GO:2000042,go_parent
go:GO:0045911,go:GO:0045830,go_parent
go:GO:0045911,go:GO:1905168,go_parent
go:GO:0045912,go:GO:0045721,go_parent
go:GO:0045912,go:GO:0070874,go_parent
go:GO:0045913,go:GO:0010907,go_parent
go:GO:0045913,go:GO:0045821,go_parent
go:GO:0045913,go:GO:0060732,go_parent
go:GO:0045920,target:SNCA,annotates_target
go:GO:0045921,go:GO:1903307,go_parent
go:GO:0045921,go:GO:1903543,go_parent
go:GO:0045921,target:SNCA,annotates_target
go:GO:0045921,target:STXBP1,annotates_target
go:GO:0045923,go:GO:0046321,go_parent
go:GO:0045926,go:GO:0030308,go_parent
go:GO:0045927,go:GO:0030307,go_parent
go:GO:0045927,go:GO:0048639,go_parent
go:GO:0045927,target:WFS1,annotates_target
go:GO:0045930,go:GO:0007093,go_parent
go:GO:0045930,go:GO:0045839,go_parent
go:GO:0045930,go:GO:0045976,go_parent
go:GO:0045930,go:GO:1901991,go_parent
go:GO:0045931,go:GO:1901992,go_parent
go:GO:0045931,target:CDC25B,annotates_target
go:GO:0045931,target:USP22,annotates_target
go:GO:0045932,go:GO:0045986,go_parent
go:GO:0045934,go:GO:0051053,go_parent
go:GO:0045934,go:GO:0051253,go_parent
go:GO:0045936,go:GO:0042326,go_parent
go:GO:0045937,go:GO:0035306,go_parent
go:GO:0045937,go:GO:0042327,go_parent
go:GO:0045939,go:GO:0010894,go_parent
go:GO:0045939,go:GO:0090206,go_parent
go:GO:0045940,go:GO:0090205,go_parent
go:GO:0045943,go:GO:1901838,go_parent
go:GO:0045943,target:ATF4,annotates_target
go:GO:0045943,target:SMARCA5,annotates_target
go:GO:0045944,go:GO:0007221,go_parent
go:GO:0045944,go:GO:0032968,go_parent
go:GO:0045944,go:GO:0060261,go_parent
go:GO:0045944,target:ARID3A,annotates_target
go:GO:0045944,target:ATF4,annotates_target
go:GO:0045944,target:ATM,annotates_target
go:GO:0045944,target:CTBP2,annotates_target
go:GO:0045944,target:CTNNB1,annotates_target
go:GO:0045944,target:DHX36,annotates_target
go:GO:0045944,target:DHX9,annotates_target
go:GO:0045944,target:DOT1L,annotates_target
go:GO:0045944,target:EP300,annotates_target
go:GO:0045944,target:ETV4,annotates_target
go:GO:0045944,target:FOXH1,annotates_target
go:GO:0045944,target:HAX1,annotates_target
go:GO:0045944,target:HDAC3,annotates_target
go:GO:0045944,target:HDGF,annotates_target
go:GO:0045944,target:HMGB2,annotates_target
go:GO:0045944,target:IKBKG,annotates_target
go:GO:0045944,target:IRF3,annotates_target
go:GO:0045944,target:KAT2A,annotates_target
go:GO:0045944,target:KDM1A,annotates_target
go:GO:0045944,target:KLF10,annotates_target
go:GO:0045944,target:MAX,annotates_target
go:GO:0045944,target:MED1,annotates_target
go:GO:0045944,target:MED12,annotates_target
go:GO:0045944,target:MED13,annotates_target
go:GO:0045944,target:MED13L,annotates_target
go:GO:0045944,target:MED19,annotates_target
go:GO:0045944,target:MED25,annotates_target
go:GO:0045944,target:NCK2,annotates_target
go:GO:0045944,target:NELFE,annotates_target
go:GO:0045944,target:NFATC3,annotates_target
go:GO:0045944,target:NFE2L1,annotates_target
go:GO:0045944,target:PAGR1,annotates_target
go:GO:0045944,target:PBX1,annotates_target
go:GO:0045944,target:PBX3,annotates_target
go:GO:0045944,target:PIAS1,annotates_target
go:GO:0045944,target:PLAGL2,annotates_target
go:GO:0045944,target:RBPJ,annotates_target
go:GO:0045944,target:RFX5,annotates_target
go:GO:0045944,target:RNF20,annotates_target
go:GO:0045944,target:RNF40,annotates_target
go:GO:0045944,target:SAFB,annotates_target
go:GO:0045944,target:SIX4,annotates_target
go:GO:0045944,target:SMARCA4,annotates_target
go:GO:0045944,target:SMARCA5,annotates_target
go:GO:0045944,target:SMARCB1,annotates_target
go:GO:0045944,target:SOX2,annotates_target
go:GO:0045944,target:SOX4,annotates_target
go:GO:0045944,target:STAT1,annotates_target
go:GO:0045944,target:STAT6,annotates_target
go:GO:0045944,target:SUPT4H1,annotates_target
go:GO:0045944,target:TCF3,annotates_target
go:GO:0045944,target:TCF7L2,annotates_target
go:GO:0045944,target:TET1,annotates_target
go:GO:0045944,target:THAP11,annotates_target
go:GO:0045944,target:USF2,annotates_target
go:GO:0045944,target:ZNF593,annotates_target
go:GO:0045945,target:SMARCA5,annotates_target
go:GO:0045947,go:GO:0032057,go_parent
go:GO:0045947,target:ZNF598,annotates_target
go:GO:0045948,go:GO:1904690,go_parent
go:GO:0045963,target:SNCA,annotates_target
go:GO:0045976,target:CTNNB1,annotates_target
go:GO:0045981,go:GO:0030810,go_parent
go:GO:0045981,go:GO:0030813,go_parent
go:GO:0045981,go:GO:1900544,go_parent
go:GO:0045986,go:GO:1904694,go_parent
go:GO:0045995,target:DHX36,annotates_target
go:GO:0045995,target:EHMT1,annotates_target
go:GO:0046031,go:GO:0046032,go_parent
go:GO:0046032,go:GO:0006096,go_parent
go:GO:0046034,go:GO:0006096,go_parent
go:GO:0046034,go:GO:0006754,go_parent
go:GO:0046034,target:ATP1B1,annotates_target
go:GO:0046035,go:GO:0009224,go_parent
go:GO:0046053,go:GO:0006170,go_parent
go:GO:0046068,target:ADNP,annotates_target
go:GO:0046073,go:GO:0006231,go_parent
go:GO:0046148,go:GO:0006783,go_parent
go:GO:0046165,go:GO:1902653,go_parent
go:GO:0046189,go:GO:0009713,go_parent
go:GO:0046320,go:GO:0031998,go_parent
go:GO:0046320,go:GO:0046321,go_parent
go:GO:0046321,go:GO:0032000,go_parent
go:GO:0046324,go:GO:0046325,go_parent
go:GO:0046324,go:GO:0046326,go_parent
go:GO:0046325,target:GRB10,annotates_target
go:GO:0046326,target:AKT2,annotates_target
go:GO:0046328,go:GO:0046329,go_parent
go:GO:0046328,go:GO:0046330,go_parent
go:GO:0046328,target:IGF1R,annotates_target
go:GO:0046329,target:HDAC3,annotates_target
go:GO:0046330,target:LTBR,annotates_target
go:GO:0046330,target:PTPN1,annotates_target
go:GO:0046364,go:GO:0019319,go_parent
go:GO:0046365,go:GO:0019320,go_parent
go:GO:0046385,go:GO:0009265,go_parent
go:GO:0046390,go:GO:0009260,go_parent
go:GO:0046394,go:GO:0006065,go_parent
go:GO:0046394,go:GO:0072330,go_parent
go:GO:0046395,go:GO:0009074,go_parent
go:GO:0046395,go:GO:0072329,go_parent
go:GO:0046395,go:GO:0170040,go_parent
go:GO:0046398,go:GO:0006065,go_parent
go:GO:0046425,go:GO:0046426,go_parent
go:GO:0046425,go:GO:0046427,go_parent
go:GO:0046425,target:DOT1L,annotates_target
go:GO:0046426,target:PIAS1,annotates_target
go:GO:0046427,target:EP300,annotates_target
go:GO:0046434,go:GO:1901292,go_parent
go:GO:0046459,go:GO:0019626,go_parent
go:GO:0046474,go:GO:0046854,go_parent
go:GO:0046486,go:GO:0006639,go_parent
go:GO:0046486,go:GO:0006650,go_parent
go:GO:0046486,go:GO:0045017,go_parent
go:GO:0046488,target:PLCB3,annotates_target
go:GO:0046490,go:GO:0009240,go_parent
go:GO:0046496,go:GO:0006096,go_parent
go:GO:0046500,go:GO:0006556,go_parent
go:GO:0046530,go:GO:0001754,go_parent
go:GO:0046530,go:GO:0042461,go_parent
go:GO:0046545,go:GO:0008585,go_parent
go:GO:0046546,go:GO:0008584,go_parent
go:GO:0046549,target:THY1,annotates_target
go:GO:0046578,go:GO:0046579,go_parent
go:GO:0046578,go:GO:0046580,go_parent
go:GO:0046579,target:NRAS,annotates_target
go:GO:0046580,target:LZTR1,annotates_target
go:GO:0046599,go:GO:0046600,go_parent
go:GO:0046600,target:KAT2A,annotates_target
go:GO:0046602,target:NEK2,annotates_target
go:GO:0046605,go:GO:0010824,go_parent
go:GO:0046605,go:GO:0046606,go_parent
go:GO:0046606,go:GO:0010826,go_parent
go:GO:0046620,go:GO:0046622,go_parent
go:GO:0046620,go:GO:0060420,go_parent
go:GO:0046622,go:GO:0060421,go_parent
go:GO:0046626,go:GO:0046627,go_parent
go:GO:0046626,go:GO:0046628,go_parent
go:GO:0046626,target:PTPN1,annotates_target
go:GO:0046627,target:GRB10,annotates_target
go:GO:0046627,target:PTPN1,annotates_target
go:GO:0046628,go:GO:0038020,go_parent
go:GO:0046634,go:GO:0046635,go_parent
go:GO:0046634,go:GO:0046637,go_parent
go:GO:0046634,go:GO:0046640,go_parent
go:GO:0046634,go:GO:2000514,go_parent
go:GO:0046635,go:GO:0046638,go_parent
go:GO:0046635,go:GO:0046641,go_parent
go:GO:0046635,go:GO:2000516,go_parent
go:GO:0046637,go:GO:0043370,go_parent
go:GO:0046637,go:GO:0046638,go_parent
go:GO:0046637,go:GO:0051136,go_parent
go:GO:0046638,go:GO:0043372,go_parent
go:GO:0046638,go:GO:0051138,go_parent
go:GO:0046640,go:GO:0046641,go_parent
go:GO:0046640,go:GO:2000561,go_parent
go:GO:0046641,go:GO:2000563,go_parent
go:GO:0046643,go:GO:0045586,go_parent
go:GO:0046643,go:GO:0046645,go_parent
go:GO:0046645,go:GO:0045588,go_parent
go:GO:0046649,go:GO:0002285,go_parent
go:GO:0046649,go:GO:0030098,go_parent
go:GO:0046649,go:GO:0030101,go_parent
go:GO:0046649,go:GO:0042110,go_parent
go:GO:0046649,go:GO:0042113,go_parent
go:GO:0046649,target:SLC39A6,annotates_target
go:GO:0046660,go:GO:0046545,go_parent
go:GO:0046661,go:GO:0046546,go_parent
go:GO:0046661,target:SIX4,annotates_target
go:GO:0046677,go:GO:0060992,go_parent
go:GO:0046683,go:GO:0033198,go_parent
go:GO:0046683,go:GO:0051591,go_parent
go:GO:0046685,go:GO:0071243,go_parent
go:GO:0046685,go:GO:1903842,go_parent
go:GO:0046685,go:GO:1903935,go_parent
go:GO:0046686,go:GO:0071276,go_parent
go:GO:0046688,go:GO:0071280,go_parent
go:GO:0046718,go:GO:0085017,go_parent
go:GO:0046718,target:CLDN6,annotates_target
go:GO:0046718,target:ITGAV,annotates_target
go:GO:0046718,target:SRC,annotates_target
go:GO:0046719,go:GO:0046725,go_parent
go:GO:0046725,target:STAT1,annotates_target
go:GO:0046753,go:GO:0046761,go_parent
go:GO:0046755,go:GO:0039702,go_parent
go:GO:0046755,go:GO:0046761,go_parent
go:GO:0046761,target:CHMP3,annotates_target
go:GO:0046777,go:GO:0036289,go_parent
go:GO:0046777,go:GO:0038083,go_parent
go:GO:0046777,target:ACVR1B,annotates_target
go:GO:0046777,target:ATM,annotates_target
go:GO:0046777,target:FGFR1,annotates_target
go:GO:0046777,target:GSK3B,annotates_target
go:GO:0046777,target:IGF1R,annotates_target
go:GO:0046777,target:KDR,annotates_target
go:GO:0046782,go:GO:0050434,go_parent
go:GO:0046782,target:TARBP2,annotates_target
go:GO:0046822,go:GO:0042306,go_parent
go:GO:0046822,go:GO:0046824,go_parent
go:GO:0046822,go:GO:0046825,go_parent
go:GO:0046822,go:GO:0046831,go_parent
go:GO:0046824,go:GO:0042307,go_parent
go:GO:0046824,go:GO:0046827,go_parent
go:GO:0046824,go:GO:0046833,go_parent
go:GO:0046825,go:GO:0046827,go_parent
go:GO:0046825,target:GSK3B,annotates_target
go:GO:0046827,target:GSK3B,annotates_target
go:GO:0046831,go:GO:0046833,go_parent
go:GO:0046833,target:DHX9,annotates_target
go:GO:0046849,go:GO:0045453,go_parent
go:GO:0046850,go:GO:0045124,go_parent
go:GO:0046850,go:GO:0046851,go_parent
go:GO:0046851,go:GO:0045779,go_parent
go:GO:0046854,go:GO:0036092,go_parent
go:GO:0046883,go:GO:0046887,go_parent
go:GO:0046883,go:GO:0090276,go_parent
go:GO:0046887,go:GO:0090277,go_parent
go:GO:0046889,target:APOE,annotates_target
go:GO:0046890,go:GO:0046889,go_parent
go:GO:0046890,go:GO:0050810,go_parent
go:GO:0046890,go:GO:0051055,go_parent
go:GO:0046902,go:GO:0035794,go_parent
go:GO:0046902,go:GO:1901028,go_parent
go:GO:0046903,go:GO:0007589,go_parent
go:GO:0046903,go:GO:0032940,go_parent
go:GO:0046907,go:GO:0006839,go_parent
go:GO:0046907,go:GO:0006886,go_parent
go:GO:0046907,go:GO:0006888,go_parent
go:GO:0046907,go:GO:0007034,go_parent
go:GO:0046907,go:GO:0016197,go_parent
go:GO:0046907,go:GO:0016482,go_parent
go:GO:0046907,go:GO:0030705,go_parent
go:GO:0046907,go:GO:0051169,go_parent
go:GO:0046928,go:GO:0001956,go_parent
go:GO:0046928,go:GO:1903294,go_parent
go:GO:0046928,go:GO:2000300,go_parent
go:GO:0046942,go:GO:0015718,go_parent
go:GO:0046942,go:GO:1905039,go_parent
go:GO:0046952,target:OXCT1,annotates_target
go:GO:0047496,go:GO:0099517,go_parent
go:GO:0047496,go:GO:1990049,go_parent
go:GO:0047497,go:GO:0019896,go_parent
go:GO:0047497,target:KIF1B,annotates_target
go:GO:0047497,target:LRPPRC,annotates_target
go:GO:0048002,go:GO:0002474,go_parent
go:GO:0048002,go:GO:0002478,go_parent
go:GO:0048002,go:GO:0002483,go_parent
go:GO:0048002,go:GO:0002495,go_parent
go:GO:0048008,go:GO:0035791,go_parent
go:GO:0048009,target:IGF1R,annotates_target
go:GO:0048009,target:RAF1,annotates_target
go:GO:0048010,go:GO:0036324,go_parent
go:GO:0048010,target:KDR,annotates_target
go:GO:0048010,target:MAPKAPK2,annotates_target
go:GO:0048010,target:SRC,annotates_target
go:GO:0048011,target:CASP3,annotates_target
go:GO:0048013,target:EPHB4,annotates_target
go:GO:0048013,target:NCK2,annotates_target
go:GO:0048013,target:SRC,annotates_target
go:GO:0048015,target:FGFR1,annotates_target
go:GO:0048015,target:PLCB3,annotates_target
go:GO:0048021,go:GO:0048023,go_parent
go:GO:0048023,target:PMEL,annotates_target
go:GO:0048024,go:GO:0048025,go_parent
go:GO:0048025,target:C1QBP,annotates_target
go:GO:0048041,target:ACTN1,annotates_target
go:GO:0048041,target:SRC,annotates_target
go:GO:0048041,target:THY1,annotates_target
go:GO:0048048,go:GO:0048596,go_parent
go:GO:0048145,go:GO:0048146,go_parent
go:GO:0048145,go:GO:0048147,go_parent
go:GO:0048145,target:CTNNB1,annotates_target
go:GO:0048146,target:DHX9,annotates_target
go:GO:0048147,target:MED25,annotates_target
go:GO:0048148,target:SNCA,annotates_target
go:GO:0048167,go:GO:0031915,go_parent
go:GO:0048167,go:GO:0048168,go_parent
go:GO:0048167,go:GO:0051913,go_parent
go:GO:0048167,go:GO:0060291,go_parent
go:GO:0048167,go:GO:0060292,go_parent
go:GO:0048167,go:GO:1900271,go_parent
go:GO:0048167,target:ATF4,annotates_target
go:GO:0048167,target:KAT2A,annotates_target
go:GO:0048168,target:APOE,annotates_target
go:GO:0048193,go:GO:0006888,go_parent
go:GO:0048193,go:GO:0006892,go_parent
go:GO:0048193,target:TRAPPC6A,annotates_target
go:GO:0048208,target:TRAPPC6A,annotates_target
go:GO:0048232,go:GO:0007283,go_parent
go:GO:0048247,go:GO:0010818,go_parent
go:GO:0048255,go:GO:0070934,go_parent
go:GO:0048255,go:GO:0070935,go_parent
go:GO:0048255,target:METTL14,annotates_target
go:GO:0048284,go:GO:0090174,go_parent
go:GO:0048284,go:GO:0097576,go_parent
go:GO:0048284,target:STX4,annotates_target
go:GO:0048285,go:GO:0000266,go_parent
go:GO:0048285,go:GO:0000280,go_parent
go:GO:0048286,target:PHF14,annotates_target
go:GO:0048302,go:GO:0048304,go_parent
go:GO:0048304,target:PAXIP1,annotates_target
go:GO:0048311,go:GO:0048312,go_parent
go:GO:0048312,target:KAT2A,annotates_target
go:GO:0048368,go:GO:0003140,go_parent
go:GO:0048385,go:GO:0048386,go_parent
go:GO:0048386,target:CTBP2,annotates_target
go:GO:0048388,target:ATP6V0B,annotates_target
go:GO:0048388,target:ATP6V0C,annotates_target
go:GO:0048468,go:GO:0002063,go_parent
go:GO:0048468,go:GO:0002064,go_parent
go:GO:0048468,go:GO:0007281,go_parent
go:GO:0048468,go:GO:0021782,go_parent
go:GO:0048468,go:GO:0030097,go_parent
go:GO:0048468,go:GO:0048469,go_parent
go:GO:0048468,go:GO:0048588,go_parent
go:GO:0048468,go:GO:0048627,go_parent
go:GO:0048468,go:GO:0048666,go_parent
go:GO:0048468,go:GO:0055001,go_parent
go:GO:0048469,go:GO:0042551,go_parent
go:GO:0048477,target:METTL3,annotates_target
go:GO:0048483,go:GO:0048485,go_parent
go:GO:0048485,go:GO:0061549,go_parent
go:GO:0048485,target:SOX4,annotates_target
go:GO:0048488,target:SNCA,annotates_target
go:GO:0048489,go:GO:0099514,go_parent
go:GO:0048489,target:SNCA,annotates_target
go:GO:0048489,target:TOR1A,annotates_target
go:GO:0048490,target:KIF1B,annotates_target
go:GO:0048499,target:TOR1A,annotates_target
go:GO:0048511,go:GO:0007623,go_parent
go:GO:0048511,go:GO:0022602,go_parent
go:GO:0048511,go:GO:0042698,go_parent
go:GO:0048512,go:GO:0045475,go_parent
go:GO:0048512,target:CSNK1E,annotates_target
go:GO:0048513,go:GO:0001822,go_parent
go:GO:0048513,go:GO:0001890,go_parent
go:GO:0048513,go:GO:0007420,go_parent
go:GO:0048513,go:GO:0007423,go_parent
go:GO:0048513,go:GO:0007507,go_parent
go:GO:0048513,go:GO:0007517,go_parent
go:GO:0048513,go:GO:0008406,go_parent
go:GO:0048513,go:GO:0009887,go_parent
go:GO:0048513,go:GO:0030323,go_parent
go:GO:0048513,go:GO:0030324,go_parent
go:GO:0048513,go:GO:0031016,go_parent
go:GO:0048513,go:GO:0031100,go_parent
go:GO:0048513,go:GO:0031214,go_parent
go:GO:0048513,go:GO:0043588,go_parent
go:GO:0048513,go:GO:0048534,go_parent
go:GO:0048513,go:GO:0048568,go_parent
go:GO:0048513,go:GO:0048732,go_parent
go:GO:0048513,go:GO:0051216,go_parent
go:GO:0048513,go:GO:0060348,go_parent
go:GO:0048513,go:GO:0060485,go_parent
go:GO:0048513,go:GO:0060612,go_parent
go:GO:0048513,target:DLG5,annotates_target
go:GO:0048513,target:RBPJ,annotates_target
go:GO:0048513,target:TGFBR2,annotates_target
go:GO:0048514,go:GO:0001525,go_parent
go:GO:0048514,go:GO:0001570,go_parent
go:GO:0048514,go:GO:0048844,go_parent
go:GO:0048514,go:GO:0072554,go_parent
go:GO:0048514,target:TGFBR2,annotates_target
go:GO:0048515,target:MAST2,annotates_target
go:GO:0048518,go:GO:0002684,go_parent
go:GO:0048518,go:GO:0023056,go_parent
go:GO:0048518,go:GO:0040017,go_parent
go:GO:0048518,go:GO:0045927,go_parent
go:GO:0048518,go:GO:0048522,go_parent
go:GO:0048518,go:GO:0048524,go_parent
go:GO:0048518,go:GO:0048584,go_parent
go:GO:0048518,go:GO:0051050,go_parent
go:GO:0048518,go:GO:0051094,go_parent
go:GO:0048518,go:GO:0051240,go_parent
go:GO:0048518,go:GO:1903829,go_parent
go:GO:0048518,go:GO:1904181,go_parent
go:GO:0048518,go:GO:1904582,go_parent
go:GO:0048518,go:GO:1904951,go_parent
go:GO:0048518,go:GO:1905954,go_parent
go:GO:0048518,go:GO:2000243,go_parent
go:GO:0048519,go:GO:0002683,go_parent
go:GO:0048519,go:GO:0023057,go_parent
go:GO:0048519,go:GO:0034260,go_parent
go:GO:0048519,go:GO:0040013,go_parent
go:GO:0048519,go:GO:0045926,go_parent
go:GO:0048519,go:GO:0048523,go_parent
go:GO:0048519,go:GO:0048525,go_parent
go:GO:0048519,go:GO:0048585,go_parent
go:GO:0048519,go:GO:0051051,go_parent
go:GO:0048519,go:GO:0051093,go_parent
go:GO:0048519,go:GO:0051241,go_parent
go:GO:0048519,go:GO:1900047,go_parent
go:GO:0048519,go:GO:1900272,go_parent
go:GO:0048519,go:GO:1903828,go_parent
go:GO:0048519,go:GO:1904180,go_parent
go:GO:0048519,go:GO:1904950,go_parent
go:GO:0048519,go:GO:1905953,go_parent
go:GO:0048519,go:GO:2000536,go_parent
go:GO:0048522,go:GO:0003353,go_parent
go:GO:0048522,go:GO:0008284,go_parent
go:GO:0048522,go:GO:0009893,go_parent
go:GO:0048522,go:GO:0010647,go_parent
go:GO:0048522,go:GO:0030307,go_parent
go:GO:0048522,go:GO:0032388,go_parent
go:GO:0048522,go:GO:0034764,go_parent
go:GO:0048522,go:GO:0043068,go_parent
go:GO:0048522,go:GO:0044089,go_parent
go:GO:0048522,go:GO:0045597,go_parent
go:GO:0048522,go:GO:0045785,go_parent
go:GO:0048522,go:GO:0045787,go_parent
go:GO:0048522,go:GO:0050867,go_parent
go:GO:0048522,go:GO:0051130,go_parent
go:GO:0048522,go:GO:0051781,go_parent
go:GO:0048522,go:GO:0090314,go_parent
go:GO:0048522,go:GO:1900078,go_parent
go:GO:0048522,go:GO:1903532,go_parent
go:GO:0048522,go:GO:1905477,go_parent
go:GO:0048522,go:GO:1905898,go_parent
go:GO:0048522,go:GO:2000147,go_parent
go:GO:0048523,go:GO:0007162,go_parent
go:GO:0048523,go:GO:0008285,go_parent
go:GO:0048523,go:GO:0009892,go_parent
go:GO:0048523,go:GO:0010648,go_parent
go:GO:0048523,go:GO:0010888,go_parent
go:GO:0048523,go:GO:0030308,go_parent
go:GO:0048523,go:GO:0032387,go_parent
go:GO:0048523,go:GO:0034763,go_parent
go:GO:0048523,go:GO:0043069,go_parent
go:GO:0048523,go:GO:0045596,go_parent
go:GO:0048523,go:GO:0045786,go_parent
go:GO:0048523,go:GO:0050866,go_parent
go:GO:0048523,go:GO:0051129,go_parent
go:GO:0048523,go:GO:1900038,go_parent
go:GO:0048523,go:GO:1900077,go_parent
go:GO:0048523,go:GO:1900240,go_parent
go:GO:0048523,go:GO:1903531,go_parent
go:GO:0048523,go:GO:1903573,go_parent
go:GO:0048523,go:GO:1905476,go_parent
go:GO:0048523,go:GO:2000146,go_parent
go:GO:0048524,go:GO:0045070,go_parent
go:GO:0048524,go:GO:0050434,go_parent
go:GO:0048525,go:GO:0046725,go_parent
go:GO:0048534,go:GO:0048539,go_parent
go:GO:0048534,target:LTBR,annotates_target
go:GO:0048539,target:SBDS,annotates_target
go:GO:0048545,go:GO:0031960,go_parent
go:GO:0048545,go:GO:0032570,go_parent
go:GO:0048545,go:GO:0071383,go_parent
go:GO:0048562,go:GO:0003143,go_parent
go:GO:0048562,go:GO:0048048,go_parent
go:GO:0048562,go:GO:0048704,go_parent
go:GO:0048565,go:GO:0060575,go_parent
go:GO:0048568,go:GO:0001892,go_parent
go:GO:0048568,go:GO:0031076,go_parent
go:GO:0048568,go:GO:0035050,go_parent
go:GO:0048568,go:GO:0035162,go_parent
go:GO:0048568,go:GO:0048562,go_parent
go:GO:0048568,go:GO:0060716,go_parent
go:GO:0048568,go:GO:1990403,go_parent
go:GO:0048568,target:CTNNB1,annotates_target
go:GO:0048568,target:PBX1,annotates_target
go:GO:0048568,target:PBX3,annotates_target
go:GO:0048583,go:GO:0002831,go_parent
go:GO:0048583,go:GO:0009966,go_parent
go:GO:0048583,go:GO:0032101,go_parent
go:GO:0048583,go:GO:0043502,go_parent
go:GO:0048583,go:GO:0048584,go_parent
go:GO:0048583,go:GO:0048585,go_parent
go:GO:0048583,go:GO:0050776,go_parent
go:GO:0048583,go:GO:0060759,go_parent
go:GO:0048583,go:GO:0080134,go_parent
go:GO:0048583,go:GO:0090287,go_parent
go:GO:0048583,go:GO:1900076,go_parent
go:GO:0048583,go:GO:1905890,go_parent
go:GO:0048584,go:GO:0002833,go_parent
go:GO:0048584,go:GO:0009967,go_parent
go:GO:0048584,go:GO:0031349,go_parent
go:GO:0048584,go:GO:0032103,go_parent
go:GO:0048584,go:GO:0045739,go_parent
go:GO:0048584,go:GO:0050778,go_parent
go:GO:0048584,go:GO:0060760,go_parent
go:GO:0048584,go:GO:1900078,go_parent
go:GO:0048584,go:GO:1903846,go_parent
go:GO:0048584,go:GO:1905898,go_parent
go:GO:0048585,go:GO:0002832,go_parent
go:GO:0048585,go:GO:0009968,go_parent
go:GO:0048585,go:GO:0031348,go_parent
go:GO:0048585,go:GO:0032102,go_parent
go:GO:0048585,go:GO:0045738,go_parent
go:GO:0048585,go:GO:0050777,go_parent
go:GO:0048585,go:GO:0060761,go_parent
go:GO:0048585,go:GO:0070571,go_parent
go:GO:0048585,go:GO:0090288,go_parent
go:GO:0048585,go:GO:1900038,go_parent
go:GO:0048585,go:GO:1900077,go_parent
go:GO:0048585,go:GO:1903035,go_parent
go:GO:0048585,go:GO:1903573,go_parent
go:GO:0048588,go:GO:1990138,go_parent
go:GO:0048589,go:GO:0035264,go_parent
go:GO:0048589,go:GO:0035265,go_parent
go:GO:0048589,go:GO:0048588,go_parent
go:GO:0048589,go:GO:0060560,go_parent
go:GO:0048592,go:GO:0001754,go_parent
go:GO:0048592,go:GO:0048048,go_parent
go:GO:0048592,go:GO:0048593,go_parent
go:GO:0048593,go:GO:0002089,go_parent
go:GO:0048593,go:GO:0048596,go_parent
go:GO:0048593,go:GO:0060042,go_parent
go:GO:0048593,go:GO:0061073,go_parent
go:GO:0048593,target:SOX4,annotates_target
go:GO:0048596,target:KDM2B,annotates_target
go:GO:0048598,go:GO:0003143,go_parent
go:GO:0048598,go:GO:0007369,go_parent
go:GO:0048598,go:GO:0016331,go_parent
go:GO:0048598,go:GO:0021555,go_parent
go:GO:0048598,go:GO:0021993,go_parent
go:GO:0048598,go:GO:0035113,go_parent
go:GO:0048598,go:GO:0048562,go_parent
go:GO:0048598,go:GO:0071699,go_parent
go:GO:0048608,go:GO:0008406,go_parent
go:GO:0048609,go:GO:0007276,go_parent
go:GO:0048609,go:GO:0022412,go_parent
go:GO:0048609,go:GO:0042698,go_parent
go:GO:0048625,target:TCF7L2,annotates_target
go:GO:0048627,target:SDC1,annotates_target
go:GO:0048634,go:GO:0016202,go_parent
go:GO:0048634,go:GO:0048636,go_parent
go:GO:0048636,go:GO:0045844,go_parent
go:GO:0048638,go:GO:0030516,go_parent
go:GO:0048638,go:GO:0046620,go_parent
go:GO:0048638,go:GO:0048639,go_parent
go:GO:0048638,go:GO:0072095,go_parent
go:GO:0048639,go:GO:0045773,go_parent
go:GO:0048639,go:GO:0046622,go_parent
go:GO:0048641,go:GO:0048643,go_parent
go:GO:0048643,target:CTNNB1,annotates_target
go:GO:0048644,go:GO:0060415,go_parent
go:GO:0048645,go:GO:0010092,go_parent
go:GO:0048645,go:GO:0060914,go_parent
go:GO:0048646,go:GO:0001525,go_parent
go:GO:0048646,go:GO:0001704,go_parent
go:GO:0048646,go:GO:0001825,go_parent
go:GO:0048646,go:GO:0003272,go_parent
go:GO:0048646,go:GO:0010927,go_parent
go:GO:0048646,go:GO:0030220,go_parent
go:GO:0048646,go:GO:0035148,go_parent
go:GO:0048646,go:GO:0048645,go_parent
go:GO:0048646,go:GO:0060788,go_parent
go:GO:0048646,target:ACTN1,annotates_target
go:GO:0048660,go:GO:0048661,go_parent
go:GO:0048660,go:GO:0048662,go_parent
go:GO:0048660,go:GO:1904705,go_parent
go:GO:0048660,target:CTNNB1,annotates_target
go:GO:0048660,target:TCF7L2,annotates_target
go:GO:0048661,go:GO:1904707,go_parent
go:GO:0048662,target:APOE,annotates_target
go:GO:0048666,go:GO:0008038,go_parent
go:GO:0048666,go:GO:0021954,go_parent
go:GO:0048666,go:GO:0031175,go_parent
go:GO:0048666,go:GO:0042461,go_parent
go:GO:0048666,go:GO:0042551,go_parent
go:GO:0048666,go:GO:0048667,go_parent
go:GO:0048666,go:GO:0060119,go_parent
go:GO:0048666,target:MAP1B,annotates_target
go:GO:0048666,target:PBX1,annotates_target
go:GO:0048666,target:PBX3,annotates_target
go:GO:0048666,target:UGDH,annotates_target
go:GO:0048667,go:GO:0007409,go_parent
go:GO:0048675,target:CYFIP1,annotates_target
go:GO:0048675,target:MAP1B,annotates_target
go:GO:0048678,go:GO:0031103,go_parent
go:GO:0048678,target:MAP1B,annotates_target
go:GO:0048699,go:GO:0001764,go_parent
go:GO:0048699,go:GO:0021872,go_parent
go:GO:0048699,go:GO:0030182,go_parent
go:GO:0048699,target:FGFR1,annotates_target
go:GO:0048699,target:SIX4,annotates_target
go:GO:0048701,target:TGFBR2,annotates_target
go:GO:0048704,go:GO:0048701,go_parent
go:GO:0048704,go:GO:0060272,go_parent
go:GO:0048705,go:GO:0048704,go_parent
go:GO:0048705,go:GO:0060349,go_parent
go:GO:0048705,target:FGFR1,annotates_target
go:GO:0048706,go:GO:0048704,go_parent
go:GO:0048706,go:GO:0072498,go_parent
go:GO:0048709,target:CSK,annotates_target
go:GO:0048729,go:GO:0002009,go_parent
go:GO:0048729,go:GO:0060415,go_parent
go:GO:0048729,go:GO:0072132,go_parent
go:GO:0048731,go:GO:0001501,go_parent
go:GO:0048731,go:GO:0001944,go_parent
go:GO:0048731,go:GO:0002520,go_parent
go:GO:0048731,go:GO:0007399,go_parent
go:GO:0048731,go:GO:0007417,go_parent
go:GO:0048731,go:GO:0007422,go_parent
go:GO:0048731,go:GO:0021591,go_parent
go:GO:0048731,go:GO:0021761,go_parent
go:GO:0048731,go:GO:0035270,go_parent
go:GO:0048731,go:GO:0048483,go_parent
go:GO:0048731,go:GO:0048485,go_parent
go:GO:0048731,go:GO:0048880,go_parent
go:GO:0048731,go:GO:0055123,go_parent
go:GO:0048731,go:GO:0060037,go_parent
go:GO:0048731,go:GO:0060541,go_parent
go:GO:0048731,go:GO:0061008,go_parent
go:GO:0048731,go:GO:0061458,go_parent
go:GO:0048731,go:GO:0072001,go_parent
go:GO:0048731,go:GO:0072359,go_parent
go:GO:0048732,go:GO:0001889,go_parent
go:GO:0048732,go:GO:0021983,go_parent
go:GO:0048732,go:GO:0030879,go_parent
go:GO:0048736,go:GO:0035107,go_parent
go:GO:0048736,go:GO:0060173,go_parent
go:GO:0048738,go:GO:0003229,go_parent
go:GO:0048738,go:GO:0055008,go_parent
go:GO:0048741,target:COL6A1,annotates_target
go:GO:0048753,go:GO:0032438,go_parent
go:GO:0048754,go:GO:0001569,go_parent
go:GO:0048762,go:GO:0001837,go_parent
go:GO:0048762,go:GO:0072161,go_parent
go:GO:0048771,go:GO:0001974,go_parent
go:GO:0048771,go:GO:0046849,go_parent
go:GO:0048791,go:GO:0099525,go_parent
go:GO:0048812,go:GO:0007409,go_parent
go:GO:0048812,go:GO:0097485,go_parent
go:GO:0048812,go:GO:1990138,go_parent
go:GO:0048812,target:NCKAP1,annotates_target
go:GO:0048814,go:GO:0050775,go_parent
go:GO:0048814,target:GSK3B,annotates_target
go:GO:0048819,go:GO:0051884,go_parent
go:GO:0048821,target:MED1,annotates_target
go:GO:0048839,go:GO:0060113,go_parent
go:GO:0048839,target:SOX2,annotates_target
go:GO:0048841,go:GO:0048842,go_parent
go:GO:0048842,target:CXCL12,annotates_target
go:GO:0048844,go:GO:0035909,go_parent
go:GO:0048844,target:TGFBR2,annotates_target
go:GO:0048856,go:GO:0007275,go_parent
go:GO:0048856,go:GO:0009653,go_parent
go:GO:0048856,go:GO:0009888,go_parent
go:GO:0048856,go:GO:0016358,go_parent
go:GO:0048856,go:GO:0031099,go_parent
go:GO:0048856,go:GO:0035295,go_parent
go:GO:0048856,go:GO:0048468,go_parent
go:GO:0048856,go:GO:0048608,go_parent
go:GO:0048856,go:GO:0048731,go_parent
go:GO:0048856,go:GO:0071695,go_parent
go:GO:0048856,go:GO:0071696,go_parent
go:GO:0048856,go:GO:0160108,go_parent
go:GO:0048856,go:GO:1902742,go_parent
go:GO:0048857,go:GO:0021762,go_parent
go:GO:0048858,go:GO:0120039,go_parent
go:GO:0048863,go:GO:0010002,go_parent
go:GO:0048863,go:GO:0072497,go_parent
go:GO:0048869,go:GO:0001708,go_parent
go:GO:0048869,go:GO:0030154,go_parent
go:GO:0048869,go:GO:0045165,go_parent
go:GO:0048869,go:GO:0048468,go_parent
go:GO:0048869,go:GO:0048469,go_parent
go:GO:0048870,go:GO:0016477,go_parent
go:GO:0048870,go:GO:0070358,go_parent
go:GO:0048871,go:GO:0001894,go_parent
go:GO:0048871,go:GO:0048872,go_parent
go:GO:0048871,go:GO:0060249,go_parent
go:GO:0048871,go:GO:0097009,go_parent
go:GO:0048871,go:GO:0140962,go_parent
go:GO:0048872,go:GO:0001776,go_parent
go:GO:0048872,go:GO:0002262,go_parent
go:GO:0048878,go:GO:0033500,go_parent
go:GO:0048878,go:GO:0050801,go_parent
go:GO:0048878,go:GO:0055082,go_parent
go:GO:0048878,go:GO:0055088,go_parent
go:GO:0048878,go:GO:0098771,go_parent
go:GO:0048878,go:GO:0140962,go_parent
go:GO:0048880,go:GO:0150063,go_parent
go:GO:0050000,go:GO:0051310,go_parent
go:GO:0050000,go:GO:0097240,go_parent
go:GO:0050433,go:GO:0014059,go_parent
go:GO:0050433,go:GO:0033605,go_parent
go:GO:0050434,target:DHX9,annotates_target
go:GO:0050435,go:GO:0150094,go_parent
go:GO:0050435,target:IDE,annotates_target
go:GO:0050650,target:UGDH,annotates_target
go:GO:0050654,go:GO:0050650,go_parent
go:GO:0050657,go:GO:0050658,go_parent
go:GO:0050658,go:GO:1990428,go_parent
go:GO:0050670,go:GO:0030888,go_parent
go:GO:0050670,go:GO:0042129,go_parent
go:GO:0050670,go:GO:0050671,go_parent
go:GO:0050670,go:GO:0050672,go_parent
go:GO:0050671,go:GO:0030890,go_parent
go:GO:0050671,go:GO:0042102,go_parent
go:GO:0050672,go:GO:0030889,go_parent
go:GO:0050672,go:GO:0042130,go_parent
go:GO:0050678,go:GO:0001936,go_parent
go:GO:0050678,go:GO:0010837,go_parent
go:GO:0050678,go:GO:0050679,go_parent
go:GO:0050678,go:GO:0050680,go_parent
go:GO:0050678,target:SIX4,annotates_target
go:GO:0050679,go:GO:0001938,go_parent
go:GO:0050679,target:TCF7L2,annotates_target
go:GO:0050680,go:GO:0001937,go_parent
go:GO:0050680,go:GO:0010839,go_parent
go:GO:0050684,go:GO:0031440,go_parent
go:GO:0050684,go:GO:0048024,go_parent
go:GO:0050684,go:GO:0050685,go_parent
go:GO:0050684,go:GO:0050686,go_parent
go:GO:0050684,target:DHX9,annotates_target
go:GO:0050685,go:GO:0031442,go_parent
go:GO:0050686,go:GO:0048025,go_parent
go:GO:0050687,go:GO:0050689,go_parent
go:GO:0050687,target:C1QBP,annotates_target
go:GO:0050688,go:GO:0050687,go_parent
go:GO:0050688,go:GO:0050691,go_parent
go:GO:0050689,target:TARBP2,annotates_target
go:GO:0050691,go:GO:0002230,go_parent
go:GO:0050691,go:GO:0050689,go_parent
go:GO:0050691,target:DHX9,annotates_target
go:GO:0050708,go:GO:0050709,go_parent
go:GO:0050708,go:GO:0050714,go_parent
go:GO:0050708,go:GO:0050796,go_parent
go:GO:0050709,target:APOE,annotates_target
go:GO:0050709,target:HMGCR,annotates_target
go:GO:0050714,go:GO:0032024,go_parent
go:GO:0050727,go:GO:0002861,go_parent
go:GO:0050727,go:GO:0050728,go_parent
go:GO:0050727,go:GO:0050729,go_parent
go:GO:0050727,target:BIRC2,annotates_target
go:GO:0050728,go:GO:0002862,go_parent
go:GO:0050728,target:APOE,annotates_target
go:GO:0050728,target:TMSB4X,annotates_target
go:GO:0050729,go:GO:0140639,go_parent
go:GO:0050729,target:DHX9,annotates_target
go:GO:0050729,target:SNCA,annotates_target
go:GO:0050746,go:GO:0050748,go_parent
go:GO:0050748,target:ITGAV,annotates_target
go:GO:0050764,go:GO:0050765,go_parent
go:GO:0050764,target:ITGAV,annotates_target
go:GO:0050765,target:CSK,annotates_target
go:GO:0050767,go:GO:0050768,go_parent
go:GO:0050767,go:GO:0050769,go_parent
go:GO:0050767,target:CTNNB1,annotates_target
go:GO:0050767,target:HMGB2,annotates_target
go:GO:0050767,target:KDM1A,annotates_target
go:GO:0050768,go:GO:0050771,go_parent
go:GO:0050768,target:CTNNB1,annotates_target
go:GO:0050769,go:GO:0002052,go_parent
go:GO:0050769,go:GO:0050772,go_parent
go:GO:0050769,go:GO:0050775,go_parent
go:GO:0050770,go:GO:0050771,go_parent
go:GO:0050770,go:GO:0050772,go_parent
go:GO:0050770,target:GSK3B,annotates_target
go:GO:0050771,target:THY1,annotates_target
go:GO:0050772,go:GO:0045773,go_parent
go:GO:0050773,go:GO:0048814,go_parent
go:GO:0050773,target:CAMSAP2,annotates_target
go:GO:0050775,go:GO:0061003,go_parent
go:GO:0050776,go:GO:0002764,go_parent
go:GO:0050776,go:GO:0002819,go_parent
go:GO:0050776,go:GO:0002861,go_parent
go:GO:0050776,go:GO:0002920,go_parent
go:GO:0050776,go:GO:0043309,go_parent
go:GO:0050776,go:GO:0045088,go_parent
go:GO:0050776,go:GO:0045622,go_parent
go:GO:0050776,go:GO:0050777,go_parent
go:GO:0050776,go:GO:0050778,go_parent
go:GO:0050776,go:GO:0050854,go_parent
go:GO:0050776,go:GO:0060368,go_parent
go:GO:0050776,target:CD276,annotates_target
go:GO:0050776,target:CSK,annotates_target
go:GO:0050777,go:GO:0002862,go_parent
go:GO:0050777,go:GO:0045824,go_parent
go:GO:0050778,go:GO:0002253,go_parent
go:GO:0050778,go:GO:0002821,go_parent
go:GO:0050778,go:GO:0043311,go_parent
go:GO:0050778,go:GO:0045089,go_parent
go:GO:0050778,go:GO:0045624,go_parent
go:GO:0050778,go:GO:0050857,go_parent
go:GO:0050779,go:GO:0061157,go_parent
go:GO:0050789,go:GO:0002682,go_parent
go:GO:0050789,go:GO:0023051,go_parent
go:GO:0050789,go:GO:0023052,go_parent
go:GO:0050789,go:GO:0032879,go_parent
go:GO:0050789,go:GO:0040008,go_parent
go:GO:0050789,go:GO:0040012,go_parent
go:GO:0050789,go:GO:0042752,go_parent
go:GO:0050789,go:GO:0043903,go_parent
go:GO:0050789,go:GO:0048518,go_parent
go:GO:0050789,go:GO:0048519,go_parent
go:GO:0050789,go:GO:0048583,go_parent
go:GO:0050789,go:GO:0050792,go_parent
go:GO:0050789,go:GO:0050793,go_parent
go:GO:0050789,go:GO:0050794,go_parent
go:GO:0050789,go:GO:0051239,go_parent
go:GO:0050789,go:GO:0097006,go_parent
go:GO:0050789,go:GO:0098900,go_parent
go:GO:0050789,go:GO:1900046,go_parent
go:GO:0050789,go:GO:2000241,go_parent
go:GO:0050790,go:GO:0043085,go_parent
go:GO:0050790,go:GO:0043086,go_parent
go:GO:0050790,go:GO:0051336,go_parent
go:GO:0050790,go:GO:0051338,go_parent
go:GO:0050790,go:GO:0051341,go_parent
go:GO:0050790,target:SH3BP4,annotates_target
go:GO:0050792,go:GO:0046719,go_parent
go:GO:0050792,go:GO:0046782,go_parent
go:GO:0050792,go:GO:0048524,go_parent
go:GO:0050792,go:GO:0048525,go_parent
go:GO:0050792,go:GO:1903900,go_parent
go:GO:0050793,go:GO:0010453,go_parent
go:GO:0050793,go:GO:0022603,go_parent
go:GO:0050793,go:GO:0045595,go_parent
go:GO:0050793,go:GO:0045682,go_parent
go:GO:0050793,go:GO:0048634,go_parent
go:GO:0050793,go:GO:0048638,go_parent
go:GO:0050793,go:GO:0048819,go_parent
go:GO:0050793,go:GO:0050773,go_parent
go:GO:0050793,go:GO:0051093,go_parent
go:GO:0050793,go:GO:0051094,go_parent
go:GO:0050793,go:GO:0060998,go_parent
go:GO:0050793,go:GO:0070570,go_parent
go:GO:0050793,go:GO:0090183,go_parent
go:GO:0050793,go:GO:1901861,go_parent
go:GO:0050793,go:GO:2000026,go_parent
go:GO:0050793,go:GO:2000036,go_parent
go:GO:0050793,target:BRPF1,annotates_target
go:GO:0050794,go:GO:0003254,go_parent
go:GO:0050794,go:GO:0007165,go_parent
go:GO:0050794,go:GO:0010453,go_parent
go:GO:0050794,go:GO:0010646,go_parent
go:GO:0050794,go:GO:0010883,go_parent
go:GO:0050794,go:GO:0019222,go_parent
go:GO:0050794,go:GO:0030155,go_parent
go:GO:0050794,go:GO:0032886,go_parent
go:GO:0050794,go:GO:0032970,go_parent
go:GO:0050794,go:GO:0034762,go_parent
go:GO:0050794,go:GO:0042127,go_parent
go:GO:0050794,go:GO:0043067,go_parent
go:GO:0050794,go:GO:0044087,go_parent
go:GO:0050794,go:GO:0045595,go_parent
go:GO:0050794,go:GO:0048522,go_parent
go:GO:0050794,go:GO:0048523,go_parent
go:GO:0050794,go:GO:0050865,go_parent
go:GO:0050794,go:GO:0051128,go_parent
go:GO:0050794,go:GO:0051302,go_parent
go:GO:0050794,go:GO:0051726,go_parent
go:GO:0050794,go:GO:0060341,go_parent
go:GO:0050794,go:GO:0060627,go_parent
go:GO:0050794,go:GO:0080135,go_parent
go:GO:0050794,go:GO:1900076,go_parent
go:GO:0050794,go:GO:1900239,go_parent
go:GO:0050794,go:GO:1903530,go_parent
go:GO:0050794,go:GO:1905890,go_parent
go:GO:0050794,go:GO:2000145,go_parent
go:GO:0050795,go:GO:2000822,go_parent
go:GO:0050796,go:GO:0032024,go_parent
go:GO:0050796,go:GO:0061178,go_parent
go:GO:0050801,go:GO:0006873,go_parent
go:GO:0050801,go:GO:0055080,go_parent
go:GO:0050803,go:GO:0050807,go_parent
go:GO:0050804,go:GO:0032228,go_parent
go:GO:0050804,go:GO:0046928,go_parent
go:GO:0050804,go:GO:0048167,go_parent
go:GO:0050804,go:GO:0050805,go_parent
go:GO:0050804,go:GO:0050806,go_parent
go:GO:0050804,go:GO:0051966,go_parent
go:GO:0050804,go:GO:0099170,go_parent
go:GO:0050804,go:GO:0099171,go_parent
go:GO:0050804,go:GO:0099547,go_parent
go:GO:0050805,go:GO:0032229,go_parent
go:GO:0050805,go:GO:0060292,go_parent
go:GO:0050805,target:ADNP,annotates_target
go:GO:0050806,go:GO:0001956,go_parent
go:GO:0050806,go:GO:0051968,go_parent
go:GO:0050806,go:GO:0060291,go_parent
go:GO:0050807,go:GO:0051963,go_parent
go:GO:0050807,go:GO:0099174,go_parent
go:GO:0050807,go:GO:0099175,go_parent
go:GO:0050807,go:GO:1901629,go_parent
go:GO:0050807,go:GO:1905244,go_parent
go:GO:0050807,go:GO:1905809,go_parent
go:GO:0050807,target:APOE,annotates_target
go:GO:0050808,go:GO:0007416,go_parent
go:GO:0050808,go:GO:0007528,go_parent
go:GO:0050808,go:GO:0072578,go_parent
go:GO:0050808,go:GO:0098883,go_parent
go:GO:0050808,go:GO:0099173,go_parent
go:GO:0050808,go:GO:1990709,go_parent
go:GO:0050808,target:SNCA,annotates_target
go:GO:0050810,go:GO:0010894,go_parent
go:GO:0050810,go:GO:0106118,go_parent
go:GO:0050817,go:GO:0007596,go_parent
go:GO:0050818,go:GO:0030193,go_parent
go:GO:0050818,go:GO:0050819,go_parent
go:GO:0050819,go:GO:0030195,go_parent
go:GO:0050821,target:AKT2,annotates_target
go:GO:0050821,target:ATM,annotates_target
go:GO:0050821,target:ATP1B1,annotates_target
go:GO:0050821,target:DNAJA3,annotates_target
go:GO:0050821,target:EP300,annotates_target
go:GO:0050821,target:SOX4,annotates_target
go:GO:0050821,target:STUB1,annotates_target
go:GO:0050821,target:WFS1,annotates_target
go:GO:0050829,target:HMGB2,annotates_target
go:GO:0050830,target:HMGB2,annotates_target
go:GO:0050847,target:SRC,annotates_target
go:GO:0050848,go:GO:0050849,go_parent
go:GO:0050848,go:GO:0106056,go_parent
go:GO:0050849,go:GO:0106057,go_parent
go:GO:0050851,go:GO:0050852,go_parent
go:GO:0050852,target:CD276,annotates_target
go:GO:0050852,target:CSK,annotates_target
go:GO:0050852,target:IKBKG,annotates_target
go:GO:0050852,target:MAP3K7,annotates_target
go:GO:0050852,target:SLC39A6,annotates_target
go:GO:0050852,target:THY1,annotates_target
go:GO:0050854,go:GO:0050856,go_parent
go:GO:0050854,go:GO:0050857,go_parent
go:GO:0050854,go:GO:0050858,go_parent
go:GO:0050856,go:GO:0050860,go_parent
go:GO:0050856,go:GO:0050862,go_parent
go:GO:0050857,go:GO:0050862,go_parent
go:GO:0050858,go:GO:0050860,go_parent
go:GO:0050860,target:CSK,annotates_target
go:GO:0050860,target:THY1,annotates_target
go:GO:0050862,target:IKBKG,annotates_target
go:GO:0050863,go:GO:0042129,go_parent
go:GO:0050863,go:GO:0045580,go_parent
go:GO:0050863,go:GO:0046634,go_parent
go:GO:0050863,go:GO:0046643,go_parent
go:GO:0050863,go:GO:0050868,go_parent
go:GO:0050863,go:GO:0050870,go_parent
go:GO:0050863,target:KAT2A,annotates_target
go:GO:0050864,go:GO:0030888,go_parent
go:GO:0050864,go:GO:0045191,go_parent
go:GO:0050864,go:GO:0045577,go_parent
go:GO:0050864,go:GO:0050869,go_parent
go:GO:0050864,go:GO:0050871,go_parent
go:GO:0050865,go:GO:0002694,go_parent
go:GO:0050865,go:GO:0010543,go_parent
go:GO:0050865,go:GO:0050866,go_parent
go:GO:0050865,go:GO:0050867,go_parent
go:GO:0050866,go:GO:0002695,go_parent
go:GO:0050866,go:GO:0010544,go_parent
go:GO:0050867,go:GO:0002696,go_parent
go:GO:0050868,go:GO:0042130,go_parent
go:GO:0050868,target:CSK,annotates_target
go:GO:0050869,go:GO:0030889,go_parent
go:GO:0050870,go:GO:0031295,go_parent
go:GO:0050870,go:GO:0042102,go_parent
go:GO:0050870,go:GO:0045582,go_parent
go:GO:0050870,go:GO:0046635,go_parent
go:GO:0050870,go:GO:0046645,go_parent
go:GO:0050870,target:THY1,annotates_target
go:GO:0050871,go:GO:0030890,go_parent
go:GO:0050871,go:GO:0045579,go_parent
go:GO:0050871,go:GO:0045830,go_parent
go:GO:0050872,target:CTBP2,annotates_target
go:GO:0050873,target:EHMT1,annotates_target
go:GO:0050877,go:GO:0007600,go_parent
go:GO:0050877,go:GO:0050890,go_parent
go:GO:0050877,go:GO:0099565,go_parent
go:GO:0050877,target:WFS1,annotates_target
go:GO:0050878,go:GO:0007589,go_parent
go:GO:0050878,go:GO:0007599,go_parent
go:GO:0050878,go:GO:0050891,go_parent
go:GO:0050878,go:GO:1900046,go_parent
go:GO:0050886,go:GO:0001990,go_parent
go:GO:0050890,go:GO:0007611,go_parent
go:GO:0050890,target:CYFIP1,annotates_target
go:GO:0050890,target:TUSC3,annotates_target
go:GO:0050891,go:GO:0003091,go_parent
go:GO:0050896,go:GO:0006950,go_parent
go:GO:0050896,go:GO:0006955,go_parent
go:GO:0050896,go:GO:0009605,go_parent
go:GO:0050896,go:GO:0009607,go_parent
go:GO:0050896,go:GO:0009628,go_parent
go:GO:0050896,go:GO:0009719,go_parent
go:GO:0050896,go:GO:0014823,go_parent
go:GO:0050896,go:GO:0031667,go_parent
go:GO:0050896,go:GO:0042221,go_parent
go:GO:0050896,go:GO:0051606,go_parent
go:GO:0050896,go:GO:0051716,go_parent
go:GO:0050900,go:GO:0030595,go_parent
go:GO:0050900,go:GO:0071674,go_parent
go:GO:0050900,target:SRC,annotates_target
go:GO:0050906,go:GO:0050961,go_parent
go:GO:0050906,go:GO:0050974,go_parent
go:GO:0050918,target:HMGB2,annotates_target
go:GO:0050919,target:ITGAV,annotates_target
go:GO:0050920,go:GO:0002688,go_parent
go:GO:0050920,go:GO:0050921,go_parent
go:GO:0050920,go:GO:0050926,go_parent
go:GO:0050920,go:GO:2001026,go_parent
go:GO:0050921,go:GO:0002690,go_parent
go:GO:0050921,go:GO:0048842,go_parent
go:GO:0050921,go:GO:0050927,go_parent
go:GO:0050921,go:GO:2001028,go_parent
go:GO:0050921,target:CXCL12,annotates_target
go:GO:0050921,target:STX4,annotates_target
go:GO:0050926,go:GO:0050927,go_parent
go:GO:0050927,go:GO:0050930,go_parent
go:GO:0050927,target:KDR,annotates_target
go:GO:0050930,target:CXCL12,annotates_target
go:GO:0050951,go:GO:0050961,go_parent
go:GO:0050953,go:GO:0007601,go_parent
go:GO:0050954,go:GO:0007605,go_parent
go:GO:0050954,go:GO:0050974,go_parent
go:GO:0050961,go:GO:0050965,go_parent
go:GO:0050965,target:CXCL12,annotates_target
go:GO:0050966,target:CXCL12,annotates_target
go:GO:0050974,go:GO:0050966,go_parent
go:GO:0050982,go:GO:0035995,go_parent
go:GO:0050982,go:GO:0050974,go_parent
go:GO:0050982,target:CTNNB1,annotates_target
go:GO:0050993,go:GO:0045337,go_parent
go:GO:0050994,go:GO:0031998,go_parent
go:GO:0050994,go:GO:0050996,go_parent
go:GO:0050996,go:GO:0032000,go_parent
go:GO:0051016,target:TWF2,annotates_target
go:GO:0051017,go:GO:0030038,go_parent
go:GO:0051017,go:GO:0031247,go_parent
go:GO:0051017,target:ACTN1,annotates_target
go:GO:0051036,target:CHMP3,annotates_target
go:GO:0051043,go:GO:0051044,go_parent
go:GO:0051044,target:APOE,annotates_target
go:GO:0051044,target:PACSIN3,annotates_target
go:GO:0051046,go:GO:0002791,go_parent
go:GO:0051046,go:GO:0051047,go_parent
go:GO:0051046,go:GO:0051048,go_parent
go:GO:0051046,go:GO:1903530,go_parent
go:GO:0051047,go:GO:0002793,go_parent
go:GO:0051047,go:GO:1903532,go_parent
go:GO:0051048,go:GO:1903531,go_parent
go:GO:0051049,go:GO:0030100,go_parent
go:GO:0051049,go:GO:0032239,go_parent
go:GO:0051049,go:GO:0032368,go_parent
go:GO:0051049,go:GO:0032386,go_parent
go:GO:0051049,go:GO:0032890,go_parent
go:GO:0051049,go:GO:0034762,go_parent
go:GO:0051049,go:GO:0043269,go_parent
go:GO:0051049,go:GO:0051046,go_parent
go:GO:0051049,go:GO:0051050,go_parent
go:GO:0051049,go:GO:0051051,go_parent
go:GO:0051049,go:GO:0051223,go_parent
go:GO:0051049,go:GO:0051588,go_parent
go:GO:0051049,go:GO:0051621,go_parent
go:GO:0051049,go:GO:0051952,go_parent
go:GO:0051049,go:GO:0060627,go_parent
go:GO:0051049,go:GO:0090087,go_parent
go:GO:0051049,go:GO:0150200,go_parent
go:GO:0051049,go:GO:1901028,go_parent
go:GO:0051049,go:GO:1903421,go_parent
go:GO:0051050,go:GO:0031340,go_parent
go:GO:0051050,go:GO:0032241,go_parent
go:GO:0051050,go:GO:0032370,go_parent
go:GO:0051050,go:GO:0032388,go_parent
go:GO:0051050,go:GO:0032892,go_parent
go:GO:0051050,go:GO:0034764,go_parent
go:GO:0051050,go:GO:0043270,go_parent
go:GO:0051050,go:GO:0045807,go_parent
go:GO:0051050,go:GO:0051047,go_parent
go:GO:0051050,go:GO:0051222,go_parent
go:GO:0051050,go:GO:0051590,go_parent
go:GO:0051050,go:GO:0051954,go_parent
go:GO:0051050,go:GO:0150201,go_parent
go:GO:0051050,go:GO:1901030,go_parent
go:GO:0051050,go:GO:1903423,go_parent
go:GO:0051051,go:GO:0032369,go_parent
go:GO:0051051,go:GO:0032387,go_parent
go:GO:0051051,go:GO:0032410,go_parent
go:GO:0051051,go:GO:0032891,go_parent
go:GO:0051051,go:GO:0034763,go_parent
go:GO:0051051,go:GO:0043271,go_parent
go:GO:0051051,go:GO:0045806,go_parent
go:GO:0051051,go:GO:0051048,go_parent
go:GO:0051051,go:GO:0051224,go_parent
go:GO:0051051,go:GO:0051589,go_parent
go:GO:0051051,go:GO:0051622,go_parent
go:GO:0051051,go:GO:0150202,go_parent
go:GO:0051052,go:GO:0000018,go_parent
go:GO:0051052,go:GO:0006275,go_parent
go:GO:0051052,go:GO:0006282,go_parent
go:GO:0051052,go:GO:0032204,go_parent
go:GO:0051052,go:GO:0051053,go_parent
go:GO:0051052,go:GO:0051054,go_parent
go:GO:0051052,go:GO:0060382,go_parent
go:GO:0051052,go:GO:1901858,go_parent
go:GO:0051052,go:GO:1903624,go_parent
go:GO:0051052,go:GO:2000278,go_parent
go:GO:0051053,go:GO:0032205,go_parent
go:GO:0051053,go:GO:0045738,go_parent
go:GO:0051053,go:GO:0045910,go_parent
go:GO:0051054,go:GO:0032206,go_parent
go:GO:0051054,go:GO:0045739,go_parent
go:GO:0051054,go:GO:0045740,go_parent
go:GO:0051054,go:GO:0045911,go_parent
go:GO:0051054,go:GO:1901860,go_parent
go:GO:0051054,go:GO:1903626,go_parent
go:GO:0051054,go:GO:2000573,go_parent
go:GO:0051055,go:GO:0010894,go_parent
go:GO:0051055,target:APOE,annotates_target
go:GO:0051056,go:GO:0035020,go_parent
go:GO:0051056,go:GO:0035023,go_parent
go:GO:0051056,go:GO:0046578,go_parent
go:GO:0051056,go:GO:0051057,go_parent
go:GO:0051056,go:GO:0051058,go_parent
go:GO:0051057,go:GO:0035022,go_parent
go:GO:0051057,go:GO:0046579,go_parent
go:GO:0051057,target:ITGAV,annotates_target
go:GO:0051057,target:SRC,annotates_target
go:GO:0051058,go:GO:0046580,go_parent
go:GO:0051058,target:CSNK1E,annotates_target
go:GO:0051093,go:GO:0045596,go_parent
go:GO:0051093,go:GO:0051961,go_parent
go:GO:0051093,go:GO:0061000,go_parent
go:GO:0051093,go:GO:0070571,go_parent
go:GO:0051093,go:GO:0090185,go_parent
go:GO:0051093,go:GO:1901343,go_parent
go:GO:0051093,go:GO:1902455,go_parent
go:GO:0051093,go:GO:2000791,go_parent
go:GO:0051093,target:STAT1,annotates_target
go:GO:0051094,go:GO:0045597,go_parent
go:GO:0051094,go:GO:0045684,go_parent
go:GO:0051094,go:GO:0045830,go_parent
go:GO:0051094,go:GO:0048636,go_parent
go:GO:0051094,go:GO:0048639,go_parent
go:GO:0051094,go:GO:0051962,go_parent
go:GO:0051094,go:GO:0060999,go_parent
go:GO:0051094,go:GO:0090141,go_parent
go:GO:0051094,go:GO:0110110,go_parent
go:GO:0051094,go:GO:1901165,go_parent
go:GO:0051094,go:GO:1901863,go_parent
go:GO:0051094,go:GO:1902459,go_parent
go:GO:0051094,go:GO:1904018,go_parent
go:GO:0051094,go:GO:1905332,go_parent
go:GO:0051094,go:GO:1905653,go_parent
go:GO:0051094,go:GO:2000394,go_parent
go:GO:0051094,target:TGFBR2,annotates_target
go:GO:0051096,target:SSBP1,annotates_target
go:GO:0051098,go:GO:0043393,go_parent
go:GO:0051098,go:GO:0051099,go_parent
go:GO:0051098,go:GO:0051100,go_parent
go:GO:0051098,go:GO:0051101,go_parent
go:GO:0051099,go:GO:0032092,go_parent
go:GO:0051099,go:GO:0035563,go_parent
go:GO:0051100,go:GO:0043392,go_parent
go:GO:0051101,go:GO:0043392,go_parent
go:GO:0051101,go:GO:2000677,go_parent
go:GO:0051123,target:MED1,annotates_target
go:GO:0051123,target:MED15,annotates_target
go:GO:0051123,target:MED19,annotates_target
go:GO:0051123,target:MED23,annotates_target
go:GO:0051123,target:MED24,annotates_target
go:GO:0051123,target:MED25,annotates_target
go:GO:0051123,target:TAF11,annotates_target
go:GO:0051123,target:TAF13,annotates_target
go:GO:0051125,go:GO:0034315,go_parent
go:GO:0051125,go:GO:0051127,go_parent
go:GO:0051127,go:GO:2000601,go_parent
go:GO:0051128,go:GO:0001558,go_parent
go:GO:0051128,go:GO:0030100,go_parent
go:GO:0051128,go:GO:0031344,go_parent
go:GO:0051128,go:GO:0033043,go_parent
go:GO:0051128,go:GO:0043244,go_parent
go:GO:0051128,go:GO:0043254,go_parent
go:GO:0051128,go:GO:0046605,go_parent
go:GO:0051128,go:GO:0050807,go_parent
go:GO:0051128,go:GO:0051129,go_parent
go:GO:0051128,go:GO:0051130,go_parent
go:GO:0051128,go:GO:0061091,go_parent
go:GO:0051128,go:GO:0090083,go_parent
go:GO:0051128,go:GO:0150116,go_parent
go:GO:0051128,go:GO:1901626,go_parent
go:GO:0051128,go:GO:1901632,go_parent
go:GO:0051128,go:GO:1901888,go_parent
go:GO:0051128,go:GO:1902275,go_parent
go:GO:0051128,go:GO:1902903,go_parent
go:GO:0051128,go:GO:1903729,go_parent
go:GO:0051129,go:GO:0010639,go_parent
go:GO:0051129,go:GO:0031333,go_parent
go:GO:0051129,go:GO:0031345,go_parent
go:GO:0051129,go:GO:0043242,go_parent
go:GO:0051129,go:GO:0045806,go_parent
go:GO:0051129,go:GO:0150118,go_parent
go:GO:0051129,go:GO:1901889,go_parent
go:GO:0051129,go:GO:1902904,go_parent
go:GO:0051129,go:GO:1905268,go_parent
go:GO:0051129,go:GO:1905809,go_parent
go:GO:0051130,go:GO:0010638,go_parent
go:GO:0051130,go:GO:0031334,go_parent
go:GO:0051130,go:GO:0031346,go_parent
go:GO:0051130,go:GO:0043243,go_parent
go:GO:0051130,go:GO:0045807,go_parent
go:GO:0051130,go:GO:0061092,go_parent
go:GO:0051130,go:GO:0090261,go_parent
go:GO:0051130,go:GO:0150117,go_parent
go:GO:0051130,go:GO:1901631,go_parent
go:GO:0051130,go:GO:1901890,go_parent
go:GO:0051130,go:GO:1902905,go_parent
go:GO:0051130,target:ARPC2,annotates_target
go:GO:0051131,target:PSMG1,annotates_target
go:GO:0051136,go:GO:0051138,go_parent
go:GO:0051138,target:TGFBR2,annotates_target
go:GO:0051146,go:GO:0014902,go_parent
go:GO:0051146,go:GO:0055002,go_parent
go:GO:0051146,target:CASP3,annotates_target
go:GO:0051147,go:GO:0051148,go_parent
go:GO:0051147,go:GO:0051149,go_parent
go:GO:0051147,go:GO:0051150,go_parent
go:GO:0051147,go:GO:0051153,go_parent
go:GO:0051148,go:GO:0051151,go_parent
go:GO:0051149,go:GO:0051152,go_parent
go:GO:0051149,go:GO:0051155,go_parent
go:GO:0051150,go:GO:0051151,go_parent
go:GO:0051150,go:GO:0051152,go_parent
go:GO:0051150,go:GO:1905063,go_parent
go:GO:0051151,go:GO:1905064,go_parent
go:GO:0051152,target:PIAS1,annotates_target
go:GO:0051153,go:GO:0051155,go_parent
go:GO:0051153,go:GO:2000725,go_parent
go:GO:0051155,go:GO:2000727,go_parent
go:GO:0051169,go:GO:0006913,go_parent
go:GO:0051170,go:GO:0006606,go_parent
go:GO:0051174,go:GO:0006140,go_parent
go:GO:0051174,go:GO:0010562,go_parent
go:GO:0051174,go:GO:0010919,go_parent
go:GO:0051179,go:GO:0033036,go_parent
go:GO:0051179,go:GO:0051234,go_parent
go:GO:0051179,go:GO:0051235,go_parent
go:GO:0051179,go:GO:0051640,go_parent
go:GO:0051179,go:GO:0051641,go_parent
go:GO:0051180,go:GO:0015878,go_parent
go:GO:0051180,go:GO:0035461,go_parent
go:GO:0051204,go:GO:0032979,go_parent
go:GO:0051205,go:GO:0045048,go_parent
go:GO:0051205,go:GO:0051204,go_parent
go:GO:0051209,target:PLCB3,annotates_target
go:GO:0051216,go:GO:0002062,go_parent
go:GO:0051216,go:GO:0060351,go_parent
go:GO:0051216,target:TGFBR2,annotates_target
go:GO:0051222,go:GO:0050714,go_parent
go:GO:0051222,go:GO:0090316,go_parent
go:GO:0051222,go:GO:0140077,go_parent
go:GO:0051223,go:GO:0033157,go_parent
go:GO:0051223,go:GO:0042996,go_parent
go:GO:0051223,go:GO:0050708,go_parent
go:GO:0051223,go:GO:0051222,go_parent
go:GO:0051223,go:GO:0051224,go_parent
go:GO:0051223,go:GO:0140075,go_parent
go:GO:0051224,go:GO:0042997,go_parent
go:GO:0051224,go:GO:0050709,go_parent
go:GO:0051225,go:GO:0090307,go_parent
go:GO:0051225,target:HDAC3,annotates_target
go:GO:0051225,target:NEK2,annotates_target
go:GO:0051234,go:GO:0006810,go_parent
go:GO:0051234,go:GO:0045184,go_parent
go:GO:0051234,go:GO:0051236,go_parent
go:GO:0051234,go:GO:0051649,go_parent
go:GO:0051234,go:GO:0051656,go_parent
go:GO:0051234,go:GO:0097695,go_parent
go:GO:0051235,go:GO:0045185,go_parent
go:GO:0051235,go:GO:0051651,go_parent
go:GO:0051236,go:GO:0050658,go_parent
go:GO:0051236,go:GO:0097694,go_parent
go:GO:0051239,go:GO:0001817,go_parent
go:GO:0051239,go:GO:0010632,go_parent
go:GO:0051239,go:GO:0010984,go_parent
go:GO:0051239,go:GO:0030278,go_parent
go:GO:0051239,go:GO:0034103,go_parent
go:GO:0051239,go:GO:0042634,go_parent
go:GO:0051239,go:GO:0044057,go_parent
go:GO:0051239,go:GO:0046620,go_parent
go:GO:0051239,go:GO:0048819,go_parent
go:GO:0051239,go:GO:0050795,go_parent
go:GO:0051239,go:GO:0050818,go_parent
go:GO:0051239,go:GO:0050865,go_parent
go:GO:0051239,go:GO:0051240,go_parent
go:GO:0051239,go:GO:0051241,go_parent
go:GO:0051239,go:GO:0060688,go_parent
go:GO:0051239,go:GO:0120161,go_parent
go:GO:0051239,go:GO:1900221,go_parent
go:GO:0051239,go:GO:1903365,go_parent
go:GO:0051239,go:GO:2000026,go_parent
go:GO:0051239,go:GO:2000036,go_parent
go:GO:0051239,target:ACVR1B,annotates_target
go:GO:0051239,target:CSK,annotates_target
go:GO:0051239,target:DLG5,annotates_target
go:GO:0051239,target:TGFBR2,annotates_target
go:GO:0051240,go:GO:0001819,go_parent
go:GO:0051240,go:GO:0002645,go_parent
go:GO:0051240,go:GO:0010718,go_parent
go:GO:0051240,go:GO:0042635,go_parent
go:GO:0051240,go:GO:0045618,go_parent
go:GO:0051240,go:GO:0046622,go_parent
go:GO:0051240,go:GO:0048636,go_parent
go:GO:0051240,go:GO:0050867,go_parent
go:GO:0051240,go:GO:0051962,go_parent
go:GO:0051240,go:GO:0090190,go_parent
go:GO:0051240,go:GO:0110110,go_parent
go:GO:0051240,go:GO:0120162,go_parent
go:GO:0051240,go:GO:0150201,go_parent
go:GO:0051240,go:GO:1900223,go_parent
go:GO:0051240,go:GO:1901165,go_parent
go:GO:0051240,go:GO:1902459,go_parent
go:GO:0051240,go:GO:1903524,go_parent
go:GO:0051240,go:GO:1903708,go_parent
go:GO:0051240,go:GO:1904018,go_parent
go:GO:0051240,go:GO:1905209,go_parent
go:GO:0051240,go:GO:1905278,go_parent
go:GO:0051240,target:KDM1A,annotates_target
go:GO:0051241,go:GO:0001818,go_parent
go:GO:0051241,go:GO:0010719,go_parent
go:GO:0051241,go:GO:0010985,go_parent
go:GO:0051241,go:GO:0014741,go_parent
go:GO:0051241,go:GO:0030279,go_parent
go:GO:0051241,go:GO:0034104,go_parent
go:GO:0051241,go:GO:0045906,go_parent
go:GO:0051241,go:GO:0045932,go_parent
go:GO:0051241,go:GO:0050819,go_parent
go:GO:0051241,go:GO:0050866,go_parent
go:GO:0051241,go:GO:0051961,go_parent
go:GO:0051241,go:GO:0090185,go_parent
go:GO:0051241,go:GO:0120163,go_parent
go:GO:0051241,go:GO:0150202,go_parent
go:GO:0051241,go:GO:1900222,go_parent
go:GO:0051241,go:GO:1901343,go_parent
go:GO:0051241,go:GO:1902455,go_parent
go:GO:0051241,go:GO:2000077,go_parent
go:GO:0051241,go:GO:2000791,go_parent
go:GO:0051246,go:GO:0006417,go_parent
go:GO:0051246,go:GO:0030162,go_parent
go:GO:0051246,go:GO:0031399,go_parent
go:GO:0051246,go:GO:0042176,go_parent
go:GO:0051246,go:GO:0050746,go_parent
go:GO:0051246,go:GO:0051247,go_parent
go:GO:0051246,go:GO:0051248,go_parent
go:GO:0051246,go:GO:1902991,go_parent
go:GO:0051246,go:GO:1903018,go_parent
go:GO:0051246,go:GO:1903317,go_parent
go:GO:0051246,go:GO:1905906,go_parent
go:GO:0051246,target:APOE,annotates_target
go:GO:0051246,target:TARBP2,annotates_target
go:GO:0051247,go:GO:0031401,go_parent
go:GO:0051247,go:GO:0045727,go_parent
go:GO:0051247,go:GO:0045732,go_parent
go:GO:0051247,go:GO:0045862,go_parent
go:GO:0051247,go:GO:1902993,go_parent
go:GO:0051247,go:GO:1903020,go_parent
go:GO:0051247,go:GO:1903319,go_parent
go:GO:0051247,go:GO:1905908,go_parent
go:GO:0051247,target:WFS1,annotates_target
go:GO:0051248,go:GO:0017148,go_parent
go:GO:0051248,go:GO:0031400,go_parent
go:GO:0051248,go:GO:0042177,go_parent
go:GO:0051248,go:GO:0045861,go_parent
go:GO:0051248,go:GO:0050748,go_parent
go:GO:0051248,go:GO:1902992,go_parent
go:GO:0051248,go:GO:1905907,go_parent
go:GO:0051248,target:APOE,annotates_target
go:GO:0051249,go:GO:0045619,go_parent
go:GO:0051249,go:GO:0050670,go_parent
go:GO:0051249,go:GO:0050863,go_parent
go:GO:0051249,go:GO:0050864,go_parent
go:GO:0051249,go:GO:0051250,go_parent
go:GO:0051249,go:GO:0051251,go_parent
go:GO:0051250,go:GO:0050672,go_parent
go:GO:0051250,go:GO:0050868,go_parent
go:GO:0051250,go:GO:0050869,go_parent
go:GO:0051251,go:GO:0031294,go_parent
go:GO:0051251,go:GO:0045621,go_parent
go:GO:0051251,go:GO:0050671,go_parent
go:GO:0051251,go:GO:0050870,go_parent
go:GO:0051251,go:GO:0050871,go_parent
go:GO:0051252,go:GO:0000960,go_parent
go:GO:0051252,go:GO:0043487,go_parent
go:GO:0051252,go:GO:0051253,go_parent
go:GO:0051252,go:GO:0051254,go_parent
go:GO:0051252,go:GO:1903311,go_parent
go:GO:0051252,go:GO:2000628,go_parent
go:GO:0051252,go:GO:2001141,go_parent
go:GO:0051253,go:GO:1902369,go_parent
go:GO:0051253,go:GO:1902679,go_parent
go:GO:0051253,go:GO:1903312,go_parent
go:GO:0051253,go:GO:2000629,go_parent
go:GO:0051254,go:GO:0000962,go_parent
go:GO:0051254,go:GO:0050779,go_parent
go:GO:0051254,go:GO:1902680,go_parent
go:GO:0051254,go:GO:1903313,go_parent
go:GO:0051254,go:GO:2000630,go_parent
go:GO:0051258,go:GO:0030041,go_parent
go:GO:0051258,target:CHMP3,annotates_target
go:GO:0051259,go:GO:0034214,go_parent
go:GO:0051259,go:GO:0051260,go_parent
go:GO:0051259,go:GO:0051262,go_parent
go:GO:0051259,go:GO:0051291,go_parent
go:GO:0051259,target:MAT2A,annotates_target
go:GO:0051260,go:GO:0051289,go_parent
go:GO:0051261,go:GO:0030042,go_parent
go:GO:0051262,go:GO:0051289,go_parent
go:GO:0051262,go:GO:0051290,go_parent
go:GO:0051262,target:OXA1L,annotates_target
go:GO:0051262,target:SNCA,annotates_target
go:GO:0051276,go:GO:0000819,go_parent
go:GO:0051276,go:GO:0007062,go_parent
go:GO:0051276,go:GO:0030261,go_parent
go:GO:0051276,go:GO:0032200,go_parent
go:GO:0051276,go:GO:0043570,go_parent
go:GO:0051276,go:GO:0051383,go_parent
go:GO:0051276,go:GO:0070192,go_parent
go:GO:0051276,go:GO:0071103,go_parent
go:GO:0051276,target:HAT1,annotates_target
go:GO:0051279,go:GO:0010880,go_parent
go:GO:0051279,go:GO:0051281,go_parent
go:GO:0051281,target:SNCA,annotates_target
go:GO:0051281,target:THY1,annotates_target
go:GO:0051289,target:SSBP1,annotates_target
go:GO:0051290,target:RRM1,annotates_target
go:GO:0051290,target:RRM2,annotates_target
go:GO:0051291,go:GO:0051290,go_parent
go:GO:0051291,target:MAT2A,annotates_target
go:GO:0051293,go:GO:0040001,go_parent
go:GO:0051293,go:GO:0051294,go_parent
go:GO:0051294,go:GO:0000132,go_parent
go:GO:0051299,target:NEK2,annotates_target
go:GO:0051301,go:GO:0000910,go_parent
go:GO:0051302,go:GO:0032465,go_parent
go:GO:0051302,go:GO:0051781,go_parent
go:GO:0051302,target:KAT2A,annotates_target
go:GO:0051304,go:GO:0051306,go_parent
go:GO:0051306,target:NCAPH2,annotates_target
go:GO:0051310,go:GO:0007080,go_parent
go:GO:0051321,go:GO:1903046,go_parent
go:GO:0051321,target:CDCA2,annotates_target
go:GO:0051321,target:MKI67,annotates_target
go:GO:0051336,go:GO:0010517,go_parent
go:GO:0051336,go:GO:0043087,go_parent
go:GO:0051336,go:GO:0051345,go_parent
go:GO:0051336,go:GO:0051346,go_parent
go:GO:0051338,go:GO:0043549,go_parent
go:GO:0051338,go:GO:1903302,go_parent
go:GO:0051338,go:GO:2000465,go_parent
go:GO:0051338,target:SET,annotates_target
go:GO:0051341,go:GO:0051354,go_parent
go:GO:0051345,go:GO:0043547,go_parent
go:GO:0051345,go:GO:0060193,go_parent
go:GO:0051346,go:GO:0034260,go_parent
go:GO:0051351,target:XRCC4,annotates_target
go:GO:0051354,target:OXA1L,annotates_target
go:GO:0051382,target:CENPO,annotates_target
go:GO:0051383,go:GO:0051382,go_parent
go:GO:0051384,go:GO:0051412,go_parent
go:GO:0051384,go:GO:0071385,go_parent
go:GO:0051384,target:CASP3,annotates_target
go:GO:0051385,go:GO:0051412,go_parent
go:GO:0051386,go:GO:0051388,go_parent
go:GO:0051388,target:CYFIP1,annotates_target
go:GO:0051402,go:GO:0036480,go_parent
go:GO:0051403,target:MAP3K7,annotates_target
go:GO:0051409,go:GO:0071500,go_parent
go:GO:0051412,target:CALM3,annotates_target
go:GO:0051445,go:GO:0051446,go_parent
go:GO:0051445,target:METTL3,annotates_target
go:GO:0051446,go:GO:1901995,go_parent
go:GO:0051452,go:GO:0007035,go_parent
go:GO:0051452,go:GO:0048388,go_parent
go:GO:0051452,go:GO:0061795,go_parent
go:GO:0051452,target:ATP6V0B,annotates_target
go:GO:0051452,target:ATP6V0C,annotates_target
go:GO:0051453,go:GO:0051452,go_parent
go:GO:0051469,target:CHMP3,annotates_target
go:GO:0051481,go:GO:0010523,go_parent
go:GO:0051493,go:GO:0032956,go_parent
go:GO:0051493,go:GO:0051494,go_parent
go:GO:0051493,go:GO:0051495,go_parent
go:GO:0051493,go:GO:0070507,go_parent
go:GO:0051494,go:GO:0030835,go_parent
go:GO:0051494,go:GO:0030837,go_parent
go:GO:0051494,go:GO:0031111,go_parent
go:GO:0051494,go:GO:0046606,go_parent
go:GO:0051495,go:GO:0030838,go_parent
go:GO:0051495,go:GO:0031112,go_parent
go:GO:0051495,go:GO:0051127,go_parent
go:GO:0051560,target:ANXA6,annotates_target
go:GO:0051580,go:GO:0051581,go_parent
go:GO:0051580,go:GO:0051582,go_parent
go:GO:0051580,go:GO:0051584,go_parent
go:GO:0051580,go:GO:0051611,go_parent
go:GO:0051581,go:GO:0051585,go_parent
go:GO:0051581,go:GO:0051612,go_parent
go:GO:0051582,go:GO:0051586,go_parent
go:GO:0051583,target:SNCA,annotates_target
go:GO:0051584,go:GO:0051585,go_parent
go:GO:0051584,go:GO:0051586,go_parent
go:GO:0051584,target:TOR1A,annotates_target
go:GO:0051585,target:SNCA,annotates_target
go:GO:0051586,target:RAB3B,annotates_target
go:GO:0051588,go:GO:0046928,go_parent
go:GO:0051588,go:GO:0051580,go_parent
go:GO:0051588,go:GO:0051589,go_parent
go:GO:0051588,go:GO:0051590,go_parent
go:GO:0051589,go:GO:0051581,go_parent
go:GO:0051590,go:GO:0001956,go_parent
go:GO:0051590,go:GO:0051582,go_parent
go:GO:0051591,target:BIRC2,annotates_target
go:GO:0051592,go:GO:0005513,go_parent
go:GO:0051592,target:CALM3,annotates_target
go:GO:0051604,go:GO:0006457,go_parent
go:GO:0051604,go:GO:0016485,go_parent
go:GO:0051604,target:CASP2,annotates_target
go:GO:0051604,target:CASP3,annotates_target
go:GO:0051604,target:MBTPS1,annotates_target
go:GO:0051606,go:GO:0009581,go_parent
go:GO:0051606,go:GO:0009582,go_parent
go:GO:0051606,go:GO:0009593,go_parent
go:GO:0051606,go:GO:0050906,go_parent
go:GO:0051607,go:GO:0044790,go_parent
go:GO:0051607,go:GO:0140374,go_parent
go:GO:0051607,target:IRF3,annotates_target
go:GO:0051607,target:STAT1,annotates_target
go:GO:0051611,go:GO:0051612,go_parent
go:GO:0051612,target:SNCA,annotates_target
go:GO:0051621,go:GO:0051622,go_parent
go:GO:0051621,target:SNCA,annotates_target
go:GO:0051622,target:SNCA,annotates_target
go:GO:0051639,target:ACTN1,annotates_target
go:GO:0051640,go:GO:0050000,go_parent
go:GO:0051640,go:GO:0051646,go_parent
go:GO:0051640,go:GO:0051648,go_parent
go:GO:0051640,go:GO:0051653,go_parent
go:GO:0051640,go:GO:0051656,go_parent
go:GO:0051641,go:GO:0046907,go_parent
go:GO:0051641,go:GO:0051649,go_parent
go:GO:0051641,go:GO:0051651,go_parent
go:GO:0051641,go:GO:0051668,go_parent
go:GO:0051646,go:GO:0048311,go_parent
go:GO:0051646,go:GO:0051654,go_parent
go:GO:0051648,go:GO:0032252,go_parent
go:GO:0051648,go:GO:0051650,go_parent
go:GO:0051648,go:GO:0097479,go_parent
go:GO:0051649,go:GO:0002576,go_parent
go:GO:0051649,go:GO:0007269,go_parent
go:GO:0051649,go:GO:0016079,go_parent
go:GO:0051649,go:GO:0036465,go_parent
go:GO:0051649,go:GO:0046907,go_parent
go:GO:0051649,go:GO:0051204,go_parent
go:GO:0051649,go:GO:0051293,go_parent
go:GO:0051649,go:GO:0051650,go_parent
go:GO:0051649,go:GO:0097401,go_parent
go:GO:0051649,go:GO:0098810,go_parent
go:GO:0051649,go:GO:0099504,go_parent
go:GO:0051649,go:GO:0140238,go_parent
go:GO:0051649,target:STXBP1,annotates_target
go:GO:0051650,go:GO:0048489,go_parent
go:GO:0051650,go:GO:0099518,go_parent
go:GO:0051650,go:GO:1901950,go_parent
go:GO:0051650,go:GO:1990504,go_parent
go:GO:0051650,target:IKBKG,annotates_target
go:GO:0051651,go:GO:0032507,go_parent
go:GO:0051653,go:GO:0051293,go_parent
go:GO:0051654,go:GO:0034643,go_parent
go:GO:0051656,go:GO:0051293,go_parent
go:GO:0051656,go:GO:0051650,go_parent
go:GO:0051656,go:GO:0051654,go_parent
go:GO:0051656,go:GO:0072384,go_parent
go:GO:0051668,go:GO:0072657,go_parent
go:GO:0051668,go:GO:0090150,go_parent
go:GO:0051668,go:GO:0098876,go_parent
go:GO:0051693,go:GO:0051016,go_parent
go:GO:0051701,go:GO:0035891,go_parent
go:GO:0051701,go:GO:0044409,go_parent
go:GO:0051707,go:GO:0009615,go_parent
go:GO:0051707,go:GO:0009617,go_parent
go:GO:0051707,go:GO:0098542,go_parent
go:GO:0051716,go:GO:0007165,go_parent
go:GO:0051716,go:GO:0031669,go_parent
go:GO:0051716,go:GO:0033554,go_parent
go:GO:0051716,go:GO:0070887,go_parent
go:GO:0051716,go:GO:0071216,go_parent
go:GO:0051716,go:GO:0071402,go_parent
go:GO:0051716,go:GO:0104004,go_parent
go:GO:0051726,go:GO:0007346,go_parent
go:GO:0051726,go:GO:0010564,go_parent
go:GO:0051726,go:GO:0045786,go_parent
go:GO:0051726,go:GO:0045787,go_parent
go:GO:0051726,go:GO:0051445,go_parent
go:GO:0051726,target:AKT2,annotates_target
go:GO:0051726,target:ATM,annotates_target
go:GO:0051726,target:BIRC2,annotates_target
go:GO:0051726,target:DOT1L,annotates_target
go:GO:0051726,target:INO80B,annotates_target
go:GO:0051726,target:KAT2A,annotates_target
go:GO:0051781,go:GO:0032467,go_parent
go:GO:0051781,target:HDGF,annotates_target
go:GO:0051783,go:GO:0007088,go_parent
go:GO:0051783,go:GO:0051784,go_parent
go:GO:0051784,go:GO:0045839,go_parent
go:GO:0051788,go:GO:0071218,go_parent
go:GO:0051851,go:GO:0044788,go_parent
go:GO:0051865,target:NFX1,annotates_target
go:GO:0051865,target:STUB1,annotates_target
go:GO:0051881,go:GO:0010918,go_parent
go:GO:0051881,go:GO:0051900,go_parent
go:GO:0051884,target:CTNNB1,annotates_target
go:GO:0051890,go:GO:0051891,go_parent
go:GO:0051891,target:DHX36,annotates_target
go:GO:0051893,go:GO:0051894,go_parent
go:GO:0051893,go:GO:0051895,go_parent
go:GO:0051893,target:VCL,annotates_target
go:GO:0051894,target:KDR,annotates_target
go:GO:0051894,target:THY1,annotates_target
go:GO:0051895,target:SRC,annotates_target
go:GO:0051896,go:GO:0051897,go_parent
go:GO:0051896,go:GO:0051898,go_parent
go:GO:0051897,target:BECN1,annotates_target
go:GO:0051897,target:C1QBP,annotates_target
go:GO:0051897,target:FGFR1,annotates_target
go:GO:0051897,target:HAX1,annotates_target
go:GO:0051897,target:IGF1R,annotates_target
go:GO:0051897,target:KDR,annotates_target
go:GO:0051897,target:SRC,annotates_target
go:GO:0051897,target:TCF7L2,annotates_target
go:GO:0051898,target:PTPN1,annotates_target
go:GO:0051900,go:GO:0051901,go_parent
go:GO:0051900,go:GO:0051902,go_parent
go:GO:0051901,target:KDR,annotates_target
go:GO:0051902,target:SRC,annotates_target
go:GO:0051913,go:GO:0051914,go_parent
go:GO:0051914,go:GO:0051915,go_parent
go:GO:0051915,target:MAP1B,annotates_target
go:GO:0051924,go:GO:0051926,go_parent
go:GO:0051924,go:GO:0051928,go_parent
go:GO:0051924,go:GO:0090279,go_parent
go:GO:0051924,go:GO:1903169,go_parent
go:GO:0051924,target:CXCL12,annotates_target
go:GO:0051926,go:GO:1903170,go_parent
go:GO:0051926,target:PACSIN3,annotates_target
go:GO:0051928,go:GO:0090280,go_parent
go:GO:0051928,go:GO:1904427,go_parent
go:GO:0051928,target:WFS1,annotates_target
go:GO:0051952,go:GO:0050433,go_parent
go:GO:0051952,go:GO:0051954,go_parent
go:GO:0051952,go:GO:0051955,go_parent
go:GO:0051954,go:GO:0033605,go_parent
go:GO:0051954,go:GO:0051957,go_parent
go:GO:0051955,go:GO:0014048,go_parent
go:GO:0051955,go:GO:0051957,go_parent
go:GO:0051957,go:GO:0014049,go_parent
go:GO:0051960,go:GO:0050767,go_parent
go:GO:0051960,go:GO:0051961,go_parent
go:GO:0051960,go:GO:0051962,go_parent
go:GO:0051961,go:GO:0050768,go_parent
go:GO:0051962,go:GO:0050769,go_parent
go:GO:0051962,go:GO:0051965,go_parent
go:GO:0051963,go:GO:0051965,go_parent
go:GO:0051963,go:GO:0150052,go_parent
go:GO:0051963,go:GO:1905606,go_parent
go:GO:0051963,target:CTNNB1,annotates_target
go:GO:0051965,target:ADNP,annotates_target
go:GO:0051965,target:DLG5,annotates_target
go:GO:0051966,go:GO:0051968,go_parent
go:GO:0051966,go:GO:1903294,go_parent
go:GO:0051968,go:GO:1903296,go_parent
go:GO:0051983,go:GO:0033045,go_parent
go:GO:0051983,go:GO:0051984,go_parent
go:GO:0051983,go:GO:0051985,go_parent
go:GO:0051983,go:GO:1905818,go_parent
go:GO:0051984,go:GO:0051987,go_parent
go:GO:0051985,go:GO:0033046,go_parent
go:GO:0051985,go:GO:1905819,go_parent
go:GO:0051987,go:GO:1902425,go_parent
go:GO:0051988,go:GO:0051987,go_parent
go:GO:0051988,go:GO:1902423,go_parent
go:GO:0051988,target:NEK2,annotates_target
go:GO:0052372,go:GO:2000535,go_parent
go:GO:0052652,go:GO:0046068,go_parent
go:GO:0055001,go:GO:0055002,go_parent
go:GO:0055001,target:ACTN1,annotates_target
go:GO:0055001,target:KDM1A,annotates_target
go:GO:0055002,go:GO:0014904,go_parent
go:GO:0055002,go:GO:0030239,go_parent
go:GO:0055002,target:SDC1,annotates_target
go:GO:0055008,go:GO:0055010,go_parent
go:GO:0055010,go:GO:0003222,go_parent
go:GO:0055021,go:GO:0055023,go_parent
go:GO:0055021,go:GO:0060043,go_parent
go:GO:0055023,go:GO:0060045,go_parent
go:GO:0055074,go:GO:0006874,go_parent
go:GO:0055074,target:WFS1,annotates_target
go:GO:0055075,go:GO:0030007,go_parent
go:GO:0055078,go:GO:0006883,go_parent
go:GO:0055080,go:GO:0006885,go_parent
go:GO:0055080,go:GO:0030003,go_parent
go:GO:0055080,go:GO:0055074,go_parent
go:GO:0055080,go:GO:0055075,go_parent
go:GO:0055080,go:GO:0055078,go_parent
go:GO:0055082,go:GO:0001678,go_parent
go:GO:0055082,go:GO:0006873,go_parent
go:GO:0055082,go:GO:0033484,go_parent
go:GO:0055085,go:GO:0034220,go_parent
go:GO:0055085,go:GO:0035435,go_parent
go:GO:0055085,go:GO:0035461,go_parent
go:GO:0055085,go:GO:0071806,go_parent
go:GO:0055085,go:GO:0098739,go_parent
go:GO:0055085,go:GO:0140115,go_parent
go:GO:0055085,go:GO:1905039,go_parent
go:GO:0055085,go:GO:1990542,go_parent
go:GO:0055085,target:SLC39A6,annotates_target
go:GO:0055085,target:SLC5A6,annotates_target
go:GO:0055085,target:SV2A,annotates_target
go:GO:0055085,target:TUSC3,annotates_target
go:GO:0055086,go:GO:0006753,go_parent
go:GO:0055086,target:NUDT9,annotates_target
go:GO:0055088,go:GO:0055089,go_parent
go:GO:0055088,go:GO:0055090,go_parent
go:GO:0055088,go:GO:0055092,go_parent
go:GO:0055088,target:NFE2L1,annotates_target
go:GO:0055088,target:USF2,annotates_target
go:GO:0055089,target:APOE,annotates_target
go:GO:0055090,go:GO:0070328,go_parent
go:GO:0055090,target:APOE,annotates_target
go:GO:0055092,go:GO:0042632,go_parent
go:GO:0055093,target:POLB,annotates_target
go:GO:0055117,go:GO:0010882,go_parent
go:GO:0055117,target:CALM3,annotates_target
go:GO:0055119,target:ATP1B1,annotates_target
go:GO:0055123,go:GO:0048565,go_parent
go:GO:0060019,go:GO:0021861,go_parent
go:GO:0060021,go:GO:0062009,go_parent
go:GO:0060021,target:TGFBR2,annotates_target
go:GO:0060037,target:SIX4,annotates_target
go:GO:0060041,go:GO:0003406,go_parent
go:GO:0060041,go:GO:0003407,go_parent
go:GO:0060041,go:GO:0060042,go_parent
go:GO:0060042,go:GO:0060219,go_parent
go:GO:0060043,go:GO:0060045,go_parent
go:GO:0060045,target:RBPJ,annotates_target
go:GO:0060047,go:GO:0060048,go_parent
go:GO:0060048,target:ATP1B1,annotates_target
go:GO:0060055,go:GO:0061042,go_parent
go:GO:0060055,target:PRCP,annotates_target
go:GO:0060070,target:CSNK1E,annotates_target
go:GO:0060070,target:CTNNB1,annotates_target
go:GO:0060070,target:EP300,annotates_target
go:GO:0060070,target:GSK3B,annotates_target
go:GO:0060070,target:TCF7L2,annotates_target
go:GO:0060078,go:GO:0060079,go_parent
go:GO:0060079,target:GSK3B,annotates_target
go:GO:0060113,go:GO:0060119,go_parent
go:GO:0060119,go:GO:0060122,go_parent
go:GO:0060122,target:TSKU,annotates_target
go:GO:0060173,go:GO:0035108,go_parent
go:GO:0060173,target:KAT2A,annotates_target
go:GO:0060193,go:GO:0010518,go_parent
go:GO:0060219,go:GO:0042670,go_parent
go:GO:0060231,target:CTNNB1,annotates_target
go:GO:0060232,go:GO:0098508,go_parent
go:GO:0060236,go:GO:1901673,go_parent
go:GO:0060249,go:GO:0001894,go_parent
go:GO:0060255,go:GO:0001919,go_parent
go:GO:0060255,go:GO:0010556,go_parent
go:GO:0060255,go:GO:0010604,go_parent
go:GO:0060255,go:GO:0010605,go_parent
go:GO:0060255,go:GO:0032881,go_parent
go:GO:0060255,go:GO:0051052,go_parent
go:GO:0060255,go:GO:0051246,go_parent
go:GO:0060255,go:GO:0051252,go_parent
go:GO:0060255,go:GO:2000644,go_parent
go:GO:0060260,go:GO:0060261,go_parent
go:GO:0060260,go:GO:0060633,go_parent
go:GO:0060261,target:DHX36,annotates_target
go:GO:0060261,target:MED1,annotates_target
go:GO:0060261,target:MED12,annotates_target
go:GO:0060261,target:MED13,annotates_target
go:GO:0060261,target:MED15,annotates_target
go:GO:0060261,target:MED19,annotates_target
go:GO:0060261,target:MED23,annotates_target
go:GO:0060261,target:MED24,annotates_target
go:GO:0060261,target:MED25,annotates_target
go:GO:0060261,target:PAXIP1,annotates_target
go:GO:0060261,target:PIAS1,annotates_target
go:GO:0060261,target:TAF11,annotates_target
go:GO:0060261,target:TAF13,annotates_target
go:GO:0060272,go:GO:0036023,go_parent
go:GO:0060284,go:GO:0010720,go_parent
go:GO:0060284,go:GO:0010721,go_parent
go:GO:0060284,go:GO:0050767,go_parent
go:GO:0060284,go:GO:1901550,go_parent
go:GO:0060284,go:GO:1903706,go_parent
go:GO:0060284,go:GO:2000074,go_parent
go:GO:0060291,target:CALM3,annotates_target
go:GO:0060291,target:STX4,annotates_target
go:GO:0060292,target:CTNNB1,annotates_target
go:GO:0060295,go:GO:1901317,go_parent
go:GO:0060317,go:GO:0003198,go_parent
go:GO:0060322,go:GO:0007420,go_parent
go:GO:0060322,go:GO:0060323,go_parent
go:GO:0060322,go:GO:0060324,go_parent
go:GO:0060323,go:GO:0060325,go_parent
go:GO:0060324,go:GO:0060325,go_parent
go:GO:0060325,target:EP300,annotates_target
go:GO:0060326,go:GO:0030595,go_parent
go:GO:0060326,target:CXCL12,annotates_target
go:GO:0060326,target:HMGB2,annotates_target
go:GO:0060330,go:GO:0060331,go_parent
go:GO:0060330,go:GO:0060334,go_parent
go:GO:0060331,go:GO:0060336,go_parent
go:GO:0060333,target:RAF1,annotates_target
go:GO:0060333,target:STAT1,annotates_target
go:GO:0060334,go:GO:0060336,go_parent
go:GO:0060336,target:DNAJA3,annotates_target
go:GO:0060337,target:IRF3,annotates_target
go:GO:0060337,target:STAT1,annotates_target
go:GO:0060338,go:GO:0060339,go_parent
go:GO:0060338,target:PTPN1,annotates_target
go:GO:0060339,target:METTL3,annotates_target
go:GO:0060341,go:GO:0010522,go_parent
go:GO:0060341,go:GO:0032386,go_parent
go:GO:0060341,go:GO:0061178,go_parent
go:GO:0060341,go:GO:0090313,go_parent
go:GO:0060341,go:GO:1905475,go_parent
go:GO:0060348,go:GO:0048539,go_parent
go:GO:0060348,go:GO:0060349,go_parent
go:GO:0060348,go:GO:0098868,go_parent
go:GO:0060348,target:MAP3K7,annotates_target
go:GO:0060349,go:GO:0060350,go_parent
go:GO:0060350,go:GO:0060351,go_parent
go:GO:0060351,go:GO:0003413,go_parent
go:GO:0060351,go:GO:0003417,go_parent
go:GO:0060368,target:CSK,annotates_target
go:GO:0060379,target:RBPJ,annotates_target
go:GO:0060382,target:INO80B,annotates_target
go:GO:0060390,go:GO:0060391,go_parent
go:GO:0060390,go:GO:0060392,go_parent
go:GO:0060391,target:TGFBR2,annotates_target
go:GO:0060392,target:EID2,annotates_target
go:GO:0060395,target:BECN1,annotates_target
go:GO:0060396,go:GO:0060397,go_parent
go:GO:0060397,target:PTPN1,annotates_target
go:GO:0060397,target:STAT6,annotates_target
go:GO:0060411,go:GO:0003148,go_parent
go:GO:0060411,go:GO:0060412,go_parent
go:GO:0060411,go:GO:0060413,go_parent
go:GO:0060412,go:GO:0003149,go_parent
go:GO:0060412,target:RBPJ,annotates_target
go:GO:0060412,target:SOX4,annotates_target
go:GO:0060412,target:TGFBR2,annotates_target
go:GO:0060413,go:GO:0003289,go_parent
go:GO:0060415,go:GO:0055008,go_parent
go:GO:0060416,go:GO:0071378,go_parent
go:GO:0060420,go:GO:0055021,go_parent
go:GO:0060420,go:GO:0060421,go_parent
go:GO:0060421,go:GO:0055023,go_parent
go:GO:0060429,go:GO:0002009,go_parent
go:GO:0060429,go:GO:0003158,go_parent
go:GO:0060429,go:GO:0003406,go_parent
go:GO:0060429,go:GO:0021915,go_parent
go:GO:0060429,go:GO:0030855,go_parent
go:GO:0060429,go:GO:0035050,go_parent
go:GO:0060429,go:GO:0061053,go_parent
go:GO:0060429,go:GO:0061180,go_parent
go:GO:0060429,go:GO:0061326,go_parent
go:GO:0060429,go:GO:0098773,go_parent
go:GO:0060485,go:GO:0003197,go_parent
go:GO:0060485,go:GO:0048368,go_parent
go:GO:0060485,go:GO:0048762,go_parent
go:GO:0060485,go:GO:0072074,go_parent
go:GO:0060485,go:GO:0072132,go_parent
go:GO:0060485,target:SOX4,annotates_target
go:GO:0060491,go:GO:0120032,go_parent
go:GO:0060537,go:GO:0014706,go_parent
go:GO:0060538,go:GO:0007519,go_parent
go:GO:0060541,go:GO:0030324,go_parent
go:GO:0060541,go:GO:0043584,go_parent
go:GO:0060544,go:GO:0060546,go_parent
go:GO:0060544,target:BIRC2,annotates_target
go:GO:0060544,target:LTBR,annotates_target
go:GO:0060546,target:BIRC2,annotates_target
go:GO:0060546,target:CASP2,annotates_target
go:GO:0060546,target:MAP3K7,annotates_target
go:GO:0060560,go:GO:1990138,go_parent
go:GO:0060562,go:GO:0003143,go_parent
go:GO:0060562,go:GO:0048754,go_parent
go:GO:0060562,go:GO:0061154,go_parent
go:GO:0060562,go:GO:0072175,go_parent
go:GO:0060562,target:KDR,annotates_target
go:GO:0060563,go:GO:0071895,go_parent
go:GO:0060563,target:SOX4,annotates_target
go:GO:0060575,go:GO:0060576,go_parent
go:GO:0060576,target:SRC,annotates_target
go:GO:0060606,go:GO:0001843,go_parent
go:GO:0060612,target:OXCT1,annotates_target
go:GO:0060612,target:PAXIP1,annotates_target
go:GO:0060623,go:GO:1902340,go_parent
go:GO:0060623,go:GO:1903379,go_parent
go:GO:0060627,go:GO:0017157,go_parent
go:GO:0060627,go:GO:0031338,go_parent
go:GO:0060627,go:GO:0042996,go_parent
go:GO:0060627,go:GO:0098693,go_parent
go:GO:0060627,go:GO:2000641,go_parent
go:GO:0060627,go:GO:2001286,go_parent
go:GO:0060627,target:MBTPS1,annotates_target
go:GO:0060632,go:GO:0003352,go_parent
go:GO:0060633,target:HDAC3,annotates_target
go:GO:0060633,target:SIN3B,annotates_target
go:GO:0060644,target:AKT2,annotates_target
go:GO:0060674,go:GO:0060716,go_parent
go:GO:0060688,go:GO:0090189,go_parent
go:GO:0060688,go:GO:1905553,go_parent
go:GO:0060711,go:GO:0060716,go_parent
go:GO:0060716,target:RBPJ,annotates_target
go:GO:0060717,target:PAXIP1,annotates_target
go:GO:0060732,target:SNCA,annotates_target
go:GO:0060759,go:GO:0001959,go_parent
go:GO:0060759,go:GO:0060330,go_parent
go:GO:0060759,go:GO:0060760,go_parent
go:GO:0060759,go:GO:0060761,go_parent
go:GO:0060760,target:DHX9,annotates_target
go:GO:0060761,go:GO:0001960,go_parent
go:GO:0060761,go:GO:0060331,go_parent
go:GO:0060765,go:GO:0060766,go_parent
go:GO:0060765,target:EP300,annotates_target
go:GO:0060765,target:KDM1A,annotates_target
go:GO:0060765,target:SAFB2,annotates_target
go:GO:0060766,target:FOXH1,annotates_target
go:GO:0060766,target:SMARCA4,annotates_target
go:GO:0060766,target:TCF7L2,annotates_target
go:GO:0060788,go:GO:0030910,go_parent
go:GO:0060795,go:GO:0001711,go_parent
go:GO:0060816,target:HDAC3,annotates_target
go:GO:0060816,target:LBR,annotates_target
go:GO:0060828,go:GO:0090090,go_parent
go:GO:0060828,go:GO:0090263,go_parent
go:GO:0060837,go:GO:0060842,go_parent
go:GO:0060837,go:GO:0060846,go_parent
go:GO:0060839,go:GO:0060846,go_parent
go:GO:0060839,go:GO:0060847,go_parent
go:GO:0060840,go:GO:0035904,go_parent
go:GO:0060840,go:GO:0048844,go_parent
go:GO:0060842,go:GO:0060844,go_parent
go:GO:0060844,target:RBPJ,annotates_target
go:GO:0060846,go:GO:0060844,go_parent
go:GO:0060846,go:GO:0097101,go_parent
go:GO:0060847,go:GO:0097101,go_parent
go:GO:0060914,go:GO:0003128,go_parent
go:GO:0060966,go:GO:0070920,go_parent
go:GO:0060972,go:GO:0007368,go_parent
go:GO:0060992,target:EHMT1,annotates_target
go:GO:0060993,target:SOX4,annotates_target
go:GO:0060998,go:GO:0060999,go_parent
go:GO:0060998,go:GO:0061000,go_parent
go:GO:0060999,go:GO:0061003,go_parent
go:GO:0060999,target:APOE,annotates_target
go:GO:0060999,target:DLG5,annotates_target
go:GO:0061000,target:APOE,annotates_target
go:GO:0061001,go:GO:0061003,go_parent
go:GO:0061003,target:DHX36,annotates_target
go:GO:0061005,go:GO:0072161,go_parent
go:GO:0061008,go:GO:0001889,go_parent
go:GO:0061013,go:GO:0043488,go_parent
go:GO:0061013,go:GO:0061014,go_parent
go:GO:0061013,go:GO:1902373,go_parent
go:GO:0061013,go:GO:1905637,go_parent
go:GO:0061014,go:GO:0061157,go_parent
go:GO:0061014,go:GO:1900153,go_parent
go:GO:0061024,go:GO:0001941,go_parent
go:GO:0061024,go:GO:0006900,go_parent
go:GO:0061024,go:GO:0006998,go_parent
go:GO:0061024,go:GO:0007006,go_parent
go:GO:0061024,go:GO:0007009,go_parent
go:GO:0061024,go:GO:0010324,go_parent
go:GO:0061024,go:GO:0032594,go_parent
go:GO:0061024,go:GO:0048499,go_parent
go:GO:0061024,go:GO:0051205,go_parent
go:GO:0061024,go:GO:0061025,go_parent
go:GO:0061024,go:GO:0061952,go_parent
go:GO:0061024,go:GO:0071709,go_parent
go:GO:0061024,go:GO:0071763,go_parent
go:GO:0061024,go:GO:0090148,go_parent
go:GO:0061024,go:GO:0097035,go_parent
go:GO:0061024,go:GO:0097212,go_parent
go:GO:0061025,go:GO:0090174,go_parent
go:GO:0061035,target:KAT2A,annotates_target
go:GO:0061041,go:GO:0030193,go_parent
go:GO:0061041,go:GO:0061045,go_parent
go:GO:0061041,target:TNFRSF12A,annotates_target
go:GO:0061042,target:KDR,annotates_target
go:GO:0061045,go:GO:0030195,go_parent
go:GO:0061053,go:GO:0061055,go_parent
go:GO:0061055,target:SIX4,annotates_target
go:GO:0061061,go:GO:0007517,go_parent
go:GO:0061061,go:GO:0042692,go_parent
go:GO:0061061,go:GO:0045445,go_parent
go:GO:0061073,target:TSKU,annotates_target
go:GO:0061081,go:GO:0002735,go_parent
go:GO:0061091,go:GO:0061092,go_parent
go:GO:0061091,go:GO:1905780,go_parent
go:GO:0061092,go:GO:1905782,go_parent
go:GO:0061136,go:GO:0032434,go_parent
go:GO:0061136,go:GO:1901799,go_parent
go:GO:0061136,go:GO:1901800,go_parent
go:GO:0061136,go:GO:1904292,go_parent
go:GO:0061136,target:APOE,annotates_target
go:GO:0061136,target:PSME1,annotates_target
go:GO:0061138,go:GO:0048754,go_parent
go:GO:0061154,go:GO:0072554,go_parent
go:GO:0061154,target:CTNNB1,annotates_target
go:GO:0061157,go:GO:0061158,go_parent
go:GO:0061157,target:METTL14,annotates_target
go:GO:0061157,target:METTL3,annotates_target
go:GO:0061158,target:DHX36,annotates_target
go:GO:0061178,go:GO:0035774,go_parent
go:GO:0061180,go:GO:0060644,go_parent
go:GO:0061196,go:GO:0061197,go_parent
go:GO:0061197,target:SIX4,annotates_target
go:GO:0061217,go:GO:0072106,go_parent
go:GO:0061245,go:GO:0035088,go_parent
go:GO:0061326,target:STAT1,annotates_target
go:GO:0061337,go:GO:0086065,go_parent
go:GO:0061337,go:GO:0086091,go_parent
go:GO:0061343,go:GO:0003274,go_parent
go:GO:0061344,target:RBPJ,annotates_target
go:GO:0061371,go:GO:0001947,go_parent
go:GO:0061383,go:GO:0061384,go_parent
go:GO:0061384,go:GO:0003222,go_parent
go:GO:0061387,go:GO:0030516,go_parent
go:GO:0061431,target:MAT2A,annotates_target
go:GO:0061436,target:HDAC3,annotates_target
go:GO:0061448,go:GO:0003417,go_parent
go:GO:0061448,go:GO:0051216,go_parent
go:GO:0061448,go:GO:0060612,go_parent
go:GO:0061458,go:GO:0048608,go_parent
go:GO:0061462,go:GO:0006622,go_parent
go:GO:0061462,target:SH3BP4,annotates_target
go:GO:0061515,go:GO:0035855,go_parent
go:GO:0061515,go:GO:0048821,go_parent
go:GO:0061548,go:GO:0061549,go_parent
go:GO:0061548,go:GO:0061550,go_parent
go:GO:0061548,go:GO:1990791,go_parent
go:GO:0061549,target:CTNNB1,annotates_target
go:GO:0061550,go:GO:0061551,go_parent
go:GO:0061550,target:CTNNB1,annotates_target
go:GO:0061551,target:SIX4,annotates_target
go:GO:0061564,go:GO:0007409,go_parent
go:GO:0061564,go:GO:0007413,go_parent
go:GO:0061564,go:GO:0031103,go_parent
go:GO:0061564,target:CAMSAP2,annotates_target
go:GO:0061572,go:GO:0051017,go_parent
go:GO:0061615,go:GO:0061620,go_parent
go:GO:0061620,go:GO:0061621,go_parent
go:GO:0061621,target:PGAM1,annotates_target
go:GO:0061640,go:GO:0000281,go_parent
go:GO:0061668,go:GO:0180026,go_parent
go:GO:0061668,target:NGRN,annotates_target
go:GO:0061670,target:STXBP1,annotates_target
go:GO:0061684,target:STUB1,annotates_target
go:GO:0061709,target:SEC62,annotates_target
go:GO:0061763,target:CHMP3,annotates_target
go:GO:0061771,target:APOE,annotates_target
go:GO:0061795,target:ATP6V0B,annotates_target
go:GO:0061795,target:ATP6V0C,annotates_target
go:GO:0061844,target:CXCL12,annotates_target
go:GO:0061900,go:GO:0001774,go_parent
go:GO:0061919,go:GO:0006914,go_parent
go:GO:0061921,target:EP300,annotates_target
go:GO:0061945,go:GO:1902524,go_parent
go:GO:0061951,go:GO:0043001,go_parent
go:GO:0061952,target:CHMP3,annotates_target
go:GO:0061952,target:KIF20A,annotates_target
go:GO:0061982,go:GO:0007127,go_parent
go:GO:0062009,target:TGFBR2,annotates_target
go:GO:0062012,go:GO:0006140,go_parent
go:GO:0062012,go:GO:0010906,go_parent
go:GO:0062012,go:GO:0019217,go_parent
go:GO:0062012,go:GO:0062013,go_parent
go:GO:0062012,go:GO:0062014,go_parent
go:GO:0062012,go:GO:0090181,go_parent
go:GO:0062012,go:GO:1902930,go_parent
go:GO:0062013,go:GO:0010907,go_parent
go:GO:0062013,go:GO:0045923,go_parent
go:GO:0062013,go:GO:0045981,go_parent
go:GO:0062013,go:GO:0090205,go_parent
go:GO:0062013,go:GO:1902932,go_parent
go:GO:0062014,go:GO:0045721,go_parent
go:GO:0062014,go:GO:0090206,go_parent
go:GO:0062014,go:GO:1902931,go_parent
go:GO:0062025,go:GO:0062026,go_parent
go:GO:0062026,target:KAT2A,annotates_target
go:GO:0062028,go:GO:0062029,go_parent
go:GO:0062029,target:BECN1,annotates_target
go:GO:0062042,go:GO:0062043,go_parent
go:GO:0062042,go:GO:1905005,go_parent
go:GO:0062043,go:GO:1905007,go_parent
go:GO:0062098,go:GO:0060544,go_parent
go:GO:0062098,go:GO:0062099,go_parent
go:GO:0062099,go:GO:0060546,go_parent
go:GO:0062125,go:GO:0070129,go_parent
go:GO:0062197,go:GO:0034599,go_parent
go:GO:0062197,go:GO:0071470,go_parent
go:GO:0062197,go:GO:0071500,go_parent
go:GO:0062197,go:GO:1990737,go_parent
go:GO:0062207,go:GO:0034121,go_parent
go:GO:0062207,go:GO:0039531,go_parent
go:GO:0062207,go:GO:0062208,go_parent
go:GO:0062208,go:GO:0034123,go_parent
go:GO:0062208,go:GO:0141111,go_parent
go:GO:0065002,go:GO:0006616,go_parent
go:GO:0065002,go:GO:0031204,go_parent
go:GO:0065003,go:GO:0007172,go_parent
go:GO:0065003,go:GO:0007181,go_parent
go:GO:0065003,go:GO:0010257,go_parent
go:GO:0065003,go:GO:0016082,go_parent
go:GO:0065003,go:GO:0022618,go_parent
go:GO:0065003,go:GO:0033108,go_parent
go:GO:0065003,go:GO:0033622,go_parent
go:GO:0065003,go:GO:0035493,go_parent
go:GO:0065003,go:GO:0043248,go_parent
go:GO:0065003,go:GO:0048208,go_parent
go:GO:0065003,go:GO:0051131,go_parent
go:GO:0065003,go:GO:0051258,go_parent
go:GO:0065003,go:GO:0051259,go_parent
go:GO:0065003,go:GO:0051382,go_parent
go:GO:0065003,go:GO:0065004,go_parent
go:GO:0065003,go:GO:0065005,go_parent
go:GO:0065003,go:GO:0070071,go_parent
go:GO:0065003,target:BECN1,annotates_target
go:GO:0065003,target:DHX9,annotates_target
go:GO:0065003,target:IKBKG,annotates_target
go:GO:0065004,go:GO:0006334,go_parent
go:GO:0065004,go:GO:0070897,go_parent
go:GO:0065004,target:PIAS1,annotates_target
go:GO:0065005,go:GO:0034377,go_parent
go:GO:0065007,go:GO:0006885,go_parent
go:GO:0065007,go:GO:0050789,go_parent
go:GO:0065007,go:GO:0065008,go_parent
go:GO:0065007,go:GO:0065009,go_parent
go:GO:0065008,go:GO:0002027,go_parent
go:GO:0065008,go:GO:0007204,go_parent
go:GO:0065008,go:GO:0008217,go_parent
go:GO:0065008,go:GO:0008360,go_parent
go:GO:0065008,go:GO:0010522,go_parent
go:GO:0065008,go:GO:0010817,go_parent
go:GO:0065008,go:GO:0031647,go_parent
go:GO:0065008,go:GO:0042391,go_parent
go:GO:0065008,go:GO:0043114,go_parent
go:GO:0065008,go:GO:0043487,go_parent
go:GO:0065008,go:GO:0046719,go_parent
go:GO:0065008,go:GO:0048167,go_parent
go:GO:0065008,go:GO:0050803,go_parent
go:GO:0065008,go:GO:0050878,go_parent
go:GO:0065008,go:GO:0051453,go_parent
go:GO:0065008,go:GO:0051481,go_parent
go:GO:0065008,go:GO:0090066,go_parent
go:GO:0065008,go:GO:0090559,go_parent
go:GO:0065008,go:GO:0097035,go_parent
go:GO:0065008,go:GO:0099072,go_parent
go:GO:0065009,go:GO:0022898,go_parent
go:GO:0065009,go:GO:0043462,go_parent
go:GO:0065009,go:GO:0044092,go_parent
go:GO:0065009,go:GO:0044093,go_parent
go:GO:0065009,go:GO:0050790,go_parent
go:GO:0065009,go:GO:0051098,go_parent
go:GO:0070050,go:GO:0097401,go_parent
go:GO:0070050,target:TSC22D4,annotates_target
go:GO:0070059,target:ATF4,annotates_target
go:GO:0070059,target:GSK3B,annotates_target
go:GO:0070071,go:GO:0043461,go_parent
go:GO:0070098,go:GO:0038146,go_parent
go:GO:0070098,go:GO:0038159,go_parent
go:GO:0070098,target:CXCL12,annotates_target
go:GO:0070102,target:SRC,annotates_target
go:GO:0070106,target:STAT1,annotates_target
go:GO:0070125,target:TSFM,annotates_target
go:GO:0070129,go:GO:0070131,go_parent
go:GO:0070129,target:LRPPRC,annotates_target
go:GO:0070131,target:C1QBP,annotates_target
go:GO:0070131,target:NGRN,annotates_target
go:GO:0070192,go:GO:0010032,go_parent
go:GO:0070201,go:GO:0051223,go_parent
go:GO:0070201,go:GO:1903533,go_parent
go:GO:0070201,go:GO:1904950,go_parent
go:GO:0070201,go:GO:1904951,go_parent
go:GO:0070266,target:BIRC2,annotates_target
go:GO:0070269,target:CASP3,annotates_target
go:GO:0070269,target:DHX9,annotates_target
go:GO:0070301,target:ANKZF1,annotates_target
go:GO:0070301,target:BECN1,annotates_target
go:GO:0070306,go:GO:0070307,go_parent
go:GO:0070307,go:GO:0070309,go_parent
go:GO:0070309,target:ATF4,annotates_target
go:GO:0070316,go:GO:0070318,go_parent
go:GO:0070316,target:ARID1A,annotates_target
go:GO:0070316,target:DPF2,annotates_target
go:GO:0070316,target:PHF10,annotates_target
go:GO:0070316,target:SMARCA4,annotates_target
go:GO:0070316,target:SMARCB1,annotates_target
go:GO:0070316,target:SMARCE1,annotates_target
go:GO:0070318,target:RRM1,annotates_target
go:GO:0070328,target:APOE,annotates_target
go:GO:0070328,target:MED13,annotates_target
go:GO:0070358,target:ARPC2,annotates_target
go:GO:0070365,target:FOXH1,annotates_target
go:GO:0070370,target:HSBP1,annotates_target
go:GO:0070371,target:ITGAV,annotates_target
go:GO:0070372,go:GO:0070373,go_parent
go:GO:0070372,go:GO:0070374,go_parent
go:GO:0070373,target:CSK,annotates_target
go:GO:0070373,target:PTPN1,annotates_target
go:GO:0070374,target:APOE,annotates_target
go:GO:0070374,target:KDR,annotates_target
go:GO:0070374,target:NELFE,annotates_target
go:GO:0070374,target:SRC,annotates_target
go:GO:0070424,target:BIRC2,annotates_target
go:GO:0070482,go:GO:0036293,go_parent
go:GO:0070482,go:GO:0036296,go_parent
go:GO:0070482,go:GO:0071453,go_parent
go:GO:0070494,go:GO:0070495,go_parent
go:GO:0070495,target:SNCA,annotates_target
go:GO:0070498,target:MAP3K7,annotates_target
go:GO:0070507,go:GO:0031110,go_parent
go:GO:0070507,go:GO:0090224,go_parent
go:GO:0070507,go:GO:0150101,go_parent
go:GO:0070507,target:GSK3B,annotates_target
go:GO:0070507,target:SNCA,annotates_target
go:GO:0070527,target:FIBP,annotates_target
go:GO:0070527,target:STXBP1,annotates_target
go:GO:0070527,target:VCL,annotates_target
go:GO:0070534,target:STUB1,annotates_target
go:GO:0070534,target:ZNF598,annotates_target
go:GO:0070555,go:GO:0071347,go_parent
go:GO:0070555,target:SNCA,annotates_target
go:GO:0070555,target:SRC,annotates_target
go:GO:0070570,go:GO:0070571,go_parent
go:GO:0070571,target:THY1,annotates_target
go:GO:0070585,go:GO:0051204,go_parent
go:GO:0070588,go:GO:0097553,go_parent
go:GO:0070588,target:ITGAV,annotates_target
go:GO:0070588,target:TMBIM6,annotates_target
go:GO:0070602,target:CTNNB1,annotates_target
go:GO:0070613,go:GO:0010954,go_parent
go:GO:0070646,go:GO:0000338,go_parent
go:GO:0070646,go:GO:0016579,go_parent
go:GO:0070647,go:GO:0032446,go_parent
go:GO:0070647,go:GO:0070646,go_parent
go:GO:0070663,go:GO:0032944,go_parent
go:GO:0070663,go:GO:0070664,go_parent
go:GO:0070663,go:GO:0070665,go_parent
go:GO:0070664,go:GO:0032945,go_parent
go:GO:0070665,go:GO:0032946,go_parent
go:GO:0070670,go:GO:0071353,go_parent
go:GO:0070723,go:GO:0071397,go_parent
go:GO:0070723,target:TGFBR2,annotates_target
go:GO:0070741,go:GO:0071354,go_parent
go:GO:0070828,go:GO:0031507,go_parent
go:GO:0070828,target:SETDB1,annotates_target
go:GO:0070830,target:CLDN6,annotates_target
go:GO:0070848,go:GO:0036119,go_parent
go:GO:0070848,go:GO:0070849,go_parent
go:GO:0070848,go:GO:0071363,go_parent
go:GO:0070848,go:GO:0071559,go_parent
go:GO:0070848,go:GO:0071774,go_parent
go:GO:0070848,go:GO:1990089,go_parent
go:GO:0070848,target:SOX2,annotates_target
go:GO:0070849,go:GO:0071364,go_parent
go:GO:0070873,go:GO:0005979,go_parent
go:GO:0070873,go:GO:0070874,go_parent
go:GO:0070873,go:GO:0070875,go_parent
go:GO:0070874,go:GO:0045719,go_parent
go:GO:0070875,go:GO:0045725,go_parent
go:GO:0070884,go:GO:0070885,go_parent
go:GO:0070885,target:GSK3B,annotates_target
go:GO:0070887,go:GO:0031670,go_parent
go:GO:0070887,go:GO:0032870,go_parent
go:GO:0070887,go:GO:0060326,go_parent
go:GO:0070887,go:GO:0062197,go_parent
go:GO:0070887,go:GO:0071229,go_parent
go:GO:0070887,go:GO:0071243,go_parent
go:GO:0070887,go:GO:0071248,go_parent
go:GO:0070887,go:GO:0071396,go_parent
go:GO:0070887,go:GO:0071453,go_parent
go:GO:0070887,go:GO:0071466,go_parent
go:GO:0070887,go:GO:0071872,go_parent
go:GO:0070887,go:GO:0097237,go_parent
go:GO:0070887,go:GO:1901699,go_parent
go:GO:0070887,go:GO:1901701,go_parent
go:GO:0070887,go:GO:1902075,go_parent
go:GO:0070887,go:GO:1904881,go_parent
go:GO:0070897,go:GO:0001188,go_parent
go:GO:0070897,go:GO:0051123,go_parent
go:GO:0070918,go:GO:0030422,go_parent
go:GO:0070918,go:GO:0035196,go_parent
go:GO:0070920,go:GO:0070921,go_parent
go:GO:0070920,go:GO:1903798,go_parent
go:GO:0070920,target:TARBP2,annotates_target
go:GO:0070921,target:TARBP2,annotates_target
go:GO:0070922,target:DHX9,annotates_target
go:GO:0070922,target:TARBP2,annotates_target
go:GO:0070925,go:GO:0000045,go_parent
go:GO:0070925,go:GO:0036258,go_parent
go:GO:0070925,go:GO:0140694,go_parent
go:GO:0070934,target:DHX9,annotates_target
go:GO:0070935,target:MAPKAPK2,annotates_target
go:GO:0070936,target:UBE3C,annotates_target
go:GO:0070972,go:GO:0035437,go_parent
go:GO:0071025,go:GO:0071026,go_parent
go:GO:0071026,go:GO:2000827,go_parent
go:GO:0071044,target:ATM,annotates_target
go:GO:0071103,go:GO:0006265,go_parent
go:GO:0071103,go:GO:0032392,go_parent
go:GO:0071104,go:GO:0071355,go_parent
go:GO:0071109,target:GSK3B,annotates_target
go:GO:0071173,go:GO:0007094,go_parent
go:GO:0071174,go:GO:0007094,go_parent
go:GO:0071214,go:GO:0071260,go_parent
go:GO:0071214,go:GO:0071470,go_parent
go:GO:0071214,go:GO:0071478,go_parent
go:GO:0071216,go:GO:0006983,go_parent
go:GO:0071216,go:GO:0071219,go_parent
go:GO:0071218,target:STUB1,annotates_target
go:GO:0071219,go:GO:0071222,go_parent
go:GO:0071222,go:GO:0031663,go_parent
go:GO:0071222,target:HMGB2,annotates_target
go:GO:0071229,go:GO:0071230,go_parent
go:GO:0071230,go:GO:0061431,go_parent
go:GO:0071230,go:GO:0071233,go_parent
go:GO:0071230,target:ATP6V0C,annotates_target
go:GO:0071230,target:SH3BP4,annotates_target
go:GO:0071233,target:EP300,annotates_target
go:GO:0071243,go:GO:1903843,go_parent
go:GO:0071243,go:GO:1903936,go_parent
go:GO:0071248,go:GO:0071275,go_parent
go:GO:0071248,go:GO:0071276,go_parent
go:GO:0071248,go:GO:0071280,go_parent
go:GO:0071248,go:GO:0071287,go_parent
go:GO:0071260,target:CASP2,annotates_target
go:GO:0071260,target:LTBR,annotates_target
go:GO:0071275,target:BECN1,annotates_target
go:GO:0071276,target:DAXX,annotates_target
go:GO:0071280,target:BECN1,annotates_target
go:GO:0071280,target:DAXX,annotates_target
go:GO:0071280,target:SNCA,annotates_target
go:GO:0071287,go:GO:1990737,go_parent
go:GO:0071287,target:HSP90B1,annotates_target
go:GO:0071300,target:ATM,annotates_target
go:GO:0071300,target:GSK3B,annotates_target
go:GO:0071300,target:TWF2,annotates_target
go:GO:0071312,go:GO:0072734,go_parent
go:GO:0071318,target:HSP90B1,annotates_target
go:GO:0071322,go:GO:0009756,go_parent
go:GO:0071322,go:GO:0071326,go_parent
go:GO:0071326,go:GO:0071331,go_parent
go:GO:0071331,go:GO:0009757,go_parent
go:GO:0071331,go:GO:0071333,go_parent
go:GO:0071333,go:GO:0010255,go_parent
go:GO:0071333,target:IGF1R,annotates_target
go:GO:0071333,target:SOX4,annotates_target
go:GO:0071333,target:USF2,annotates_target
go:GO:0071340,target:DNAJA3,annotates_target
go:GO:0071345,go:GO:0019221,go_parent
go:GO:0071345,go:GO:0035458,go_parent
go:GO:0071345,go:GO:0036016,go_parent
go:GO:0071345,go:GO:0071346,go_parent
go:GO:0071345,go:GO:0071347,go_parent
go:GO:0071345,go:GO:0071353,go_parent
go:GO:0071345,go:GO:0071354,go_parent
go:GO:0071345,go:GO:0071355,go_parent
go:GO:0071345,go:GO:0071356,go_parent
go:GO:0071345,go:GO:0071357,go_parent
go:GO:0071345,go:GO:0098761,go_parent
go:GO:0071345,go:GO:1990869,go_parent
go:GO:0071345,target:FOXH1,annotates_target
go:GO:0071345,target:HAX1,annotates_target
go:GO:0071346,go:GO:0060333,go_parent
go:GO:0071346,target:STAT1,annotates_target
go:GO:0071347,go:GO:0070498,go_parent
go:GO:0071353,go:GO:0035771,go_parent
go:GO:0071354,go:GO:0070102,go_parent
go:GO:0071355,go:GO:0038113,go_parent
go:GO:0071356,go:GO:0033209,go_parent
go:GO:0071356,target:KAT2A,annotates_target
go:GO:0071356,target:MAP3K7,annotates_target
go:GO:0071357,go:GO:0060337,go_parent
go:GO:0071357,target:PSME1,annotates_target
go:GO:0071359,go:GO:0071360,go_parent
go:GO:0071360,target:DHX9,annotates_target
go:GO:0071360,target:IRF3,annotates_target
go:GO:0071363,go:GO:0035924,go_parent
go:GO:0071363,go:GO:0036120,go_parent
go:GO:0071363,go:GO:0038179,go_parent
go:GO:0071363,go:GO:0044344,go_parent
go:GO:0071363,go:GO:0071364,go_parent
go:GO:0071363,go:GO:0071560,go_parent
go:GO:0071363,go:GO:1990090,go_parent
go:GO:0071363,target:ACVR1B,annotates_target
go:GO:0071363,target:CTNNB1,annotates_target
go:GO:0071363,target:MAP1B,annotates_target
go:GO:0071363,target:TGFBR2,annotates_target
go:GO:0071363,target:TWF2,annotates_target
go:GO:0071364,target:BECN1,annotates_target
go:GO:0071364,target:MED1,annotates_target
go:GO:0071375,go:GO:0032869,go_parent
go:GO:0071375,go:GO:0071378,go_parent
go:GO:0071375,go:GO:1904385,go_parent
go:GO:0071375,target:CSK,annotates_target
go:GO:0071375,target:MAP1B,annotates_target
go:GO:0071375,target:SRC,annotates_target
go:GO:0071378,go:GO:0060396,go_parent
go:GO:0071383,go:GO:0043401,go_parent
go:GO:0071383,go:GO:0071384,go_parent
go:GO:0071383,go:GO:0071393,go_parent
go:GO:0071383,target:MED1,annotates_target
go:GO:0071384,go:GO:0071385,go_parent
go:GO:0071385,target:GSK3B,annotates_target
go:GO:0071393,target:SRC,annotates_target
go:GO:0071396,go:GO:0036315,go_parent
go:GO:0071396,go:GO:0071222,go_parent
go:GO:0071396,go:GO:0071300,go_parent
go:GO:0071396,go:GO:0071383,go_parent
go:GO:0071396,go:GO:0071449,go_parent
go:GO:0071397,target:NFE2L1,annotates_target
go:GO:0071402,target:APOE,annotates_target
go:GO:0071447,go:GO:0071449,go_parent
go:GO:0071449,target:MGST1,annotates_target
go:GO:0071453,go:GO:0036294,go_parent
go:GO:0071456,target:ATF4,annotates_target
go:GO:0071456,target:MAP3K7,annotates_target
go:GO:0071456,target:PTPN1,annotates_target
go:GO:0071456,target:STUB1,annotates_target
go:GO:0071466,go:GO:0006805,go_parent
go:GO:0071470,go:GO:0008627,go_parent
go:GO:0071478,go:GO:0071479,go_parent
go:GO:0071478,go:GO:0071482,go_parent
go:GO:0071479,go:GO:0071480,go_parent
go:GO:0071479,go:GO:0071481,go_parent
go:GO:0071480,target:ATM,annotates_target
go:GO:0071480,target:KDM1A,annotates_target
go:GO:0071481,target:ATM,annotates_target
go:GO:0071482,go:GO:0034644,go_parent
go:GO:0071495,go:GO:0032870,go_parent
go:GO:0071495,go:GO:0071363,go_parent
go:GO:0071496,go:GO:0071260,go_parent
go:GO:0071498,go:GO:0097699,go_parent
go:GO:0071498,go:GO:0097704,go_parent
go:GO:0071498,target:HDAC3,annotates_target
go:GO:0071500,target:ATM,annotates_target
go:GO:0071501,go:GO:0032933,go_parent
go:GO:0071526,target:KDR,annotates_target
go:GO:0071542,go:GO:1904948,go_parent
go:GO:0071559,go:GO:0071560,go_parent
go:GO:0071560,go:GO:0007179,go_parent
go:GO:0071560,target:MAP3K7,annotates_target
go:GO:0071577,go:GO:0071578,go_parent
go:GO:0071577,target:SLC39A6,annotates_target
go:GO:0071578,target:SLC39A6,annotates_target
go:GO:0071604,target:ITGAV,annotates_target
go:GO:0071616,go:GO:0006085,go_parent
go:GO:0071616,go:GO:2001295,go_parent
go:GO:0071616,target:ACLY,annotates_target
go:GO:0071622,go:GO:0071624,go_parent
go:GO:0071622,go:GO:0090022,go_parent
go:GO:0071624,go:GO:0090023,go_parent
go:GO:0071634,go:GO:0032908,go_parent
go:GO:0071634,go:GO:0071635,go_parent
go:GO:0071635,go:GO:0032911,go_parent
go:GO:0071674,go:GO:0072676,go_parent
go:GO:0071675,go:GO:0071677,go_parent
go:GO:0071675,go:GO:0090025,go_parent
go:GO:0071675,go:GO:2000401,go_parent
go:GO:0071675,go:GO:2000508,go_parent
go:GO:0071677,go:GO:0090026,go_parent
go:GO:0071677,go:GO:2000403,go_parent
go:GO:0071677,go:GO:2000510,go_parent
go:GO:0071680,go:GO:0071681,go_parent
go:GO:0071681,target:CTNNB1,annotates_target
go:GO:0071695,go:GO:0048469,go_parent
go:GO:0071696,go:GO:0071697,go_parent
go:GO:0071696,go:GO:0071698,go_parent
go:GO:0071697,go:GO:0060788,go_parent
go:GO:0071697,go:GO:0071699,go_parent
go:GO:0071698,go:GO:0071699,go_parent
go:GO:0071699,go:GO:0030910,go_parent
go:GO:0071705,go:GO:0006857,go_parent
go:GO:0071705,go:GO:0015878,go_parent
go:GO:0071705,go:GO:0015931,go_parent
go:GO:0071705,go:GO:0072337,go_parent
go:GO:0071705,go:GO:0090493,go_parent
go:GO:0071709,go:GO:0031468,go_parent
go:GO:0071709,go:GO:1903575,go_parent
go:GO:0071731,go:GO:0071732,go_parent
go:GO:0071732,target:PTPN1,annotates_target
go:GO:0071763,go:GO:0031468,go_parent
go:GO:0071763,target:TOR1A,annotates_target
go:GO:0071774,go:GO:0044344,go_parent
go:GO:0071805,go:GO:1990573,go_parent
go:GO:0071806,go:GO:0065002,go_parent
go:GO:0071824,go:GO:0032986,go_parent
go:GO:0071824,go:GO:0034728,go_parent
go:GO:0071824,go:GO:0065004,go_parent
go:GO:0071825,go:GO:0034368,go_parent
go:GO:0071825,go:GO:0065005,go_parent
go:GO:0071825,go:GO:0071827,go_parent
go:GO:0071826,go:GO:0022618,go_parent
go:GO:0071827,go:GO:0034369,go_parent
go:GO:0071827,go:GO:0034377,go_parent
go:GO:0071830,go:GO:0034382,go_parent
go:GO:0071830,go:GO:0071831,go_parent
go:GO:0071830,target:APOE,annotates_target
go:GO:0071831,target:APOE,annotates_target
go:GO:0071840,go:GO:0016043,go_parent
go:GO:0071840,go:GO:0044085,go_parent
go:GO:0071867,go:GO:0071868,go_parent
go:GO:0071867,go:GO:0071869,go_parent
go:GO:0071868,go:GO:0071870,go_parent
go:GO:0071869,go:GO:0071870,go_parent
go:GO:0071869,go:GO:1903350,go_parent
go:GO:0071870,go:GO:1903351,go_parent
go:GO:0071871,go:GO:0071872,go_parent
go:GO:0071872,target:SNCA,annotates_target
go:GO:0071887,go:GO:0071888,go_parent
go:GO:0071887,target:CASP3,annotates_target
go:GO:0071888,target:IRF3,annotates_target
go:GO:0071895,target:MAP1B,annotates_target
go:GO:0071897,go:GO:0000731,go_parent
go:GO:0071897,target:POLB,annotates_target
go:GO:0071900,go:GO:0043405,go_parent
go:GO:0071900,go:GO:0071901,go_parent
go:GO:0071900,go:GO:0071902,go_parent
go:GO:0071901,go:GO:0043407,go_parent
go:GO:0071902,go:GO:0043406,go_parent
go:GO:0071985,go:GO:0032509,go_parent
go:GO:0071985,target:CHMP3,annotates_target
go:GO:0072001,go:GO:0001822,go_parent
go:GO:0072001,go:GO:0061326,go_parent
go:GO:0072074,go:GO:0072075,go_parent
go:GO:0072074,go:GO:0072135,go_parent
go:GO:0072074,go:GO:0072161,go_parent
go:GO:0072075,go:GO:0072136,go_parent
go:GO:0072075,go:GO:0072162,go_parent
go:GO:0072075,target:SIX4,annotates_target
go:GO:0072091,go:GO:2000648,go_parent
go:GO:0072091,target:HMGB2,annotates_target
go:GO:0072095,target:SIX4,annotates_target
go:GO:0072106,go:GO:0072107,go_parent
go:GO:0072107,target:SIX4,annotates_target
go:GO:0072111,go:GO:0072135,go_parent
go:GO:0072111,go:GO:0072203,go_parent
go:GO:0072132,go:GO:0003203,go_parent
go:GO:0072135,go:GO:0072136,go_parent
go:GO:0072136,target:STAT1,annotates_target
go:GO:0072148,go:GO:0060839,go_parent
go:GO:0072161,go:GO:0072162,go_parent
go:GO:0072162,target:STAT1,annotates_target
go:GO:0072175,go:GO:0001838,go_parent
go:GO:0072182,go:GO:0072183,go_parent
go:GO:0072182,go:GO:0072307,go_parent
go:GO:0072182,target:CTNNB1,annotates_target
go:GO:0072183,go:GO:0072308,go_parent
go:GO:0072201,go:GO:2000791,go_parent
go:GO:0072201,target:PHF14,annotates_target
go:GO:0072203,go:GO:0072136,go_parent
go:GO:0072307,go:GO:0072308,go_parent
go:GO:0072308,target:STAT1,annotates_target
go:GO:0072329,go:GO:0009062,go_parent
go:GO:0072330,go:GO:0006633,go_parent
go:GO:0072331,go:GO:0030330,go_parent
go:GO:0072331,go:GO:0072332,go_parent
go:GO:0072332,go:GO:0042771,go_parent
go:GO:0072337,go:GO:0015887,go_parent
go:GO:0072337,go:GO:0034635,go_parent
go:GO:0072344,target:ANKZF1,annotates_target
go:GO:0072344,target:ZNF598,annotates_target
go:GO:0072347,target:CASP3,annotates_target
go:GO:0072348,go:GO:0015878,go_parent
go:GO:0072348,go:GO:0034635,go_parent
go:GO:0072350,go:GO:0006101,go_parent
go:GO:0072359,go:GO:0001944,go_parent
go:GO:0072359,go:GO:0007507,go_parent
go:GO:0072384,go:GO:0047496,go_parent
go:GO:0072384,go:GO:0047497,go_parent
go:GO:0072497,target:CTNNB1,annotates_target
go:GO:0072498,go:GO:0060272,go_parent
go:GO:0072521,go:GO:0006163,go_parent
go:GO:0072521,go:GO:0006637,go_parent
go:GO:0072521,go:GO:0015936,go_parent
go:GO:0072521,go:GO:0072522,go_parent
go:GO:0072521,go:GO:0072523,go_parent
go:GO:0072522,go:GO:0006164,go_parent
go:GO:0072522,go:GO:0015937,go_parent
go:GO:0072522,go:GO:0043101,go_parent
go:GO:0072522,go:GO:0071616,go_parent
go:GO:0072523,go:GO:0006195,go_parent
go:GO:0072524,go:GO:0046496,go_parent
go:GO:0072524,go:GO:0072526,go_parent
go:GO:0072526,go:GO:0019364,go_parent
go:GO:0072527,go:GO:0006220,go_parent
go:GO:0072527,go:GO:0072528,go_parent
go:GO:0072528,go:GO:0006221,go_parent
go:GO:0072554,target:RBPJ,annotates_target
go:GO:0072578,go:GO:0097114,go_parent
go:GO:0072578,go:GO:0097688,go_parent
go:GO:0072594,go:GO:0006606,go_parent
go:GO:0072594,go:GO:0051204,go_parent
go:GO:0072594,go:GO:0072599,go_parent
go:GO:0072594,go:GO:0072666,go_parent
go:GO:0072595,go:GO:0035437,go_parent
go:GO:0072599,go:GO:0045047,go_parent
go:GO:0072657,go:GO:0043113,go_parent
go:GO:0072657,go:GO:0072659,go_parent
go:GO:0072657,go:GO:1903044,go_parent
go:GO:0072659,go:GO:0043001,go_parent
go:GO:0072659,target:ATP1B1,annotates_target
go:GO:0072659,target:HSP90B1,annotates_target
go:GO:0072659,target:STXBP1,annotates_target
go:GO:0072665,go:GO:0006623,go_parent
go:GO:0072665,go:GO:0061462,go_parent
go:GO:0072666,go:GO:0006623,go_parent
go:GO:0072676,go:GO:0048247,go_parent
go:GO:0072676,go:GO:0072678,go_parent
go:GO:0072678,go:GO:0010818,go_parent
go:GO:0072733,go:GO:0072734,go_parent
go:GO:0072734,target:CASP3,annotates_target
go:GO:0072737,go:GO:0072738,go_parent
go:GO:0072738,target:DAXX,annotates_target
go:GO:0080090,go:GO:0006109,go_parent
go:GO:0080090,go:GO:0019216,go_parent
go:GO:0080090,go:GO:0019219,go_parent
go:GO:0080090,go:GO:0042069,go_parent
go:GO:0080090,go:GO:0043484,go_parent
go:GO:0080090,go:GO:0051246,go_parent
go:GO:0080090,go:GO:0070920,go_parent
go:GO:0080129,target:PSMG1,annotates_target
go:GO:0080134,go:GO:0031347,go_parent
go:GO:0080134,go:GO:0080135,go_parent
go:GO:0080134,go:GO:1903034,go_parent
go:GO:0080134,go:GO:1903365,go_parent
go:GO:0080135,go:GO:0006282,go_parent
go:GO:0080135,go:GO:0043516,go_parent
go:GO:0080135,go:GO:0070570,go_parent
go:GO:0080135,go:GO:1900034,go_parent
go:GO:0080135,go:GO:1900037,go_parent
go:GO:0080135,go:GO:1902229,go_parent
go:GO:0080135,go:GO:1905897,go_parent
go:GO:0080135,go:GO:2000638,go_parent
go:GO:0080135,target:ATM,annotates_target
go:GO:0080164,go:GO:0045428,go_parent
go:GO:0080164,target:ADNP,annotates_target
go:GO:0080171,go:GO:0007040,go_parent
go:GO:0085017,target:ITGAV,annotates_target
go:GO:0086001,go:GO:0086013,go_parent
go:GO:0086009,go:GO:0086011,go_parent
go:GO:0086009,go:GO:0099622,go_parent
go:GO:0086009,target:ATP1B1,annotates_target
go:GO:0086011,go:GO:0086013,go_parent
go:GO:0086013,target:ATP1B1,annotates_target
go:GO:0086064,target:ATP1B1,annotates_target
go:GO:0086065,go:GO:0086064,go_parent
go:GO:0086091,target:SRC,annotates_target
go:GO:0090022,go:GO:0090023,go_parent
go:GO:0090023,target:C1QBP,annotates_target
go:GO:0090025,go:GO:0090026,go_parent
go:GO:0090026,target:CXCL12,annotates_target
go:GO:0090034,go:GO:0090035,go_parent
go:GO:0090035,target:STUB1,annotates_target
go:GO:0090043,target:EP300,annotates_target
go:GO:0090043,target:KAT2A,annotates_target
go:GO:0090049,go:GO:0090050,go_parent
go:GO:0090050,target:KDR,annotates_target
go:GO:0090066,go:GO:0032535,go_parent
go:GO:0090066,go:GO:0035150,go_parent
go:GO:0090068,go:GO:0032467,go_parent
go:GO:0090068,go:GO:0051984,go_parent
go:GO:0090068,go:GO:0070318,go_parent
go:GO:0090068,go:GO:1901989,go_parent
go:GO:0090075,go:GO:0055119,go_parent
go:GO:0090083,go:GO:0090261,go_parent
go:GO:0090083,go:GO:1902996,go_parent
go:GO:0090087,go:GO:0002791,go_parent
go:GO:0090090,target:APOE,annotates_target
go:GO:0090090,target:CTNNB1,annotates_target
go:GO:0090090,target:GSK3B,annotates_target
go:GO:0090090,target:SOX2,annotates_target
go:GO:0090090,target:TCF7L2,annotates_target
go:GO:0090092,go:GO:0017015,go_parent
go:GO:0090092,go:GO:0030510,go_parent
go:GO:0090092,go:GO:0032925,go_parent
go:GO:0090092,go:GO:0090100,go_parent
go:GO:0090092,go:GO:0090101,go_parent
go:GO:0090100,go:GO:0030511,go_parent
go:GO:0090100,go:GO:0030513,go_parent
go:GO:0090100,go:GO:0032927,go_parent
go:GO:0090100,go:GO:0060391,go_parent
go:GO:0090101,go:GO:0030512,go_parent
go:GO:0090101,go:GO:0060392,go_parent
go:GO:0090109,go:GO:0051893,go_parent
go:GO:0090114,go:GO:0048208,go_parent
go:GO:0090136,target:VCL,annotates_target
go:GO:0090140,go:GO:0090141,go_parent
go:GO:0090141,target:KDR,annotates_target
go:GO:0090148,target:CHMP3,annotates_target
go:GO:0090150,go:GO:0006612,go_parent
go:GO:0090150,go:GO:0032596,go_parent
go:GO:0090150,go:GO:0051205,go_parent
go:GO:0090150,go:GO:0061951,go_parent
go:GO:0090160,target:IGF2R,annotates_target
go:GO:0090169,go:GO:1901673,go_parent
go:GO:0090174,go:GO:0006906,go_parent
go:GO:0090181,go:GO:0045540,go_parent
go:GO:0090181,go:GO:0090205,go_parent
go:GO:0090181,go:GO:0090206,go_parent
go:GO:0090181,target:APOE,annotates_target
go:GO:0090183,go:GO:0061217,go_parent
go:GO:0090183,go:GO:0090185,go_parent
go:GO:0090183,go:GO:0090189,go_parent
go:GO:0090185,go:GO:0072183,go_parent
go:GO:0090189,go:GO:0090190,go_parent
go:GO:0090190,target:SIX4,annotates_target
go:GO:0090205,target:APOE,annotates_target
go:GO:0090206,go:GO:0045541,go_parent
go:GO:0090224,go:GO:0060236,go_parent
go:GO:0090224,go:GO:0090169,go_parent
go:GO:0090235,go:GO:1902423,go_parent
go:GO:0090257,go:GO:0006937,go_parent
go:GO:0090257,go:GO:0014743,go_parent
go:GO:0090257,go:GO:0043502,go_parent
go:GO:0090261,go:GO:1902998,go_parent
go:GO:0090263,target:ADNP,annotates_target
go:GO:0090263,target:CSNK1E,annotates_target
go:GO:0090263,target:SOX4,annotates_target
go:GO:0090276,go:GO:0050796,go_parent
go:GO:0090276,go:GO:0090277,go_parent
go:GO:0090277,go:GO:0032024,go_parent
go:GO:0090279,go:GO:0090280,go_parent
go:GO:0090279,target:CTNNB1,annotates_target
go:GO:0090280,target:CXCL12,annotates_target
go:GO:0090287,go:GO:0030510,go_parent
go:GO:0090287,go:GO:0030947,go_parent
go:GO:0090287,go:GO:0051386,go_parent
go:GO:0090287,go:GO:0090288,go_parent
go:GO:0090287,go:GO:1903844,go_parent
go:GO:0090288,go:GO:0030948,go_parent
go:GO:0090296,go:GO:0090297,go_parent
go:GO:0090297,target:SSBP1,annotates_target
go:GO:0090304,go:GO:0006259,go_parent
go:GO:0090304,go:GO:0016070,go_parent
go:GO:0090304,go:GO:0141187,go_parent
go:GO:0090304,go:GO:0141188,go_parent
go:GO:0090307,target:STAG2,annotates_target
go:GO:0090311,go:GO:0090043,go_parent
go:GO:0090313,go:GO:0090314,go_parent
go:GO:0090314,target:AKT2,annotates_target
go:GO:0090316,go:GO:0042307,go_parent
go:GO:0090316,go:GO:0046827,go_parent
go:GO:0090316,target:OAZ1,annotates_target
go:GO:0090324,go:GO:1905447,go_parent
go:GO:0090329,go:GO:0090296,go_parent
go:GO:0090329,go:GO:2000105,go_parent
go:GO:0090335,go:GO:1903444,go_parent
go:GO:0090370,target:APOE,annotates_target
go:GO:0090398,target:ATM,annotates_target
go:GO:0090399,target:ATM,annotates_target
go:GO:0090407,go:GO:0008654,go_parent
go:GO:0090407,go:GO:0046385,go_parent
go:GO:0090407,go:GO:0046390,go_parent
go:GO:0090407,go:GO:1901293,go_parent
go:GO:0090493,go:GO:0090494,go_parent
go:GO:0090494,go:GO:0051583,go_parent
go:GO:0090504,go:GO:0090505,go_parent
go:GO:0090505,go:GO:0044319,go_parent
go:GO:0090559,go:GO:0046902,go_parent
go:GO:0090559,go:GO:1905710,go_parent
go:GO:0090596,go:GO:0043587,go_parent
go:GO:0090596,go:GO:0048592,go_parent
go:GO:0090646,go:GO:1990180,go_parent
go:GO:0090646,target:ELAC2,annotates_target
go:GO:0090649,go:GO:0090650,go_parent
go:GO:0090650,target:BECN1,annotates_target
go:GO:0090669,target:DHX36,annotates_target
go:GO:0097006,go:GO:0034369,go_parent
go:GO:0097006,go:GO:0034377,go_parent
go:GO:0097006,go:GO:0034381,go_parent
go:GO:0097006,target:APOE,annotates_target
go:GO:0097009,target:TSKU,annotates_target
go:GO:0097028,go:GO:0043011,go_parent
go:GO:0097035,go:GO:0061091,go_parent
go:GO:0097061,go:GO:0097062,go_parent
go:GO:0097062,target:IGF1R,annotates_target
go:GO:0097066,go:GO:0097067,go_parent
go:GO:0097067,target:MED1,annotates_target
go:GO:0097091,target:CTNNB1,annotates_target
go:GO:0097101,target:RBPJ,annotates_target
go:GO:0097113,target:APOE,annotates_target
go:GO:0097114,target:APOE,annotates_target
go:GO:0097150,target:SOX2,annotates_target
go:GO:0097176,target:EPHX1,annotates_target
go:GO:0097190,go:GO:0001836,go_parent
go:GO:0097190,go:GO:0008626,go_parent
go:GO:0097190,go:GO:0097191,go_parent
go:GO:0097190,go:GO:0097193,go_parent
go:GO:0097190,target:ANXA6,annotates_target
go:GO:0097190,target:CASP2,annotates_target
go:GO:0097190,target:CASP3,annotates_target
go:GO:0097190,target:CYCS,annotates_target
go:GO:0097190,target:DPF2,annotates_target
go:GO:0097191,go:GO:0008625,go_parent
go:GO:0097191,go:GO:0097192,go_parent
go:GO:0097191,target:ACVR1B,annotates_target
go:GO:0097191,target:GSK3B,annotates_target
go:GO:0097192,target:CASP2,annotates_target
go:GO:0097192,target:GSK3B,annotates_target
go:GO:0097192,target:ITGAV,annotates_target
go:GO:0097193,go:GO:0008627,go_parent
go:GO:0097193,go:GO:0008630,go_parent
go:GO:0097193,go:GO:0008631,go_parent
go:GO:0097193,go:GO:0070059,go_parent
go:GO:0097193,go:GO:0072332,go_parent
go:GO:0097193,target:CASP3,annotates_target
go:GO:0097193,target:CYCS,annotates_target
go:GO:0097194,target:CASP2,annotates_target
go:GO:0097194,target:CASP3,annotates_target
go:GO:0097194,target:CYCS,annotates_target
go:GO:0097212,go:GO:0061763,go_parent
go:GO:0097222,target:LRPPRC,annotates_target
go:GO:0097222,target:SLIRP,annotates_target
go:GO:0097237,go:GO:1990748,go_parent
go:GO:0097240,go:GO:1990683,go_parent
go:GO:0097242,go:GO:0150094,go_parent
go:GO:0097242,target:IDE,annotates_target
go:GO:0097242,target:IGF1R,annotates_target
go:GO:0097300,go:GO:0070266,go_parent
go:GO:0097305,go:GO:0045471,go_parent
go:GO:0097305,go:GO:0051412,go_parent
go:GO:0097305,go:GO:0070723,go_parent
go:GO:0097305,go:GO:0071680,go_parent
go:GO:0097305,go:GO:0097306,go_parent
go:GO:0097306,go:GO:0071397,go_parent
go:GO:0097306,go:GO:0071681,go_parent
go:GO:0097320,target:PACSIN3,annotates_target
go:GO:0097352,target:BECN1,annotates_target
go:GO:0097352,target:CHMP3,annotates_target
go:GO:0097401,target:ATP6V0C,annotates_target
go:GO:0097435,go:GO:0007015,go_parent
go:GO:0097435,go:GO:0030239,go_parent
go:GO:0097435,go:GO:0031122,go_parent
go:GO:0097435,go:GO:0045109,go_parent
go:GO:0097435,go:GO:1990000,go_parent
go:GO:0097435,target:ACTN1,annotates_target
go:GO:0097435,target:SNCA,annotates_target
go:GO:0097479,go:GO:0048489,go_parent
go:GO:0097479,go:GO:0097091,go_parent
go:GO:0097484,target:CYFIP1,annotates_target
go:GO:0097485,go:GO:0007411,go_parent
go:GO:0097494,go:GO:0051036,go_parent
go:GO:0097494,target:RAB3B,annotates_target
go:GO:0097553,go:GO:0051209,go_parent
go:GO:0097576,go:GO:0051469,go_parent
go:GO:0097581,go:GO:0030032,go_parent
go:GO:0097688,go:GO:0097113,go_parent
go:GO:0097694,target:ATM,annotates_target
go:GO:0097695,target:ATM,annotates_target
go:GO:0097696,go:GO:0007259,go_parent
go:GO:0097696,target:STAT1,annotates_target
go:GO:0097699,go:GO:0097706,go_parent
go:GO:0097702,go:GO:0097704,go_parent
go:GO:0097704,go:GO:0097706,go_parent
go:GO:0097706,target:PTPN1,annotates_target
go:GO:0097720,go:GO:0033173,go_parent
go:GO:0097720,target:CALM3,annotates_target
go:GO:0097746,go:GO:0019229,go_parent
go:GO:0097746,go:GO:0042311,go_parent
go:GO:0098508,target:METTL3,annotates_target
go:GO:0098528,target:SIX4,annotates_target
go:GO:0098542,go:GO:0140546,go_parent
go:GO:0098586,target:IRF3,annotates_target
go:GO:0098609,go:GO:0003274,go_parent
go:GO:0098609,go:GO:0016338,go_parent
go:GO:0098609,go:GO:0034109,go_parent
go:GO:0098609,go:GO:0034113,go_parent
go:GO:0098609,go:GO:0044331,go_parent
go:GO:0098609,go:GO:0090136,go_parent
go:GO:0098609,target:CNN3,annotates_target
go:GO:0098609,target:CTNNB1,annotates_target
go:GO:0098609,target:DLG5,annotates_target
go:GO:0098609,target:ITGAV,annotates_target
go:GO:0098609,target:KRT18,annotates_target
go:GO:0098609,target:THY1,annotates_target
go:GO:0098655,go:GO:0035725,go_parent
go:GO:0098655,go:GO:0070588,go_parent
go:GO:0098655,go:GO:0071577,go_parent
go:GO:0098655,go:GO:0071805,go_parent
go:GO:0098655,go:GO:1902600,go_parent
go:GO:0098655,go:GO:1903830,go_parent
go:GO:0098656,go:GO:1904200,go_parent
go:GO:0098657,go:GO:0001504,go_parent
go:GO:0098657,go:GO:0006897,go_parent
go:GO:0098657,go:GO:0098739,go_parent
go:GO:0098659,go:GO:0071578,go_parent
go:GO:0098659,go:GO:0098719,go_parent
go:GO:0098659,go:GO:1990573,go_parent
go:GO:0098664,go:GO:0007208,go_parent
go:GO:0098693,target:CASP3,annotates_target
go:GO:0098693,target:RAB3B,annotates_target
go:GO:0098719,target:SLC5A6,annotates_target
go:GO:0098727,go:GO:0019827,go_parent
go:GO:0098732,go:GO:0035601,go_parent
go:GO:0098739,go:GO:0099587,go_parent
go:GO:0098739,go:GO:1905135,go_parent
go:GO:0098754,go:GO:1990748,go_parent
go:GO:0098760,go:GO:0098761,go_parent
go:GO:0098761,go:GO:0038111,go_parent
go:GO:0098771,go:GO:0006882,go_parent
go:GO:0098771,go:GO:0055074,go_parent
go:GO:0098771,go:GO:0055075,go_parent
go:GO:0098771,go:GO:0055078,go_parent
go:GO:0098773,go:GO:0061436,go_parent
go:GO:0098780,target:BECN1,annotates_target
go:GO:0098810,go:GO:0051583,go_parent
go:GO:0098813,go:GO:0000819,go_parent
go:GO:0098813,go:GO:0051310,go_parent
go:GO:0098868,go:GO:0003416,go_parent
go:GO:0098868,target:TSKU,annotates_target
go:GO:0098869,target:APOE,annotates_target
go:GO:0098869,target:GSTZ1,annotates_target
go:GO:0098869,target:MGST1,annotates_target
go:GO:0098876,go:GO:0006893,go_parent
go:GO:0098883,target:CASP3,annotates_target
go:GO:0098900,go:GO:0098901,go_parent
go:GO:0098901,target:CALM3,annotates_target
go:GO:0098916,go:GO:0007268,go_parent
go:GO:0098927,go:GO:0045022,go_parent
go:GO:0098930,go:GO:0008089,go_parent
go:GO:0098930,go:GO:0008090,go_parent
go:GO:0098930,go:GO:0019896,go_parent
go:GO:0099003,go:GO:0016079,go_parent
go:GO:0099003,go:GO:0099504,go_parent
go:GO:0099011,go:GO:0099525,go_parent
go:GO:0099024,go:GO:0006911,go_parent
go:GO:0099072,target:STX4,annotates_target
go:GO:0099111,go:GO:0010970,go_parent
go:GO:0099159,go:GO:1905274,go_parent
go:GO:0099170,go:GO:0099578,go_parent
go:GO:0099171,target:GSK3B,annotates_target
go:GO:0099173,go:GO:0001941,go_parent
go:GO:0099173,go:GO:0097061,go_parent
go:GO:0099173,target:ACTN1,annotates_target
go:GO:0099173,target:DLG5,annotates_target
go:GO:0099174,go:GO:1905606,go_parent
go:GO:0099175,go:GO:0061001,go_parent
go:GO:0099175,go:GO:0150052,go_parent
go:GO:0099175,go:GO:1902950,go_parent
go:GO:0099177,go:GO:0050804,go_parent
go:GO:0099504,go:GO:0016079,go_parent
go:GO:0099504,go:GO:0036465,go_parent
go:GO:0099504,go:GO:0097091,go_parent
go:GO:0099504,go:GO:0097401,go_parent
go:GO:0099514,go:GO:0099517,go_parent
go:GO:0099517,go:GO:0048490,go_parent
go:GO:0099518,go:GO:0047496,go_parent
go:GO:0099518,go:GO:0099514,go_parent
go:GO:0099518,go:GO:0099519,go_parent
go:GO:0099519,go:GO:1990049,go_parent
go:GO:0099525,target:STXBP1,annotates_target
go:GO:0099536,go:GO:0099537,go_parent
go:GO:0099536,go:GO:0099643,go_parent
go:GO:0099537,go:GO:0098916,go_parent
go:GO:0099547,go:GO:0099578,go_parent
go:GO:0099565,go:GO:0060079,go_parent
go:GO:0099578,target:CYFIP1,annotates_target
go:GO:0099587,go:GO:0098659,go_parent
go:GO:0099622,go:GO:0086013,go_parent
go:GO:0099643,go:GO:0007269,go_parent
go:GO:0099643,go:GO:0016079,go_parent
go:GO:0104004,go:GO:0071214,go_parent
go:GO:0106027,go:GO:0097061,go_parent
go:GO:0106027,target:GSK3B,annotates_target
go:GO:0106030,go:GO:0007413,go_parent
go:GO:0106056,go:GO:0070884,go_parent
go:GO:0106056,go:GO:0106057,go_parent
go:GO:0106057,go:GO:0070885,go_parent
go:GO:0106118,go:GO:0045540,go_parent
go:GO:0106118,go:GO:0106119,go_parent
go:GO:0106119,go:GO:0045541,go_parent
go:GO:0106227,target:KAT2A,annotates_target
go:GO:0110030,go:GO:0110032,go_parent
go:GO:0110032,target:CDC25B,annotates_target
go:GO:0110053,go:GO:0008064,go_parent
go:GO:0110053,go:GO:0051125,go_parent
go:GO:0110053,target:HAX1,annotates_target
go:GO:0110075,go:GO:0110076,go_parent
go:GO:0110075,go:GO:0160020,go_parent
go:GO:0110076,target:ACLY,annotates_target
go:GO:0110110,go:GO:0072107,go_parent
go:GO:0120031,go:GO:0030032,go_parent
go:GO:0120032,go:GO:0010591,go_parent
go:GO:0120032,go:GO:0120034,go_parent
go:GO:0120032,go:GO:1902017,go_parent
go:GO:0120034,go:GO:0010592,go_parent
go:GO:0120034,go:GO:0045724,go_parent
go:GO:0120035,go:GO:0010975,go_parent
go:GO:0120035,go:GO:0032530,go_parent
go:GO:0120035,go:GO:0120032,go_parent
go:GO:0120035,go:GO:1902743,go_parent
go:GO:0120035,go:GO:1902950,go_parent
go:GO:0120036,go:GO:0031175,go_parent
go:GO:0120036,go:GO:0031529,go_parent
go:GO:0120036,go:GO:0097581,go_parent
go:GO:0120036,go:GO:0106027,go_parent
go:GO:0120036,go:GO:0120031,go_parent
go:GO:0120039,go:GO:0048812,go_parent
go:GO:0120161,go:GO:0120162,go_parent
go:GO:0120161,go:GO:0120163,go_parent
go:GO:0120162,target:EHMT1,annotates_target
go:GO:0120162,target:GRB10,annotates_target
go:GO:0120162,target:HDAC3,annotates_target
go:GO:0120162,target:IGF1R,annotates_target
go:GO:0120162,target:KDM1A,annotates_target
go:GO:0120162,target:SMARCA4,annotates_target
go:GO:0120162,target:STAT6,annotates_target
go:GO:0120163,target:ATF4,annotates_target
go:GO:0120163,target:RBPJ,annotates_target
go:GO:0120178,go:GO:0006702,go_parent
go:GO:0120192,go:GO:0070830,go_parent
go:GO:0120193,go:GO:0120192,go_parent
go:GO:0120254,go:GO:0019369,go_parent
go:GO:0140013,go:GO:0007127,go_parent
go:GO:0140014,go:GO:0000070,go_parent
go:GO:0140029,go:GO:0016082,go_parent
go:GO:0140053,go:GO:0000963,go_parent
go:GO:0140053,go:GO:0006390,go_parent
go:GO:0140053,go:GO:0032543,go_parent
go:GO:0140066,target:EP300,annotates_target
go:GO:0140067,target:EP300,annotates_target
go:GO:0140075,go:GO:0140077,go_parent
go:GO:0140077,target:APOE,annotates_target
go:GO:0140115,go:GO:0036376,go_parent
go:GO:0140212,go:GO:0010746,go_parent
go:GO:0140212,go:GO:0140213,go_parent
go:GO:0140213,go:GO:0010748,go_parent
go:GO:0140238,go:GO:0048488,go_parent
go:GO:0140238,target:CALM3,annotates_target
go:GO:0140243,go:GO:0099547,go_parent
go:GO:0140243,go:GO:0140245,go_parent
go:GO:0140245,go:GO:0099578,go_parent
go:GO:0140352,go:GO:0032940,go_parent
go:GO:0140352,go:GO:0140115,go_parent
go:GO:0140374,target:IRF3,annotates_target
go:GO:0140374,target:SMARCA5,annotates_target
go:GO:0140448,go:GO:0016486,go_parent
go:GO:0140467,go:GO:0036499,go_parent
go:GO:0140467,go:GO:0140468,go_parent
go:GO:0140467,target:ATF4,annotates_target
go:GO:0140467,target:NFE2L1,annotates_target
go:GO:0140468,target:ATF4,annotates_target
go:GO:0140507,go:GO:0008626,go_parent
go:GO:0140527,go:GO:0007131,go_parent
go:GO:0140546,go:GO:0019730,go_parent
go:GO:0140546,go:GO:0045087,go_parent
go:GO:0140588,target:MAU2,annotates_target
go:GO:0140627,target:KLHDC2,annotates_target
go:GO:0140639,target:CASP3,annotates_target
go:GO:0140673,target:ASF1A,annotates_target
go:GO:0140673,target:HIRA,annotates_target
go:GO:0140673,target:SUPT4H1,annotates_target
go:GO:0140694,go:GO:0030239,go_parent
go:GO:0140694,go:GO:0042255,go_parent
go:GO:0140694,go:GO:0051225,go_parent
go:GO:0140694,go:GO:0051382,go_parent
go:GO:0140718,go:GO:0000183,go_parent
go:GO:0140719,go:GO:0006346,go_parent
go:GO:0140719,go:GO:0031509,go_parent
go:GO:0140719,go:GO:0141005,go_parent
go:GO:0140861,target:ASF1A,annotates_target
go:GO:0140861,target:EP300,annotates_target
go:GO:0140861,target:HDAC3,annotates_target
go:GO:0140861,target:KDM1A,annotates_target
go:GO:0140888,go:GO:0060333,go_parent
go:GO:0140888,go:GO:0060337,go_parent
go:GO:0140889,target:DAXX,annotates_target
go:GO:0140894,go:GO:0034138,go_parent
go:GO:0140895,go:GO:0034142,go_parent
go:GO:0140896,target:IRF3,annotates_target
go:GO:0140962,go:GO:0050891,go_parent
go:GO:0141005,target:SETDB1,annotates_target
go:GO:0141060,go:GO:0141061,go_parent
go:GO:0141061,go:GO:0031640,go_parent
go:GO:0141091,go:GO:0007179,go_parent
go:GO:0141091,go:GO:0032924,go_parent
go:GO:0141111,target:KAT2A,annotates_target
go:GO:0141111,target:MAP3K7,annotates_target
go:GO:0141119,target:DNMT1,annotates_target
go:GO:0141124,go:GO:0000165,go_parent
go:GO:0141124,go:GO:0007249,go_parent
go:GO:0141124,go:GO:0007264,go_parent
go:GO:0141124,go:GO:0019722,go_parent
go:GO:0141124,go:GO:0038060,go_parent
go:GO:0141124,go:GO:0038061,go_parent
go:GO:0141124,go:GO:0043491,go_parent
go:GO:0141124,go:GO:0060395,go_parent
go:GO:0141124,go:GO:0140467,go_parent
go:GO:0141124,go:GO:0141156,go_parent
go:GO:0141137,go:GO:0045815,go_parent
go:GO:0141149,go:GO:0141150,go_parent
go:GO:0141150,target:KDR,annotates_target
go:GO:0141156,target:CREM,annotates_target
go:GO:0141164,target:OXA1L,annotates_target
go:GO:0141187,go:GO:0032774,go_parent
go:GO:0141187,go:GO:0071897,go_parent
go:GO:0141188,go:GO:0006401,go_parent
go:GO:0141193,go:GO:0002154,go_parent
go:GO:0141193,go:GO:0030518,go_parent
go:GO:0150052,target:MAP1B,annotates_target
go:GO:0150052,target:PTPN1,annotates_target
go:GO:0150063,go:GO:0001654,go_parent
go:GO:0150076,go:GO:0061900,go_parent
go:GO:0150094,target:IDE,annotates_target
go:GO:0150098,go:GO:0036520,go_parent
go:GO:0150101,target:GSK3B,annotates_target
go:GO:0150104,target:SLC5A6,annotates_target
go:GO:0150106,go:GO:1904702,go_parent
go:GO:0150115,go:GO:0007044,go_parent
go:GO:0150116,go:GO:0090109,go_parent
go:GO:0150116,go:GO:0150117,go_parent
go:GO:0150116,go:GO:0150118,go_parent
go:GO:0150117,go:GO:0051894,go_parent
go:GO:0150118,go:GO:0051895,go_parent
go:GO:0150146,go:GO:0098883,go_parent
go:GO:0150200,go:GO:0150201,go_parent
go:GO:0150200,go:GO:0150202,go_parent
go:GO:0150200,go:GO:1903000,go_parent
go:GO:0150201,go:GO:1903002,go_parent
go:GO:0150202,go:GO:1903001,go_parent
go:GO:0160020,target:HDAC3,annotates_target
go:GO:0160108,go:GO:0001501,go_parent
go:GO:0160108,go:GO:0001568,go_parent
go:GO:0160108,go:GO:0001824,go_parent
go:GO:0160108,go:GO:0001944,go_parent
go:GO:0160108,go:GO:0002088,go_parent
go:GO:0160108,go:GO:0002520,go_parent
go:GO:0160108,go:GO:0003157,go_parent
go:GO:0160108,go:GO:0003170,go_parent
go:GO:0160108,go:GO:0003205,go_parent
go:GO:0160108,go:GO:0003279,go_parent
go:GO:0160108,go:GO:0003407,go_parent
go:GO:0160108,go:GO:0007399,go_parent
go:GO:0160108,go:GO:0007417,go_parent
go:GO:0160108,go:GO:0007422,go_parent
go:GO:0160108,go:GO:0007492,go_parent
go:GO:0160108,go:GO:0007498,go_parent
go:GO:0160108,go:GO:0008544,go_parent
go:GO:0160108,go:GO:0009792,go_parent
go:GO:0160108,go:GO:0021510,go_parent
go:GO:0160108,go:GO:0021536,go_parent
go:GO:0160108,go:GO:0021537,go_parent
go:GO:0160108,go:GO:0021539,go_parent
go:GO:0160108,go:GO:0021543,go_parent
go:GO:0160108,go:GO:0021548,go_parent
go:GO:0160108,go:GO:0021549,go_parent
go:GO:0160108,go:GO:0021591,go_parent
go:GO:0160108,go:GO:0021592,go_parent
go:GO:0160108,go:GO:0021670,go_parent
go:GO:0160108,go:GO:0021675,go_parent
go:GO:0160108,go:GO:0021678,go_parent
go:GO:0160108,go:GO:0021680,go_parent
go:GO:0160108,go:GO:0021695,go_parent
go:GO:0160108,go:GO:0021761,go_parent
go:GO:0160108,go:GO:0021766,go_parent
go:GO:0160108,go:GO:0021794,go_parent
go:GO:0160108,go:GO:0021854,go_parent
go:GO:0160108,go:GO:0021987,go_parent
go:GO:0160108,go:GO:0022037,go_parent
go:GO:0160108,go:GO:0030282,go_parent
go:GO:0160108,go:GO:0030900,go_parent
go:GO:0160108,go:GO:0030901,go_parent
go:GO:0160108,go:GO:0030902,go_parent
go:GO:0160108,go:GO:0030917,go_parent
go:GO:0160108,go:GO:0035270,go_parent
go:GO:0160108,go:GO:0035905,go_parent
go:GO:0160108,go:GO:0036302,go_parent
go:GO:0160108,go:GO:0048286,go_parent
go:GO:0160108,go:GO:0048483,go_parent
go:GO:0160108,go:GO:0048485,go_parent
go:GO:0160108,go:GO:0048513,go_parent
go:GO:0160108,go:GO:0048565,go_parent
go:GO:0160108,go:GO:0048736,go_parent
go:GO:0160108,go:GO:0048839,go_parent
go:GO:0160108,go:GO:0048857,go_parent
go:GO:0160108,go:GO:0048880,go_parent
go:GO:0160108,go:GO:0055123,go_parent
go:GO:0160108,go:GO:0060021,go_parent
go:GO:0160108,go:GO:0060037,go_parent
go:GO:0160108,go:GO:0060041,go_parent
go:GO:0160108,go:GO:0060322,go_parent
go:GO:0160108,go:GO:0060324,go_parent
go:GO:0160108,go:GO:0060429,go_parent
go:GO:0160108,go:GO:0060485,go_parent
go:GO:0160108,go:GO:0060537,go_parent
go:GO:0160108,go:GO:0060541,go_parent
go:GO:0160108,go:GO:0060711,go_parent
go:GO:0160108,go:GO:0061008,go_parent
go:GO:0160108,go:GO:0061055,go_parent
go:GO:0160108,go:GO:0061061,go_parent
go:GO:0160108,go:GO:0061196,go_parent
go:GO:0160108,go:GO:0061448,go_parent
go:GO:0160108,go:GO:0061548,go_parent
go:GO:0160108,go:GO:0071109,go_parent
go:GO:0160108,go:GO:0072001,go_parent
go:GO:0160108,go:GO:0072359,go_parent
go:GO:0160108,go:GO:1903867,go_parent
go:GO:0160108,go:GO:1904888,go_parent
go:GO:0160213,target:GSK3B,annotates_target
go:GO:0160217,target:KDM1A,annotates_target
go:GO:0160239,target:NELFE,annotates_target
go:GO:0160239,target:SUPT4H1,annotates_target
go:GO:0160274,target:EHMT1,annotates_target
go:GO:0160275,target:EHMT1,annotates_target
go:GO:0160307,go:GO:0006412,go_parent
go:GO:0170036,go:GO:0006850,go_parent
go:GO:0170039,go:GO:0170040,go_parent
go:GO:0170040,go:GO:0006559,go_parent
go:GO:0170040,go:GO:0019477,go_parent
go:GO:0170062,go:GO:0019915,go_parent
go:GO:0180026,target:METTL17,annotates_target
go:GO:0180064,go:GO:0015012,go_parent
go:GO:0180064,go:GO:0050650,go_parent
go:GO:1900015,go:GO:1900017,go_parent
go:GO:1900017,target:IRF3,annotates_target
go:GO:1900024,go:GO:1900026,go_parent
go:GO:1900026,target:C1QBP,annotates_target
go:GO:1900026,target:GSK3B,annotates_target
go:GO:1900034,target:ATM,annotates_target
go:GO:1900034,target:EP300,annotates_target
go:GO:1900034,target:GSK3B,annotates_target
go:GO:1900034,target:MAPKAPK2,annotates_target
go:GO:1900037,go:GO:1900038,go_parent
go:GO:1900038,go:GO:1903298,go_parent
go:GO:1900044,go:GO:1902523,go_parent
go:GO:1900046,go:GO:0030193,go_parent
go:GO:1900046,go:GO:1900047,go_parent
go:GO:1900047,go:GO:0030195,go_parent
go:GO:1900076,go:GO:1900077,go_parent
go:GO:1900076,go:GO:1900078,go_parent
go:GO:1900077,go:GO:0046627,go_parent
go:GO:1900078,go:GO:0046628,go_parent
go:GO:1900087,target:RRM1,annotates_target
go:GO:1900087,target:RRM2,annotates_target
go:GO:1900101,go:GO:1900102,go_parent
go:GO:1900101,go:GO:1900103,go_parent
go:GO:1900101,go:GO:1903891,go_parent
go:GO:1900101,go:GO:1903894,go_parent
go:GO:1900101,go:GO:1903897,go_parent
go:GO:1900102,go:GO:1903892,go_parent
go:GO:1900102,go:GO:1903895,go_parent
go:GO:1900102,go:GO:1903898,go_parent
go:GO:1900103,go:GO:1903896,go_parent
go:GO:1900151,go:GO:1900152,go_parent
go:GO:1900151,go:GO:1900153,go_parent
go:GO:1900152,target:DHX9,annotates_target
go:GO:1900153,target:DHX36,annotates_target
go:GO:1900180,go:GO:0042306,go_parent
go:GO:1900180,go:GO:1900181,go_parent
go:GO:1900180,go:GO:1900182,go_parent
go:GO:1900181,target:GSK3B,annotates_target
go:GO:1900182,go:GO:0042307,go_parent
go:GO:1900182,target:EP300,annotates_target
go:GO:1900182,target:TCF7L2,annotates_target
go:GO:1900221,go:GO:1900222,go_parent
go:GO:1900221,go:GO:1900223,go_parent
go:GO:1900221,target:APOE,annotates_target
go:GO:1900222,target:HMGCR,annotates_target
go:GO:1900223,target:APOE,annotates_target
go:GO:1900239,go:GO:1900240,go_parent
go:GO:1900240,target:DNMT1,annotates_target
go:GO:1900242,go:GO:1900244,go_parent
go:GO:1900242,target:CALM3,annotates_target
go:GO:1900244,target:TOR1A,annotates_target
go:GO:1900271,go:GO:1900272,go_parent
go:GO:1900271,target:GSK3B,annotates_target
go:GO:1900272,target:APOE,annotates_target
go:GO:1900371,go:GO:1900373,go_parent
go:GO:1900371,go:GO:2001169,go_parent
go:GO:1900373,go:GO:2001171,go_parent
go:GO:1900376,go:GO:0048021,go_parent
go:GO:1900376,go:GO:1900378,go_parent
go:GO:1900378,go:GO:0048023,go_parent
go:GO:1900542,go:GO:0033121,go_parent
go:GO:1900542,go:GO:1900371,go_parent
go:GO:1900542,go:GO:1900544,go_parent
go:GO:1900542,go:GO:1903578,go_parent
go:GO:1900544,go:GO:0033123,go_parent
go:GO:1900544,go:GO:1900373,go_parent
go:GO:1900544,go:GO:1903580,go_parent
go:GO:1901020,go:GO:1901386,go_parent
go:GO:1901028,go:GO:1901030,go_parent
go:GO:1901030,target:GSK3B,annotates_target
go:GO:1901135,go:GO:0006022,go_parent
go:GO:1901135,go:GO:0009100,go_parent
go:GO:1901135,go:GO:0009225,go_parent
go:GO:1901135,go:GO:0009394,go_parent
go:GO:1901135,go:GO:0019693,go_parent
go:GO:1901135,go:GO:1901136,go_parent
go:GO:1901135,go:GO:1901137,go_parent
go:GO:1901135,go:GO:1903509,go_parent
go:GO:1901135,target:DCK,annotates_target
go:GO:1901136,go:GO:0009261,go_parent
go:GO:1901137,go:GO:0006023,go_parent
go:GO:1901137,go:GO:0009101,go_parent
go:GO:1901137,go:GO:0009226,go_parent
go:GO:1901137,go:GO:0009247,go_parent
go:GO:1901137,go:GO:0046385,go_parent
go:GO:1901137,go:GO:0046390,go_parent
go:GO:1901142,go:GO:1901143,go_parent
go:GO:1901142,target:IDE,annotates_target
go:GO:1901143,target:IDE,annotates_target
go:GO:1901163,go:GO:1901165,go_parent
go:GO:1901165,target:ACVR1B,annotates_target
go:GO:1901165,target:C1QBP,annotates_target
go:GO:1901184,go:GO:0042058,go_parent
go:GO:1901184,go:GO:1901186,go_parent
go:GO:1901186,go:GO:0045742,go_parent
go:GO:1901186,target:RBPJ,annotates_target
go:GO:1901187,go:GO:1901189,go_parent
go:GO:1901189,target:RBPJ,annotates_target
go:GO:1901222,go:GO:1901223,go_parent
go:GO:1901222,go:GO:1901224,go_parent
go:GO:1901223,target:NDUFC2,annotates_target
go:GO:1901224,target:MAP3K7,annotates_target
go:GO:1901292,go:GO:0009134,go_parent
go:GO:1901292,go:GO:0009166,go_parent
go:GO:1901293,go:GO:0009124,go_parent
go:GO:1901293,go:GO:0009145,go_parent
go:GO:1901293,go:GO:0009165,go_parent
go:GO:1901293,go:GO:0009201,go_parent
go:GO:1901293,go:GO:0009226,go_parent
go:GO:1901293,go:GO:0015937,go_parent
go:GO:1901293,go:GO:0071616,go_parent
go:GO:1901293,target:DCK,annotates_target
go:GO:1901301,go:GO:1901303,go_parent
go:GO:1901303,target:INSIG1,annotates_target
go:GO:1901317,go:GO:1902093,go_parent
go:GO:1901329,go:GO:1901331,go_parent
go:GO:1901329,target:NFE2L1,annotates_target
go:GO:1901331,target:CTNNB1,annotates_target
go:GO:1901342,go:GO:0045765,go_parent
go:GO:1901342,go:GO:1901343,go_parent
go:GO:1901342,go:GO:1904018,go_parent
go:GO:1901343,go:GO:2000181,go_parent
go:GO:1901379,go:GO:1901381,go_parent
go:GO:1901379,go:GO:1903286,go_parent
go:GO:1901381,go:GO:1903288,go_parent
go:GO:1901385,go:GO:1901386,go_parent
go:GO:1901386,go:GO:1901842,go_parent
go:GO:1901475,go:GO:0006850,go_parent
go:GO:1901524,go:GO:1901526,go_parent
go:GO:1901526,target:STUB1,annotates_target
go:GO:1901532,go:GO:1901533,go_parent
go:GO:1901532,go:GO:1901534,go_parent
go:GO:1901532,go:GO:1902036,go_parent
go:GO:1901532,go:GO:1905453,go_parent
go:GO:1901533,go:GO:1902037,go_parent
go:GO:1901533,go:GO:1905454,go_parent
go:GO:1901533,target:METTL14,annotates_target
go:GO:1901534,target:DHX36,annotates_target
go:GO:1901550,go:GO:1903140,go_parent
go:GO:1901568,go:GO:1901569,go_parent
go:GO:1901569,go:GO:0046952,go_parent
go:GO:1901626,go:GO:1901627,go_parent
go:GO:1901627,target:APOE,annotates_target
go:GO:1901629,go:GO:1901631,go_parent
go:GO:1901631,target:APOE,annotates_target
go:GO:1901632,go:GO:0031630,go_parent
go:GO:1901652,go:GO:0034097,go_parent
go:GO:1901654,go:GO:0032570,go_parent
go:GO:1901654,go:GO:0051412,go_parent
go:GO:1901654,go:GO:1901655,go_parent
go:GO:1901655,go:GO:0071393,go_parent
go:GO:1901673,target:CHMP3,annotates_target
go:GO:1901698,go:GO:0014074,go_parent
go:GO:1901698,go:GO:0014075,go_parent
go:GO:1901698,go:GO:0043201,go_parent
go:GO:1901698,go:GO:0043279,go_parent
go:GO:1901698,go:GO:0043331,go_parent
go:GO:1901698,go:GO:0043434,go_parent
go:GO:1901698,go:GO:0071680,go_parent
go:GO:1901698,go:GO:0071731,go_parent
go:GO:1901698,go:GO:0071867,go_parent
go:GO:1901698,go:GO:0072737,go_parent
go:GO:1901698,go:GO:1901699,go_parent
go:GO:1901698,go:GO:1902065,go_parent
go:GO:1901698,go:GO:1904307,go_parent
go:GO:1901698,go:GO:1904640,go_parent
go:GO:1901698,go:GO:1904645,go_parent
go:GO:1901698,go:GO:1904975,go_parent
go:GO:1901699,go:GO:0061431,go_parent
go:GO:1901699,go:GO:0071233,go_parent
go:GO:1901699,go:GO:0071312,go_parent
go:GO:1901699,go:GO:0071318,go_parent
go:GO:1901699,go:GO:0071359,go_parent
go:GO:1901699,go:GO:0071375,go_parent
go:GO:1901699,go:GO:0071681,go_parent
go:GO:1901699,go:GO:0071868,go_parent
go:GO:1901699,go:GO:0072738,go_parent
go:GO:1901699,go:GO:1902170,go_parent
go:GO:1901699,go:GO:1904646,go_parent
go:GO:1901700,go:GO:0000302,go_parent
go:GO:1901700,go:GO:0009743,go_parent
go:GO:1901700,go:GO:0032355,go_parent
go:GO:1901700,go:GO:0032496,go_parent
go:GO:1901700,go:GO:0032526,go_parent
go:GO:1901700,go:GO:0033194,go_parent
go:GO:1901700,go:GO:0033197,go_parent
go:GO:1901700,go:GO:0033198,go_parent
go:GO:1901700,go:GO:0036314,go_parent
go:GO:1901700,go:GO:0042220,go_parent
go:GO:1901700,go:GO:0043201,go_parent
go:GO:1901700,go:GO:0043434,go_parent
go:GO:1901700,go:GO:0051591,go_parent
go:GO:1901700,go:GO:0071731,go_parent
go:GO:1901700,go:GO:0071869,go_parent
go:GO:1901700,go:GO:0097305,go_parent
go:GO:1901700,go:GO:1901654,go_parent
go:GO:1901700,go:GO:1901701,go_parent
go:GO:1901700,go:GO:1902065,go_parent
go:GO:1901700,go:GO:1903842,go_parent
go:GO:1901700,go:GO:1904640,go_parent
go:GO:1901700,go:GO:1904645,go_parent
go:GO:1901700,go:GO:1904975,go_parent
go:GO:1901701,go:GO:0034614,go_parent
go:GO:1901701,go:GO:0036315,go_parent
go:GO:1901701,go:GO:0061431,go_parent
go:GO:1901701,go:GO:0071222,go_parent
go:GO:1901701,go:GO:0071233,go_parent
go:GO:1901701,go:GO:0071300,go_parent
go:GO:1901701,go:GO:0071318,go_parent
go:GO:1901701,go:GO:0071322,go_parent
go:GO:1901701,go:GO:0071375,go_parent
go:GO:1901701,go:GO:0071447,go_parent
go:GO:1901701,go:GO:0071732,go_parent
go:GO:1901701,go:GO:0071870,go_parent
go:GO:1901701,go:GO:0097306,go_parent
go:GO:1901701,go:GO:1901655,go_parent
go:GO:1901701,go:GO:1903843,go_parent
go:GO:1901701,go:GO:1904646,go_parent
go:GO:1901701,target:ATM,annotates_target
go:GO:1901701,target:IGF1R,annotates_target
go:GO:1901796,go:GO:0043516,go_parent
go:GO:1901796,go:GO:1901797,go_parent
go:GO:1901796,go:GO:1901798,go_parent
go:GO:1901796,go:GO:1902253,go_parent
go:GO:1901796,target:ATM,annotates_target
go:GO:1901796,target:EP300,annotates_target
go:GO:1901797,go:GO:0043518,go_parent
go:GO:1901797,go:GO:1902254,go_parent
go:GO:1901798,go:GO:0043517,go_parent
go:GO:1901798,target:SMARCA4,annotates_target
go:GO:1901799,go:GO:0032435,go_parent
go:GO:1901800,go:GO:0032436,go_parent
go:GO:1901800,go:GO:1904294,go_parent
go:GO:1901836,go:GO:1901838,go_parent
go:GO:1901838,target:SMARCA4,annotates_target
go:GO:1901838,target:SMARCB1,annotates_target
go:GO:1901842,target:CALM3,annotates_target
go:GO:1901844,target:CALM3,annotates_target
go:GO:1901856,go:GO:0090324,go_parent
go:GO:1901858,go:GO:0090296,go_parent
go:GO:1901858,go:GO:1901860,go_parent
go:GO:1901860,go:GO:0090297,go_parent
go:GO:1901861,go:GO:0016202,go_parent
go:GO:1901861,go:GO:1901863,go_parent
go:GO:1901863,go:GO:0045844,go_parent
go:GO:1901873,go:GO:1901874,go_parent
go:GO:1901873,go:GO:1901875,go_parent
go:GO:1901873,go:GO:1903320,go_parent
go:GO:1901874,go:GO:1903321,go_parent
go:GO:1901875,go:GO:1903322,go_parent
go:GO:1901879,go:GO:0030834,go_parent
go:GO:1901879,go:GO:0031114,go_parent
go:GO:1901879,go:GO:1901880,go_parent
go:GO:1901880,go:GO:0007026,go_parent
go:GO:1901880,go:GO:0030835,go_parent
go:GO:1901888,go:GO:0051963,go_parent
go:GO:1901888,go:GO:0090109,go_parent
go:GO:1901888,go:GO:1901889,go_parent
go:GO:1901888,go:GO:1901890,go_parent
go:GO:1901889,go:GO:0051895,go_parent
go:GO:1901890,go:GO:0051894,go_parent
go:GO:1901890,go:GO:0051965,go_parent
go:GO:1901950,go:GO:0099519,go_parent
go:GO:1901987,go:GO:1901988,go_parent
go:GO:1901987,go:GO:1901989,go_parent
go:GO:1901987,go:GO:1901990,go_parent
go:GO:1901987,go:GO:1901993,go_parent
go:GO:1901987,go:GO:1902099,go_parent
go:GO:1901987,go:GO:1902749,go_parent
go:GO:1901987,go:GO:1902806,go_parent
go:GO:1901988,go:GO:0000075,go_parent
go:GO:1901988,go:GO:1901991,go_parent
go:GO:1901988,go:GO:1902100,go_parent
go:GO:1901988,go:GO:1902750,go_parent
go:GO:1901988,go:GO:1902807,go_parent
go:GO:1901989,go:GO:1901992,go_parent
go:GO:1901989,go:GO:1901995,go_parent
go:GO:1901989,go:GO:1902751,go_parent
go:GO:1901989,go:GO:1902808,go_parent
go:GO:1901990,go:GO:0010389,go_parent
go:GO:1901990,go:GO:0030071,go_parent
go:GO:1901990,go:GO:1901991,go_parent
go:GO:1901990,go:GO:1901992,go_parent
go:GO:1901990,go:GO:2000045,go_parent
go:GO:1901991,go:GO:0010972,go_parent
go:GO:1901991,go:GO:0045841,go_parent
go:GO:1901991,go:GO:2000134,go_parent
go:GO:1901992,go:GO:0010971,go_parent
go:GO:1901992,go:GO:1900087,go_parent
go:GO:1901992,target:RRM2,annotates_target
go:GO:1901993,go:GO:0110030,go_parent
go:GO:1901993,go:GO:1901995,go_parent
go:GO:1901995,go:GO:0110032,go_parent
go:GO:1902003,go:GO:1902004,go_parent
go:GO:1902003,go:GO:1902430,go_parent
go:GO:1902004,target:APOE,annotates_target
go:GO:1902004,target:CASP3,annotates_target
go:GO:1902004,target:CSNK1E,annotates_target
go:GO:1902017,go:GO:0045724,go_parent
go:GO:1902019,go:GO:0060295,go_parent
go:GO:1902019,go:GO:2000155,go_parent
go:GO:1902036,go:GO:1902037,go_parent
go:GO:1902036,target:METTL3,annotates_target
go:GO:1902037,target:TMSB4X,annotates_target
go:GO:1902041,go:GO:1902042,go_parent
go:GO:1902041,target:STX4,annotates_target
go:GO:1902042,target:GSK3B,annotates_target
go:GO:1902065,target:TMBIM6,annotates_target
go:GO:1902074,go:GO:1902075,go_parent
go:GO:1902074,go:GO:1903935,go_parent
go:GO:1902075,go:GO:1903936,go_parent
go:GO:1902093,target:PRDM14,annotates_target
go:GO:1902099,go:GO:0030071,go_parent
go:GO:1902099,go:GO:1902100,go_parent
go:GO:1902100,go:GO:0045841,go_parent
go:GO:1902105,go:GO:0002761,go_parent
go:GO:1902105,go:GO:0045619,go_parent
go:GO:1902105,go:GO:1902107,go_parent
go:GO:1902107,go:GO:0002763,go_parent
go:GO:1902107,go:GO:0045621,go_parent
go:GO:1902115,go:GO:0046599,go_parent
go:GO:1902115,go:GO:0062028,go_parent
go:GO:1902115,go:GO:0090169,go_parent
go:GO:1902115,go:GO:1902017,go_parent
go:GO:1902115,go:GO:1902116,go_parent
go:GO:1902115,go:GO:1902117,go_parent
go:GO:1902115,go:GO:1903551,go_parent
go:GO:1902115,go:GO:2000785,go_parent
go:GO:1902116,go:GO:0046600,go_parent
go:GO:1902117,go:GO:0045724,go_parent
go:GO:1902117,go:GO:0062029,go_parent
go:GO:1902117,go:GO:1903553,go_parent
go:GO:1902117,go:GO:2000786,go_parent
go:GO:1902165,go:GO:1902166,go_parent
go:GO:1902166,target:KDM1A,annotates_target
go:GO:1902170,go:GO:0071732,go_parent
go:GO:1902175,go:GO:1902176,go_parent
go:GO:1902175,go:GO:1903376,go_parent
go:GO:1902176,go:GO:1903377,go_parent
go:GO:1902202,target:PTPN1,annotates_target
go:GO:1902229,go:GO:1902165,go_parent
go:GO:1902229,go:GO:1902230,go_parent
go:GO:1902230,go:GO:1902166,go_parent
go:GO:1902230,target:CXCL12,annotates_target
go:GO:1902235,go:GO:1902236,go_parent
go:GO:1902235,go:GO:1902237,go_parent
go:GO:1902236,target:IKBKG,annotates_target
go:GO:1902236,target:PTPN1,annotates_target
go:GO:1902236,target:TMBIM6,annotates_target
go:GO:1902236,target:WFS1,annotates_target
go:GO:1902237,target:NCK2,annotates_target
go:GO:1902253,go:GO:1902165,go_parent
go:GO:1902253,go:GO:1902254,go_parent
go:GO:1902254,go:GO:1902166,go_parent
go:GO:1902254,target:KDM1A,annotates_target
go:GO:1902267,go:GO:1902268,go_parent
go:GO:1902268,target:OAZ1,annotates_target
go:GO:1902275,go:GO:1905268,go_parent
go:GO:1902275,target:HIRA,annotates_target
go:GO:1902275,target:MKI67,annotates_target
go:GO:1902305,go:GO:1902307,go_parent
go:GO:1902305,go:GO:1903276,go_parent
go:GO:1902307,go:GO:1903278,go_parent
go:GO:1902340,go:GO:1905213,go_parent
go:GO:1902340,target:EP300,annotates_target
go:GO:1902369,go:GO:0000961,go_parent
go:GO:1902369,go:GO:0043489,go_parent
go:GO:1902369,go:GO:1902373,go_parent
go:GO:1902373,go:GO:0048255,go_parent
go:GO:1902373,go:GO:1900152,go_parent
go:GO:1902373,go:GO:1905638,go_parent
go:GO:1902410,go:GO:0061952,go_parent
go:GO:1902423,go:GO:1902425,go_parent
go:GO:1902425,target:BECN1,annotates_target
go:GO:1902430,target:APOE,annotates_target
go:GO:1902455,target:TET1,annotates_target
go:GO:1902459,target:ARID1A,annotates_target
go:GO:1902459,target:BRD9,annotates_target
go:GO:1902459,target:DPF2,annotates_target
go:GO:1902459,target:PHF10,annotates_target
go:GO:1902459,target:PRDM14,annotates_target
go:GO:1902459,target:SMARCA4,annotates_target
go:GO:1902459,target:SMARCB1,annotates_target
go:GO:1902459,target:SMARCE1,annotates_target
go:GO:1902459,target:TET1,annotates_target
go:GO:1902498,go:GO:1902499,go_parent
go:GO:1902499,target:MTA1,annotates_target
go:GO:1902510,go:GO:1902512,go_parent
go:GO:1902512,target:CASP3,annotates_target
go:GO:1902523,target:BIRC2,annotates_target
go:GO:1902524,target:BIRC2,annotates_target
go:GO:1902525,go:GO:1902527,go_parent
go:GO:1902527,target:BIRC2,annotates_target
go:GO:1902531,go:GO:0032006,go_parent
go:GO:1902531,go:GO:0033143,go_parent
go:GO:1902531,go:GO:0035330,go_parent
go:GO:1902531,go:GO:0035358,go_parent
go:GO:1902531,go:GO:0039531,go_parent
go:GO:1902531,go:GO:0043122,go_parent
go:GO:1902531,go:GO:0043408,go_parent
go:GO:1902531,go:GO:0048385,go_parent
go:GO:1902531,go:GO:0050848,go_parent
go:GO:1902531,go:GO:0051056,go_parent
go:GO:1902531,go:GO:0051896,go_parent
go:GO:1902531,go:GO:0060390,go_parent
go:GO:1902531,go:GO:0141149,go_parent
go:GO:1902531,go:GO:1900101,go_parent
go:GO:1902531,go:GO:1901222,go_parent
go:GO:1902531,go:GO:1901796,go_parent
go:GO:1902531,go:GO:1902532,go_parent
go:GO:1902531,go:GO:1902533,go_parent
go:GO:1902531,go:GO:2000638,go_parent
go:GO:1902531,go:GO:2001242,go_parent
go:GO:1902532,go:GO:0032007,go_parent
go:GO:1902532,go:GO:0033144,go_parent
go:GO:1902532,go:GO:0035331,go_parent
go:GO:1902532,go:GO:0035359,go_parent
go:GO:1902532,go:GO:0039532,go_parent
go:GO:1902532,go:GO:0043124,go_parent
go:GO:1902532,go:GO:0043409,go_parent
go:GO:1902532,go:GO:0050849,go_parent
go:GO:1902532,go:GO:0051058,go_parent
go:GO:1902532,go:GO:0051898,go_parent
go:GO:1902532,go:GO:0060392,go_parent
go:GO:1902532,go:GO:1900102,go_parent
go:GO:1902532,go:GO:1901223,go_parent
go:GO:1902532,go:GO:1901797,go_parent
go:GO:1902532,go:GO:2000639,go_parent
go:GO:1902532,go:GO:2001243,go_parent
go:GO:1902532,target:WFS1,annotates_target
go:GO:1902533,go:GO:0032008,go_parent
go:GO:1902533,go:GO:0033145,go_parent
go:GO:1902533,go:GO:0035332,go_parent
go:GO:1902533,go:GO:0043123,go_parent
go:GO:1902533,go:GO:0043410,go_parent
go:GO:1902533,go:GO:0048386,go_parent
go:GO:1902533,go:GO:0051057,go_parent
go:GO:1902533,go:GO:0051897,go_parent
go:GO:1902533,go:GO:0060391,go_parent
go:GO:1902533,go:GO:0141111,go_parent
go:GO:1902533,go:GO:0141150,go_parent
go:GO:1902533,go:GO:1900103,go_parent
go:GO:1902533,go:GO:1901224,go_parent
go:GO:1902533,go:GO:1901798,go_parent
go:GO:1902533,go:GO:2001244,go_parent
go:GO:1902533,target:ITGAV,annotates_target
go:GO:1902563,go:GO:1902564,go_parent
go:GO:1902564,target:SRC,annotates_target
go:GO:1902600,go:GO:0097401,go_parent
go:GO:1902600,target:ATP1B1,annotates_target
go:GO:1902600,target:ATP6V0B,annotates_target
go:GO:1902600,target:ATP6V0C,annotates_target
go:GO:1902600,target:COX4I1,annotates_target
go:GO:1902600,target:NDUFB4,annotates_target
go:GO:1902600,target:NDUFB6,annotates_target
go:GO:1902600,target:NDUFB9,annotates_target
go:GO:1902600,target:NDUFC2,annotates_target
go:GO:1902600,target:SLC25A3,annotates_target
go:GO:1902622,go:GO:0090022,go_parent
go:GO:1902622,go:GO:1902624,go_parent
go:GO:1902624,go:GO:0090023,go_parent
go:GO:1902652,go:GO:0008203,go_parent
go:GO:1902652,go:GO:0036196,go_parent
go:GO:1902652,go:GO:1902653,go_parent
go:GO:1902653,go:GO:0006695,go_parent
go:GO:1902653,go:GO:0036197,go_parent
go:GO:1902659,go:GO:1902661,go_parent
go:GO:1902661,target:SMARCA4,annotates_target
go:GO:1902661,target:SMARCB1,annotates_target
go:GO:1902679,go:GO:0045892,go_parent
go:GO:1902680,go:GO:0045893,go_parent
go:GO:1902692,go:GO:0002052,go_parent
go:GO:1902725,target:SIX4,annotates_target
go:GO:1902730,go:GO:0010909,go_parent
go:GO:1902742,target:KIF1B,annotates_target
go:GO:1902743,go:GO:0010591,go_parent
go:GO:1902743,go:GO:1902745,go_parent
go:GO:1902743,go:GO:2000392,go_parent
go:GO:1902745,go:GO:0010592,go_parent
go:GO:1902745,go:GO:2000394,go_parent
go:GO:1902749,go:GO:0010389,go_parent
go:GO:1902749,go:GO:0110030,go_parent
go:GO:1902749,go:GO:1902750,go_parent
go:GO:1902749,go:GO:1902751,go_parent
go:GO:1902749,target:PAXIP1,annotates_target
go:GO:1902750,go:GO:0010972,go_parent
go:GO:1902751,go:GO:0010971,go_parent
go:GO:1902751,go:GO:0110032,go_parent
go:GO:1902751,target:CDC25B,annotates_target
go:GO:1902774,target:CHMP3,annotates_target
go:GO:1902806,go:GO:1902807,go_parent
go:GO:1902806,go:GO:1902808,go_parent
go:GO:1902806,go:GO:2000045,go_parent
go:GO:1902807,go:GO:2000134,go_parent
go:GO:1902807,target:SOX2,annotates_target
go:GO:1902807,target:TMSB4X,annotates_target
go:GO:1902808,go:GO:1900087,go_parent
go:GO:1902808,target:PAGR1,annotates_target
go:GO:1902850,go:GO:0007052,go_parent
go:GO:1902850,go:GO:0040001,go_parent
go:GO:1902893,go:GO:1902894,go_parent
go:GO:1902893,go:GO:1902895,go_parent
go:GO:1902894,target:NFATC3,annotates_target
go:GO:1902895,target:SMARCA4,annotates_target
go:GO:1902903,go:GO:0031113,go_parent
go:GO:1902903,go:GO:0031114,go_parent
go:GO:1902903,go:GO:0110053,go_parent
go:GO:1902903,go:GO:1902904,go_parent
go:GO:1902903,go:GO:1902905,go_parent
go:GO:1902903,go:GO:1905906,go_parent
go:GO:1902904,go:GO:0007026,go_parent
go:GO:1902904,go:GO:0030835,go_parent
go:GO:1902904,go:GO:0030837,go_parent
go:GO:1902904,go:GO:0031115,go_parent
go:GO:1902904,go:GO:1905907,go_parent
go:GO:1902905,go:GO:0030838,go_parent
go:GO:1902905,go:GO:0031116,go_parent
go:GO:1902905,go:GO:0051127,go_parent
go:GO:1902905,go:GO:1905908,go_parent
go:GO:1902913,go:GO:1901331,go_parent
go:GO:1902914,go:GO:0061945,go_parent
go:GO:1902914,go:GO:1900044,go_parent
go:GO:1902914,go:GO:1902916,go_parent
go:GO:1902916,go:GO:1902523,go_parent
go:GO:1902916,go:GO:1902524,go_parent
go:GO:1902930,go:GO:0010919,go_parent
go:GO:1902930,go:GO:0045540,go_parent
go:GO:1902930,go:GO:1902931,go_parent
go:GO:1902930,go:GO:1902932,go_parent
go:GO:1902931,go:GO:0045541,go_parent
go:GO:1902932,go:GO:0060732,go_parent
go:GO:1902950,go:GO:1902951,go_parent
go:GO:1902950,go:GO:1902952,go_parent
go:GO:1902951,target:APOE,annotates_target
go:GO:1902952,target:APOE,annotates_target
go:GO:1902956,go:GO:1902957,go_parent
go:GO:1902957,target:SNCA,annotates_target
go:GO:1902991,go:GO:1902003,go_parent
go:GO:1902991,go:GO:1902992,go_parent
go:GO:1902991,go:GO:1902993,go_parent
go:GO:1902991,target:APOE,annotates_target
go:GO:1902992,go:GO:1902430,go_parent
go:GO:1902993,go:GO:1902004,go_parent
go:GO:1902994,go:GO:1902995,go_parent
go:GO:1902994,go:GO:1902999,go_parent
go:GO:1902995,target:APOE,annotates_target
go:GO:1902996,go:GO:1902998,go_parent
go:GO:1902998,target:APOE,annotates_target
go:GO:1902999,target:APOE,annotates_target
go:GO:1903000,go:GO:1903001,go_parent
go:GO:1903000,go:GO:1903002,go_parent
go:GO:1903001,target:APOE,annotates_target
go:GO:1903002,target:APOE,annotates_target
go:GO:1903008,go:GO:0032790,go_parent
go:GO:1903010,target:KAT2A,annotates_target
go:GO:1903018,go:GO:0010559,go_parent
go:GO:1903018,go:GO:1903020,go_parent
go:GO:1903020,go:GO:0010560,go_parent
go:GO:1903025,go:GO:1903026,go_parent
go:GO:1903026,target:ZNF593,annotates_target
go:GO:1903034,go:GO:0061041,go_parent
go:GO:1903034,go:GO:1903035,go_parent
go:GO:1903035,go:GO:0061045,go_parent
go:GO:1903037,go:GO:1903038,go_parent
go:GO:1903037,go:GO:1903039,go_parent
go:GO:1903037,go:GO:1904994,go_parent
go:GO:1903038,go:GO:0050868,go_parent
go:GO:1903038,go:GO:1904995,go_parent
go:GO:1903039,go:GO:0050870,go_parent
go:GO:1903044,go:GO:0032596,go_parent
go:GO:1903044,go:GO:0044860,go_parent
go:GO:1903046,go:GO:0007131,go_parent
go:GO:1903046,go:GO:0061982,go_parent
go:GO:1903046,go:GO:0070192,go_parent
go:GO:1903046,go:GO:0140013,go_parent
go:GO:1903047,go:GO:0000070,go_parent
go:GO:1903047,go:GO:0000281,go_parent
go:GO:1903047,go:GO:0007076,go_parent
go:GO:1903047,go:GO:0007080,go_parent
go:GO:1903047,go:GO:0007093,go_parent
go:GO:1903047,go:GO:0034087,go_parent
go:GO:1903047,go:GO:0044772,go_parent
go:GO:1903047,go:GO:0051306,go_parent
go:GO:1903047,go:GO:0140014,go_parent
go:GO:1903047,go:GO:1902410,go_parent
go:GO:1903047,go:GO:1902850,go_parent
go:GO:1903076,go:GO:0042996,go_parent
go:GO:1903076,go:GO:1903077,go_parent
go:GO:1903076,go:GO:1903078,go_parent
go:GO:1903077,go:GO:0042997,go_parent
go:GO:1903078,target:STX4,annotates_target
go:GO:1903126,target:NEK2,annotates_target
go:GO:1903131,go:GO:0030098,go_parent
go:GO:1903131,go:GO:0097028,go_parent
go:GO:1903140,target:VCL,annotates_target
go:GO:1903146,go:GO:1901524,go_parent
go:GO:1903146,go:GO:1903599,go_parent
go:GO:1903146,target:HAX1,annotates_target
go:GO:1903169,go:GO:0010522,go_parent
go:GO:1903169,go:GO:0051279,go_parent
go:GO:1903169,go:GO:1903170,go_parent
go:GO:1903169,go:GO:1904427,go_parent
go:GO:1903169,go:GO:1905912,go_parent
go:GO:1903169,target:ATP1B1,annotates_target
go:GO:1903170,go:GO:0010523,go_parent
go:GO:1903170,go:GO:1901020,go_parent
go:GO:1903170,go:GO:1905913,go_parent
go:GO:1903236,go:GO:1903237,go_parent
go:GO:1903237,target:CXCL12,annotates_target
go:GO:1903241,target:HTATSF1,annotates_target
go:GO:1903276,go:GO:1903278,go_parent
go:GO:1903278,target:ATP1B1,annotates_target
go:GO:1903285,target:SNCA,annotates_target
go:GO:1903286,go:GO:1903288,go_parent
go:GO:1903288,target:ATP1B1,annotates_target
go:GO:1903294,go:GO:1903296,go_parent
go:GO:1903296,target:STXBP1,annotates_target
go:GO:1903297,go:GO:1903298,go_parent
go:GO:1903298,target:TMBIM6,annotates_target
go:GO:1903302,target:JMJD8,annotates_target
go:GO:1903305,go:GO:0017158,go_parent
go:GO:1903305,go:GO:0043300,go_parent
go:GO:1903305,go:GO:1903307,go_parent
go:GO:1903305,go:GO:2000300,go_parent
go:GO:1903305,target:STXBP1,annotates_target
go:GO:1903307,go:GO:0043302,go_parent
go:GO:1903311,go:GO:0050684,go_parent
go:GO:1903311,go:GO:0061013,go_parent
go:GO:1903311,go:GO:1903312,go_parent
go:GO:1903311,go:GO:1903313,go_parent
go:GO:1903312,go:GO:0050686,go_parent
go:GO:1903312,go:GO:1902373,go_parent
go:GO:1903313,go:GO:0050685,go_parent
go:GO:1903313,go:GO:0061014,go_parent
go:GO:1903317,go:GO:0070613,go_parent
go:GO:1903317,go:GO:1903319,go_parent
go:GO:1903319,go:GO:0010954,go_parent
go:GO:1903320,go:GO:0031396,go_parent
go:GO:1903320,go:GO:0033233,go_parent
go:GO:1903320,go:GO:1903321,go_parent
go:GO:1903320,go:GO:1903322,go_parent
go:GO:1903321,go:GO:0031397,go_parent
go:GO:1903321,go:GO:0033234,go_parent
go:GO:1903322,go:GO:0031398,go_parent
go:GO:1903322,go:GO:0033235,go_parent
go:GO:1903350,go:GO:1903351,go_parent
go:GO:1903351,go:GO:0160213,go_parent
go:GO:1903358,target:CAMSAP2,annotates_target
go:GO:1903365,go:GO:2000822,go_parent
go:GO:1903376,go:GO:1903377,go_parent
go:GO:1903377,target:ATF4,annotates_target
go:GO:1903377,target:CTNNB1,annotates_target
go:GO:1903379,go:GO:1905213,go_parent
go:GO:1903421,go:GO:1900242,go_parent
go:GO:1903421,go:GO:1903423,go_parent
go:GO:1903421,target:SNCA,annotates_target
go:GO:1903423,go:GO:1900244,go_parent
go:GO:1903426,go:GO:1903427,go_parent
go:GO:1903426,target:SNCA,annotates_target
go:GO:1903427,target:NDUFC2,annotates_target
go:GO:1903432,go:GO:1904262,go_parent
go:GO:1903432,go:GO:1904263,go_parent
go:GO:1903444,target:EP300,annotates_target
go:GO:1903509,go:GO:0006664,go_parent
go:GO:1903522,go:GO:0008016,go_parent
go:GO:1903522,go:GO:0019229,go_parent
go:GO:1903522,go:GO:1903524,go_parent
go:GO:1903524,go:GO:0045823,go_parent
go:GO:1903530,go:GO:0014048,go_parent
go:GO:1903530,go:GO:0017157,go_parent
go:GO:1903530,go:GO:0046883,go_parent
go:GO:1903530,go:GO:0046928,go_parent
go:GO:1903530,go:GO:0050433,go_parent
go:GO:1903530,go:GO:0050708,go_parent
go:GO:1903530,go:GO:1903531,go_parent
go:GO:1903530,go:GO:1903532,go_parent
go:GO:1903531,go:GO:0045920,go_parent
go:GO:1903531,go:GO:0050709,go_parent
go:GO:1903532,go:GO:0001956,go_parent
go:GO:1903532,go:GO:0014049,go_parent
go:GO:1903532,go:GO:0033605,go_parent
go:GO:1903532,go:GO:0045921,go_parent
go:GO:1903532,go:GO:0046887,go_parent
go:GO:1903532,go:GO:0050714,go_parent
go:GO:1903533,go:GO:0090313,go_parent
go:GO:1903541,go:GO:1903543,go_parent
go:GO:1903543,target:SDC1,annotates_target
go:GO:1903551,go:GO:1903553,go_parent
go:GO:1903553,target:SDC1,annotates_target
go:GO:1903555,go:GO:0032680,go_parent
go:GO:1903555,go:GO:1903557,go_parent
go:GO:1903557,go:GO:0032760,go_parent
go:GO:1903564,go:GO:1903566,go_parent
go:GO:1903566,target:GSK3B,annotates_target
go:GO:1903573,go:GO:1900102,go_parent
go:GO:1903573,go:GO:1902236,go_parent
go:GO:1903573,target:WFS1,annotates_target
go:GO:1903575,target:HDAC3,annotates_target
go:GO:1903575,target:STX4,annotates_target
go:GO:1903578,go:GO:0006110,go_parent
go:GO:1903578,go:GO:1903580,go_parent
go:GO:1903578,go:GO:2001169,go_parent
go:GO:1903580,go:GO:0045821,go_parent
go:GO:1903580,go:GO:2001171,go_parent
go:GO:1903599,go:GO:1901526,go_parent
go:GO:1903608,target:DHX9,annotates_target
go:GO:1903624,go:GO:1902510,go_parent
go:GO:1903624,go:GO:1903626,go_parent
go:GO:1903626,go:GO:1902512,go_parent
go:GO:1903670,go:GO:1903672,go_parent
go:GO:1903672,target:JMJD8,annotates_target
go:GO:1903674,go:GO:1903676,go_parent
go:GO:1903676,target:AKT2,annotates_target
go:GO:1903677,go:GO:1903679,go_parent
go:GO:1903679,target:METTL3,annotates_target
go:GO:1903706,go:GO:0045637,go_parent
go:GO:1903706,go:GO:1902105,go_parent
go:GO:1903706,go:GO:1903708,go_parent
go:GO:1903706,target:BRPF1,annotates_target
go:GO:1903706,target:HMGB2,annotates_target
go:GO:1903708,go:GO:1902107,go_parent
go:GO:1903715,go:GO:0002082,go_parent
go:GO:1903715,go:GO:1902956,go_parent
go:GO:1903715,target:IDE,annotates_target
go:GO:1903729,go:GO:1905780,go_parent
go:GO:1903747,target:HAX1,annotates_target
go:GO:1903798,target:TARBP2,annotates_target
go:GO:1903828,go:GO:0051224,go_parent
go:GO:1903828,go:GO:1900181,go_parent
go:GO:1903828,go:GO:1904376,go_parent
go:GO:1903828,go:GO:1904780,go_parent
go:GO:1903828,go:GO:1905476,go_parent
go:GO:1903829,go:GO:0051222,go_parent
go:GO:1903829,go:GO:1900182,go_parent
go:GO:1903829,go:GO:1903566,go_parent
go:GO:1903829,go:GO:1904377,go_parent
go:GO:1903829,go:GO:1904781,go_parent
go:GO:1903829,go:GO:1905477,go_parent
go:GO:1903829,go:GO:2000010,go_parent
go:GO:1903830,target:TUSC3,annotates_target
go:GO:1903842,go:GO:1903843,go_parent
go:GO:1903843,target:DHX36,annotates_target
go:GO:1903844,go:GO:0017015,go_parent
go:GO:1903844,go:GO:1903846,go_parent
go:GO:1903846,go:GO:0030511,go_parent
go:GO:1903867,go:GO:0060717,go_parent
go:GO:1903891,go:GO:1903892,go_parent
go:GO:1903892,target:WFS1,annotates_target
go:GO:1903894,go:GO:1903895,go_parent
go:GO:1903894,go:GO:1903896,go_parent
go:GO:1903895,target:TMBIM6,annotates_target
go:GO:1903896,target:PTPN1,annotates_target
go:GO:1903897,go:GO:1903898,go_parent
go:GO:1903898,target:AKT2,annotates_target
go:GO:1903898,target:NCK2,annotates_target
go:GO:1903898,target:PTPN1,annotates_target
go:GO:1903900,go:GO:0045069,go_parent
go:GO:1903935,go:GO:1903936,go_parent
go:GO:1903936,target:DAXX,annotates_target
go:GO:1903939,go:GO:1903940,go_parent
go:GO:1903939,go:GO:1904515,go_parent
go:GO:1903940,target:GSK3B,annotates_target
go:GO:1904018,go:GO:0045766,go_parent
go:GO:1904018,target:CXCL12,annotates_target
go:GO:1904035,go:GO:1904036,go_parent
go:GO:1904035,go:GO:2000674,go_parent
go:GO:1904036,go:GO:2000675,go_parent
go:GO:1904062,go:GO:1901379,go_parent
go:GO:1904062,go:GO:1902305,go_parent
go:GO:1904062,go:GO:1903169,go_parent
go:GO:1904062,go:GO:1904063,go_parent
go:GO:1904062,go:GO:1904064,go_parent
go:GO:1904063,go:GO:1903170,go_parent
go:GO:1904064,go:GO:1901381,go_parent
go:GO:1904064,go:GO:1902307,go_parent
go:GO:1904064,go:GO:1904427,go_parent
go:GO:1904098,go:GO:0010908,go_parent
go:GO:1904098,go:GO:1904100,go_parent
go:GO:1904100,go:GO:0010909,go_parent
go:GO:1904157,target:NFATC3,annotates_target
go:GO:1904180,go:GO:0051902,go_parent
go:GO:1904181,go:GO:0051901,go_parent
go:GO:1904200,target:SLC5A6,annotates_target
go:GO:1904262,target:ATM,annotates_target
go:GO:1904263,target:ATP6V0C,annotates_target
go:GO:1904263,target:EP300,annotates_target
go:GO:1904263,target:MAT2A,annotates_target
go:GO:1904263,target:SRC,annotates_target
go:GO:1904263,target:WAC,annotates_target
go:GO:1904292,go:GO:1904294,go_parent
go:GO:1904294,target:STUB1,annotates_target
go:GO:1904307,target:SNCA,annotates_target
go:GO:1904338,go:GO:1904339,go_parent
go:GO:1904339,target:GSK3B,annotates_target
go:GO:1904353,go:GO:1904354,go_parent
go:GO:1904354,target:ATM,annotates_target
go:GO:1904356,go:GO:0032210,go_parent
go:GO:1904356,go:GO:1904358,go_parent
go:GO:1904358,go:GO:0032212,go_parent
go:GO:1904358,target:ATM,annotates_target
go:GO:1904358,target:DHX36,annotates_target
go:GO:1904375,go:GO:1903076,go_parent
go:GO:1904375,go:GO:1904376,go_parent
go:GO:1904375,go:GO:1904377,go_parent
go:GO:1904375,go:GO:1904776,go_parent
go:GO:1904376,go:GO:1903077,go_parent
go:GO:1904377,go:GO:1903078,go_parent
go:GO:1904377,go:GO:1904778,go_parent
go:GO:1904377,target:PIAS1,annotates_target
go:GO:1904377,target:SNCA,annotates_target
go:GO:1904385,go:GO:0038166,go_parent
go:GO:1904385,target:MAP3K7,annotates_target
go:GO:1904385,target:PTPN1,annotates_target
go:GO:1904427,go:GO:0051281,go_parent
go:GO:1904515,target:EP300,annotates_target
go:GO:1904580,go:GO:1904582,go_parent
go:GO:1904582,target:DHX36,annotates_target
go:GO:1904640,go:GO:0061431,go_parent
go:GO:1904645,go:GO:1904646,go_parent
go:GO:1904646,target:GSK3B,annotates_target
go:GO:1904646,target:IGF1R,annotates_target
go:GO:1904688,go:GO:1903674,go_parent
go:GO:1904688,go:GO:1903677,go_parent
go:GO:1904688,go:GO:1904690,go_parent
go:GO:1904690,go:GO:1903676,go_parent
go:GO:1904690,go:GO:1903679,go_parent
go:GO:1904694,target:STUB1,annotates_target
go:GO:1904702,target:VCL,annotates_target
go:GO:1904705,go:GO:1904707,go_parent
go:GO:1904707,target:DNMT1,annotates_target
go:GO:1904707,target:MAP3K7,annotates_target
go:GO:1904714,go:GO:1904715,go_parent
go:GO:1904715,target:SNCA,annotates_target
go:GO:1904752,go:GO:1904753,go_parent
go:GO:1904752,go:GO:1904754,go_parent
go:GO:1904753,target:PTPN1,annotates_target
go:GO:1904754,target:MAP3K7,annotates_target
go:GO:1904760,go:GO:1904761,go_parent
go:GO:1904761,target:TSKU,annotates_target
go:GO:1904772,target:IGF2R,annotates_target
go:GO:1904776,go:GO:1904778,go_parent
go:GO:1904778,target:EPB41L2,annotates_target
go:GO:1904779,go:GO:1904780,go_parent
go:GO:1904779,go:GO:1904781,go_parent
go:GO:1904780,target:GSK3B,annotates_target
go:GO:1904781,target:GSK3B,annotates_target
go:GO:1904880,go:GO:1904881,go_parent
go:GO:1904881,target:KDR,annotates_target
go:GO:1904882,go:GO:1904884,go_parent
go:GO:1904884,target:ATM,annotates_target
go:GO:1904888,go:GO:0048701,go_parent
go:GO:1904888,target:CTNNB1,annotates_target
go:GO:1904892,go:GO:0046425,go_parent
go:GO:1904892,go:GO:1904893,go_parent
go:GO:1904892,go:GO:1904894,go_parent
go:GO:1904893,go:GO:0046426,go_parent
go:GO:1904894,go:GO:0046427,go_parent
go:GO:1904948,target:CTNNB1,annotates_target
go:GO:1904950,go:GO:0051224,go_parent
go:GO:1904951,go:GO:0051222,go_parent
go:GO:1904951,go:GO:0090314,go_parent
go:GO:1904951,target:GSK3B,annotates_target
go:GO:1904975,target:BIRC2,annotates_target
go:GO:1904994,go:GO:1903236,go_parent
go:GO:1904994,go:GO:1904995,go_parent
go:GO:1904995,go:GO:1903237,go_parent
go:GO:1905005,go:GO:1905007,go_parent
go:GO:1905007,target:TGFBR2,annotates_target
go:GO:1905037,go:GO:0000045,go_parent
go:GO:1905039,go:GO:0015887,go_parent
go:GO:1905039,go:GO:1901475,go_parent
go:GO:1905039,go:GO:1905135,go_parent
go:GO:1905063,go:GO:1905064,go_parent
go:GO:1905064,target:DNMT1,annotates_target
go:GO:1905064,target:NFATC3,annotates_target
go:GO:1905135,target:SLC5A6,annotates_target
go:GO:1905168,target:ATM,annotates_target
go:GO:1905207,go:GO:0051890,go_parent
go:GO:1905207,go:GO:1905209,go_parent
go:GO:1905207,go:GO:2000725,go_parent
go:GO:1905209,go:GO:0051891,go_parent
go:GO:1905209,go:GO:2000727,go_parent
go:GO:1905213,target:SMARCA5,annotates_target
go:GO:1905244,go:GO:0099159,go_parent
go:GO:1905268,go:GO:0160217,go_parent
go:GO:1905274,target:CYFIP1,annotates_target
go:GO:1905276,go:GO:0072106,go_parent
go:GO:1905276,go:GO:1905278,go_parent
go:GO:1905278,go:GO:0072107,go_parent
go:GO:1905314,go:GO:0003176,go_parent
go:GO:1905314,go:GO:0003177,go_parent
go:GO:1905317,target:TGFBR2,annotates_target
go:GO:1905330,go:GO:0090189,go_parent
go:GO:1905330,go:GO:1905276,go_parent
go:GO:1905330,go:GO:1905332,go_parent
go:GO:1905330,go:GO:1905553,go_parent
go:GO:1905332,go:GO:0090190,go_parent
go:GO:1905332,go:GO:1905278,go_parent
go:GO:1905332,go:GO:1905555,go_parent
go:GO:1905446,go:GO:1905447,go_parent
go:GO:1905447,go:GO:1902957,go_parent
go:GO:1905453,go:GO:1905454,go_parent
go:GO:1905454,target:DPF2,annotates_target
go:GO:1905459,go:GO:1905460,go_parent
go:GO:1905460,target:DNMT1,annotates_target
go:GO:1905475,go:GO:1903076,go_parent
go:GO:1905475,go:GO:1905476,go_parent
go:GO:1905475,go:GO:1905477,go_parent
go:GO:1905476,go:GO:1903077,go_parent
go:GO:1905477,go:GO:1903078,go_parent
go:GO:1905553,go:GO:1905555,go_parent
go:GO:1905555,target:CTNNB1,annotates_target
go:GO:1905562,go:GO:1905564,go_parent
go:GO:1905564,target:FGFR1,annotates_target
go:GO:1905606,target:SNCA,annotates_target
go:GO:1905637,go:GO:1905638,go_parent
go:GO:1905638,target:LRPPRC,annotates_target
go:GO:1905638,target:SLIRP,annotates_target
go:GO:1905651,go:GO:1905653,go_parent
go:GO:1905653,target:NFATC3,annotates_target
go:GO:1905671,go:GO:1905672,go_parent
go:GO:1905672,target:BECN1,annotates_target
go:GO:1905710,go:GO:0035794,go_parent
go:GO:1905780,go:GO:1905782,go_parent
go:GO:1905782,target:XRCC4,annotates_target
go:GO:1905809,go:GO:1901627,go_parent
go:GO:1905818,go:GO:0010965,go_parent
go:GO:1905818,go:GO:1905819,go_parent
go:GO:1905819,go:GO:2000816,go_parent
go:GO:1905890,target:APOE,annotates_target
go:GO:1905897,go:GO:1900101,go_parent
go:GO:1905897,go:GO:1902235,go_parent
go:GO:1905897,go:GO:1903573,go_parent
go:GO:1905897,go:GO:1904292,go_parent
go:GO:1905897,go:GO:1905898,go_parent
go:GO:1905898,go:GO:1900103,go_parent
go:GO:1905898,go:GO:1902237,go_parent
go:GO:1905898,go:GO:1904294,go_parent
go:GO:1905906,go:GO:1905907,go_parent
go:GO:1905906,go:GO:1905908,go_parent
go:GO:1905906,target:APOE,annotates_target
go:GO:1905907,target:APOE,annotates_target
go:GO:1905908,target:APOE,annotates_target
go:GO:1905912,go:GO:1905913,go_parent
go:GO:1905913,target:CALM3,annotates_target
go:GO:1905952,go:GO:0032368,go_parent
go:GO:1905952,go:GO:1905953,go_parent
go:GO:1905952,go:GO:1905954,go_parent
go:GO:1905953,go:GO:0010888,go_parent
go:GO:1905953,go:GO:0032369,go_parent
go:GO:1905954,go:GO:0032370,go_parent
go:GO:1990000,target:SNCA,annotates_target
go:GO:1990049,target:KIF1B,annotates_target
go:GO:1990089,go:GO:1990090,go_parent
go:GO:1990090,target:CSNK1E,annotates_target
go:GO:1990090,target:KAT2A,annotates_target
go:GO:1990090,target:PTPN1,annotates_target
go:GO:1990116,target:ZNF598,annotates_target
go:GO:1990138,go:GO:0048675,go_parent
go:GO:1990138,go:GO:0097484,go_parent
go:GO:1990138,target:CTNNB1,annotates_target
go:GO:1990138,target:TSC22D4,annotates_target
go:GO:1990166,target:HTATSF1,annotates_target
go:GO:1990166,target:XRCC4,annotates_target
go:GO:1990180,target:ELAC2,annotates_target
go:GO:1990253,target:ATF4,annotates_target
go:GO:1990261,target:ZNF598,annotates_target
go:GO:1990403,target:CTNNB1,annotates_target
go:GO:1990418,target:CASP3,annotates_target
go:GO:1990428,target:TGFBR2,annotates_target
go:GO:1990478,target:CXCL12,annotates_target
go:GO:1990504,go:GO:0099011,go_parent
go:GO:1990542,go:GO:0170036,go_parent
go:GO:1990547,target:SLC25A3,annotates_target
go:GO:1990573,target:ATP1B1,annotates_target
go:GO:1990683,target:XRCC4,annotates_target
go:GO:1990700,go:GO:0000183,go_parent
go:GO:1990709,target:CAST,annotates_target
go:GO:1990737,target:ATF4,annotates_target
go:GO:1990748,go:GO:0098869,go_parent
go:GO:1990748,target:GSTZ1,annotates_target
go:GO:1990776,go:GO:1904385,go_parent
go:GO:1990776,target:MAP3K7,annotates_target
go:GO:1990776,target:PTPN1,annotates_target
go:GO:1990778,go:GO:0044860,go_parent
go:GO:1990778,go:GO:0072659,go_parent
go:GO:1990791,target:CTNNB1,annotates_target
go:GO:1990840,go:GO:1990858,go_parent
go:GO:1990858,go:GO:0002223,go_parent
go:GO:1990868,go:GO:1990869,go_parent
go:GO:1990869,go:GO:0070098,go_parent
go:GO:1990869,target:CXCL12,annotates_target
go:GO:1990928,go:GO:0034198,go_parent
go:GO:2000008,go:GO:2000010,go_parent
go:GO:2000008,target:CTNNB1,annotates_target
go:GO:2000008,target:TOR1A,annotates_target
go:GO:2000010,target:STX4,annotates_target
go:GO:2000026,go:GO:0030856,go_parent
go:GO:2000026,go:GO:0045995,go_parent
go:GO:2000026,go:GO:0051960,go_parent
go:GO:2000026,go:GO:0060420,go_parent
go:GO:2000026,go:GO:0061035,go_parent
go:GO:2000026,go:GO:1901342,go_parent
go:GO:2000026,go:GO:1903010,go_parent
go:GO:2000026,go:GO:1903706,go_parent
go:GO:2000026,go:GO:1905276,go_parent
go:GO:2000027,go:GO:0072106,go_parent
go:GO:2000027,go:GO:0090189,go_parent
go:GO:2000027,go:GO:0110110,go_parent
go:GO:2000036,go:GO:1902455,go_parent
go:GO:2000036,go:GO:1902459,go_parent
go:GO:2000036,target:KAT2A,annotates_target
go:GO:2000042,target:C1QBP,annotates_target
go:GO:2000045,go:GO:1900087,go_parent
go:GO:2000045,go:GO:2000134,go_parent
go:GO:2000045,target:ARID1A,annotates_target
go:GO:2000045,target:DPF2,annotates_target
go:GO:2000045,target:PHF10,annotates_target
go:GO:2000045,target:PSME1,annotates_target
go:GO:2000045,target:SMARCA4,annotates_target
go:GO:2000045,target:SMARCB1,annotates_target
go:GO:2000045,target:SMARCE1,annotates_target
go:GO:2000045,target:TCF3,annotates_target
go:GO:2000050,go:GO:2000052,go_parent
go:GO:2000052,target:CSNK1E,annotates_target
go:GO:2000058,go:GO:0032434,go_parent
go:GO:2000058,go:GO:2000059,go_parent
go:GO:2000058,go:GO:2000060,go_parent
go:GO:2000059,go:GO:0032435,go_parent
go:GO:2000060,go:GO:0032436,go_parent
go:GO:2000060,target:IKBKG,annotates_target
go:GO:2000074,go:GO:2000077,go_parent
go:GO:2000077,target:GSK3B,annotates_target
go:GO:2000105,go:GO:0090297,go_parent
go:GO:2000106,go:GO:2000107,go_parent
go:GO:2000106,go:GO:2000668,go_parent
go:GO:2000107,go:GO:2000669,go_parent
go:GO:2000134,go:GO:0044819,go_parent
go:GO:2000136,go:GO:2000138,go_parent
go:GO:2000138,target:RBPJ,annotates_target
go:GO:2000142,go:GO:0060260,go_parent
go:GO:2000142,go:GO:2000143,go_parent
go:GO:2000142,go:GO:2000144,go_parent
go:GO:2000143,go:GO:0060633,go_parent
go:GO:2000144,go:GO:0060261,go_parent
go:GO:2000145,go:GO:0030334,go_parent
go:GO:2000145,go:GO:1902019,go_parent
go:GO:2000145,go:GO:2000146,go_parent
go:GO:2000145,go:GO:2000147,go_parent
go:GO:2000146,go:GO:0030336,go_parent
go:GO:2000147,go:GO:0030335,go_parent
go:GO:2000147,go:GO:2000155,go_parent
go:GO:2000147,target:AKT2,annotates_target
go:GO:2000155,go:GO:1902093,go_parent
go:GO:2000177,go:GO:1902692,go_parent
go:GO:2000177,go:GO:2000178,go_parent
go:GO:2000177,go:GO:2000179,go_parent
go:GO:2000178,target:KDM2B,annotates_target
go:GO:2000179,go:GO:0002052,go_parent
go:GO:2000179,target:CTNNB1,annotates_target
go:GO:2000179,target:KDM1A,annotates_target
go:GO:2000181,go:GO:0016525,go_parent
go:GO:2000191,go:GO:0140212,go_parent
go:GO:2000191,go:GO:2000192,go_parent
go:GO:2000192,go:GO:0140213,go_parent
go:GO:2000209,go:GO:2000811,go_parent
go:GO:2000241,go:GO:0051445,go_parent
go:GO:2000241,go:GO:1901317,go_parent
go:GO:2000241,go:GO:1901993,go_parent
go:GO:2000241,go:GO:2000243,go_parent
go:GO:2000243,go:GO:0051446,go_parent
go:GO:2000243,go:GO:1901165,go_parent
go:GO:2000243,go:GO:1902093,go_parent
go:GO:2000278,go:GO:0032210,go_parent
go:GO:2000278,go:GO:2000573,go_parent
go:GO:2000295,go:GO:1903285,go_parent
go:GO:2000300,target:CALM3,annotates_target
go:GO:2000316,go:GO:2000318,go_parent
go:GO:2000316,go:GO:2000319,go_parent
go:GO:2000318,go:GO:2000321,go_parent
go:GO:2000319,go:GO:2000321,go_parent
go:GO:2000319,go:GO:2000328,go_parent
go:GO:2000321,go:GO:2000330,go_parent
go:GO:2000328,go:GO:2000330,go_parent
go:GO:2000330,target:EP300,annotates_target
go:GO:2000351,go:GO:2000352,go_parent
go:GO:2000351,go:GO:2000353,go_parent
go:GO:2000352,target:KDR,annotates_target
go:GO:2000353,target:PTPN1,annotates_target
go:GO:2000367,target:STXBP1,annotates_target
go:GO:2000377,go:GO:0010310,go_parent
go:GO:2000377,go:GO:1903426,go_parent
go:GO:2000377,go:GO:2000378,go_parent
go:GO:2000377,go:GO:2000379,go_parent
go:GO:2000378,go:GO:1903427,go_parent
go:GO:2000378,target:MAP3K7,annotates_target
go:GO:2000379,go:GO:1903285,go_parent
go:GO:2000379,target:TGFBR2,annotates_target
go:GO:2000392,go:GO:2000394,go_parent
go:GO:2000394,target:SRC,annotates_target
go:GO:2000401,go:GO:2000403,go_parent
go:GO:2000401,go:GO:2000404,go_parent
go:GO:2000403,go:GO:2000406,go_parent
go:GO:2000404,go:GO:2000406,go_parent
go:GO:2000406,target:CXCL12,annotates_target
go:GO:2000465,go:GO:2000466,go_parent
go:GO:2000466,target:GSK3B,annotates_target
go:GO:2000508,go:GO:2000510,go_parent
go:GO:2000510,target:C1QBP,annotates_target
go:GO:2000514,go:GO:0043370,go_parent
go:GO:2000514,go:GO:2000516,go_parent
go:GO:2000514,go:GO:2000561,go_parent
go:GO:2000516,go:GO:0043372,go_parent
go:GO:2000516,go:GO:2000563,go_parent
go:GO:2000535,go:GO:2000536,go_parent
go:GO:2000536,target:ITGAV,annotates_target
go:GO:2000561,go:GO:2000563,go_parent
go:GO:2000563,target:TGFBR2,annotates_target
go:GO:2000573,go:GO:0032212,go_parent
go:GO:2000583,go:GO:2000584,go_parent
go:GO:2000584,target:PHF14,annotates_target
go:GO:2000601,target:CYFIP1,annotates_target
go:GO:2000601,target:NCKAP1,annotates_target
go:GO:2000628,go:GO:1902893,go_parent
go:GO:2000628,go:GO:2000629,go_parent
go:GO:2000628,go:GO:2000630,go_parent
go:GO:2000629,go:GO:1902894,go_parent
go:GO:2000630,go:GO:1902895,go_parent
go:GO:2000638,go:GO:2000639,go_parent
go:GO:2000639,go:GO:0036316,go_parent
go:GO:2000641,target:CHMP3,annotates_target
go:GO:2000641,target:SRC,annotates_target
go:GO:2000644,go:GO:0032803,go_parent
go:GO:2000644,go:GO:2000646,go_parent
go:GO:2000646,go:GO:0032805,go_parent
go:GO:2000646,target:PTPN1,annotates_target
go:GO:2000648,target:KDM1A,annotates_target
go:GO:2000668,go:GO:2000669,go_parent
go:GO:2000669,target:CXCL12,annotates_target
go:GO:2000674,go:GO:2000675,go_parent
go:GO:2000675,target:CAST,annotates_target
go:GO:2000675,target:TCF7L2,annotates_target
go:GO:2000675,target:WFS1,annotates_target
go:GO:2000677,go:GO:1903025,go_parent
go:GO:2000677,go:GO:2000678,go_parent
go:GO:2000677,target:DOT1L,annotates_target
go:GO:2000678,go:GO:1903026,go_parent
go:GO:2000696,go:GO:0003339,go_parent
go:GO:2000696,go:GO:0072182,go_parent
go:GO:2000696,go:GO:2000697,go_parent
go:GO:2000697,go:GO:0003340,go_parent
go:GO:2000697,go:GO:0072183,go_parent
go:GO:2000725,go:GO:2000727,go_parent
go:GO:2000727,target:GSK3B,annotates_target
go:GO:2000727,target:KAT2A,annotates_target
go:GO:2000736,go:GO:0051890,go_parent
go:GO:2000736,go:GO:1902036,go_parent
go:GO:2000736,go:GO:2000737,go_parent
go:GO:2000736,go:GO:2000738,go_parent
go:GO:2000736,go:GO:2000739,go_parent
go:GO:2000736,target:MTA1,annotates_target
go:GO:2000736,target:TGFBR2,annotates_target
go:GO:2000737,go:GO:1902037,go_parent
go:GO:2000737,go:GO:2000740,go_parent
go:GO:2000738,go:GO:0051891,go_parent
go:GO:2000739,go:GO:2000740,go_parent
go:GO:2000740,target:GSK3B,annotates_target
go:GO:2000765,go:GO:1904688,go_parent
go:GO:2000765,go:GO:2000767,go_parent
go:GO:2000765,target:DHX9,annotates_target
go:GO:2000767,target:DHX36,annotates_target
go:GO:2000767,target:DHX9,annotates_target
go:GO:2000779,go:GO:0010569,go_parent
go:GO:2000779,go:GO:2000780,go_parent
go:GO:2000779,go:GO:2000781,go_parent
go:GO:2000780,go:GO:2000042,go_parent
go:GO:2000781,go:GO:1905168,go_parent
go:GO:2000781,target:ARID1A,annotates_target
go:GO:2000781,target:ATM,annotates_target
go:GO:2000781,target:DPF2,annotates_target
go:GO:2000781,target:PHF10,annotates_target
go:GO:2000781,target:SMARCA4,annotates_target
go:GO:2000781,target:SMARCB1,annotates_target
go:GO:2000781,target:SMARCE1,annotates_target
go:GO:2000785,go:GO:2000786,go_parent
go:GO:2000785,target:ATM,annotates_target
go:GO:2000786,target:ATM,annotates_target
go:GO:2000786,target:BECN1,annotates_target
go:GO:2000791,target:PHF14,annotates_target
go:GO:2000811,target:SRC,annotates_target
go:GO:2000816,go:GO:0045841,go_parent
go:GO:2000819,target:ARID1A,annotates_target
go:GO:2000819,target:DPF2,annotates_target
go:GO:2000819,target:EP300,annotates_target
go:GO:2000819,target:PHF10,annotates_target
go:GO:2000819,target:SMARCA4,annotates_target
go:GO:2000819,target:SMARCB1,annotates_target
go:GO:2000819,target:SMARCE1,annotates_target
go:GO:2000822,target:APOE,annotates_target
go:GO:2000827,go:GO:0035945,go_parent
go:GO:2000827,go:GO:0035946,go_parent
go:GO:2000827,target:SUPV3L1,annotates_target
go:GO:2001014,go:GO:2001015,go_parent
go:GO:2001015,go:GO:1902725,go_parent
go:GO:2001026,go:GO:2001028,go_parent
go:GO:2001028,target:FGFR1,annotates_target
go:GO:2001028,target:KDR,annotates_target
go:GO:2001028,target:TMSB4X,annotates_target
go:GO:2001138,go:GO:0061091,go_parent
go:GO:2001138,go:GO:1902994,go_parent
go:GO:2001138,go:GO:2001139,go_parent
go:GO:2001138,go:GO:2001140,go_parent
go:GO:2001139,go:GO:1902999,go_parent
go:GO:2001140,go:GO:0061092,go_parent
go:GO:2001140,go:GO:1902995,go_parent
go:GO:2001141,go:GO:0006355,go_parent
go:GO:2001141,go:GO:1902679,go_parent
go:GO:2001141,go:GO:1902680,go_parent
go:GO:2001141,target:MED1,annotates_target
go:GO:2001169,go:GO:2001171,go_parent
go:GO:2001171,target:NDUFC2,annotates_target
go:GO:2001171,target:TMSB4X,annotates_target
go:GO:2001176,go:GO:2001178,go_parent
go:GO:2001178,target:MED25,annotates_target
go:GO:2001212,go:GO:2001214,go_parent
go:GO:2001214,target:KDR,annotates_target
go:GO:2001233,go:GO:2001234,go_parent
go:GO:2001233,go:GO:2001235,go_parent
go:GO:2001233,go:GO:2001236,go_parent
go:GO:2001233,go:GO:2001242,go_parent
go:GO:2001234,go:GO:2001237,go_parent
go:GO:2001234,go:GO:2001243,go_parent
go:GO:2001234,target:TMBIM6,annotates_target
go:GO:2001235,go:GO:2001238,go_parent
go:GO:2001235,go:GO:2001244,go_parent
go:GO:2001236,go:GO:1902041,go_parent
go:GO:2001236,go:GO:2001237,go_parent
go:GO:2001236,go:GO:2001238,go_parent
go:GO:2001237,go:GO:1902042,go_parent
go:GO:2001237,target:ITGAV,annotates_target
go:GO:2001237,target:SRC,annotates_target
go:GO:2001237,target:TCF7L2,annotates_target
go:GO:2001238,target:LTBR,annotates_target
go:GO:2001238,target:TNFRSF12A,annotates_target
go:GO:2001242,go:GO:1902175,go_parent
go:GO:2001242,go:GO:1902229,go_parent
go:GO:2001242,go:GO:1902235,go_parent
go:GO:2001242,go:GO:1902253,go_parent
go:GO:2001242,go:GO:1903297,go_parent
go:GO:2001242,go:GO:2001243,go_parent
go:GO:2001242,go:GO:2001244,go_parent
go:GO:2001243,go:GO:1902176,go_parent
go:GO:2001243,go:GO:1902230,go_parent
go:GO:2001243,go:GO:1902236,go_parent
go:GO:2001243,go:GO:1902254,go_parent
go:GO:2001243,go:GO:1903298,go_parent
go:GO:2001243,target:SRC,annotates_target
go:GO:2001244,go:GO:1902237,go_parent
go:GO:2001244,target:BECN1,annotates_target
go:GO:2001251,go:GO:0032205,go_parent
go:GO:2001251,go:GO:0033046,go_parent
go:GO:2001251,go:GO:1902340,go_parent
go:GO:2001252,go:GO:0032206,go_parent
go:GO:2001286,target:SRC,annotates_target
go:GO:2001293,go:GO:2001295,go_parent
go:GO:2001295,target:ACLY,annotates_target
root,go:GO:0008150,ontology_root
