node_id,node_type,label
go:GO:0000018,biological_process,regulation of DNA recombination
go:GO:0000028,biological_process,ribosomal small subunit assembly
go:GO:0000041,biological_process,transition metal ion transport
go:GO:0000045,biological_process,autophagosome assembly
go:GO:0000070,biological_process,mitotic sister chromatid segregation
go:GO:0000075,biological_process,cell cycle checkpoint signaling
go:GO:0000077,biological_process,DNA damage checkpoint signaling
go:GO:0000082,biological_process,G1/S transition of mitotic cell cycle
go:GO:0000086,biological_process,G2/M transition of mitotic cell cycle
go:GO:0000122,biological_process,negative regulation of transcription by RNA polymerase II
go:GO:0000132,biological_process,establishment of mitotic spindle orientation
go:GO:0000165,biological_process,MAPK cascade
go:GO:0000183,biological_process,rDNA heterochromatin formation
go:GO:0000209,biological_process,protein polyubiquitination
go:GO:0000226,biological_process,microtubule cytoskeleton organization
go:GO:0000245,biological_process,spliceosomal complex assembly
go:GO:0000266,biological_process,mitochondrial fission
go:GO:0000271,biological_process,polysaccharide biosynthetic process
go:GO:0000278,biological_process,mitotic cell cycle
go:GO:0000280,biological_process,nuclear division
go:GO:0000281,biological_process,mitotic cytokinesis
go:GO:0000302,biological_process,response to reactive oxygen species
go:GO:0000338,biological_process,protein deneddylation
go:GO:0000375,biological_process,"RNA splicing, via transesterification reactions"
go:GO:0000377,biological_process,"RNA splicing, via transesterification reactions with bulged adenosine as nucleophile"
go:GO:0000380,biological_process,"alternative mRNA splicing, via spliceosome"
go:GO:0000387,biological_process,spliceosomal snRNP assembly
go:GO:0000398,biological_process,"mRNA splicing, via spliceosome"
go:GO:0000422,biological_process,autophagy of mitochondrion
go:GO:0000423,biological_process,mitophagy
go:GO:0000425,biological_process,pexophagy
go:GO:0000723,biological_process,telomere maintenance
go:GO:0000724,biological_process,double-strand break repair via homologous recombination
go:GO:0000725,biological_process,recombinational repair
go:GO:0000729,biological_process,DNA double-strand break processing
go:GO:0000731,biological_process,DNA synthesis involved in DNA repair
go:GO:0000819,biological_process,sister chromatid segregation
go:GO:0000902,biological_process,cell morphogenesis
go:GO:0000910,biological_process,cytokinesis
go:GO:0000956,biological_process,nuclear-transcribed mRNA catabolic process
go:GO:0000957,biological_process,mitochondrial RNA catabolic process
go:GO:0000958,biological_process,mitochondrial mRNA catabolic process
go:GO:0000959,biological_process,mitochondrial RNA metabolic process
go:GO:0000960,biological_process,regulation of mitochondrial RNA catabolic process
go:GO:0000961,biological_process,negative regulation of mitochondrial RNA catabolic process
go:GO:0000962,biological_process,positive regulation of mitochondrial RNA catabolic process
go:GO:0000963,biological_process,mitochondrial RNA processing
go:GO:0000965,biological_process,mitochondrial RNA 3'-end processing
go:GO:0001101,biological_process,response to acid chemical
go:GO:0001188,biological_process,RNA polymerase I preinitiation complex assembly
go:GO:0001501,biological_process,skeletal system development
go:GO:0001503,biological_process,ossification
go:GO:0001504,biological_process,neurotransmitter uptake
go:GO:0001508,biological_process,action potential
go:GO:0001510,biological_process,RNA methylation
go:GO:0001523,biological_process,retinoid metabolic process
go:GO:0001525,biological_process,angiogenesis
go:GO:0001554,biological_process,luteolysis
go:GO:0001558,biological_process,regulation of cell growth
go:GO:0001568,biological_process,blood vessel development
go:GO:0001569,biological_process,branching involved in blood vessel morphogenesis
go:GO:0001570,biological_process,vasculogenesis
go:GO:0001578,biological_process,microtubule bundle formation
go:GO:0001649,biological_process,osteoblast differentiation
go:GO:0001654,biological_process,eye development
go:GO:0001656,biological_process,metanephros development
go:GO:0001666,biological_process,response to hypoxia
go:GO:0001676,biological_process,long-chain fatty acid metabolic process
go:GO:0001678,biological_process,intracellular glucose homeostasis
go:GO:0001701,biological_process,in utero embryonic development
go:GO:0001702,biological_process,gastrulation with mouth forming second
go:GO:0001704,biological_process,formation of primary germ layer
go:GO:0001706,biological_process,endoderm formation
go:GO:0001708,biological_process,cell fate specification
go:GO:0001711,biological_process,endodermal cell fate commitment
go:GO:0001714,biological_process,endodermal cell fate specification
go:GO:0001732,biological_process,formation of cytoplasmic translation initiation complex
go:GO:0001754,biological_process,eye photoreceptor cell differentiation
go:GO:0001763,biological_process,morphogenesis of a branching structure
go:GO:0001764,biological_process,neuron migration
go:GO:0001773,biological_process,myeloid dendritic cell activation
go:GO:0001774,biological_process,microglial cell activation
go:GO:0001775,biological_process,cell activation
go:GO:0001776,biological_process,leukocyte homeostasis
go:GO:0001778,biological_process,plasma membrane repair
go:GO:0001779,biological_process,natural killer cell differentiation
go:GO:0001782,biological_process,B cell homeostasis
go:GO:0001816,biological_process,cytokine production
go:GO:0001817,biological_process,regulation of cytokine production
go:GO:0001818,biological_process,negative regulation of cytokine production
go:GO:0001819,biological_process,positive regulation of cytokine production
go:GO:0001822,biological_process,kidney development
go:GO:0001824,biological_process,blastocyst development
go:GO:0001825,biological_process,blastocyst formation
go:GO:0001826,biological_process,inner cell mass cell differentiation
go:GO:0001836,biological_process,release of cytochrome c from mitochondria
go:GO:0001837,biological_process,epithelial to mesenchymal transition
go:GO:0001838,biological_process,embryonic epithelial tube formation
go:GO:0001841,biological_process,neural tube formation
go:GO:0001843,biological_process,neural tube closure
go:GO:0001881,biological_process,receptor recycling
go:GO:0001889,biological_process,liver development
go:GO:0001890,biological_process,placenta development
go:GO:0001892,biological_process,embryonic placenta development
go:GO:0001894,biological_process,tissue homeostasis
go:GO:0001906,biological_process,cell killing
go:GO:0001919,biological_process,regulation of receptor recycling
go:GO:0001921,biological_process,positive regulation of receptor recycling
go:GO:0001932,biological_process,regulation of protein phosphorylation
go:GO:0001933,biological_process,negative regulation of protein phosphorylation
go:GO:0001934,biological_process,positive regulation of protein phosphorylation
go:GO:0001936,biological_process,regulation of endothelial cell proliferation
go:GO:0001937,biological_process,negative regulation of endothelial cell proliferation
go:GO:0001938,biological_process,positive regulation of endothelial cell proliferation
go:GO:0001941,biological_process,postsynaptic membrane organization
go:GO:0001944,biological_process,vasculature development
go:GO:0001947,biological_process,heart looping
go:GO:0001952,biological_process,regulation of cell-matrix adhesion
go:GO:0001953,biological_process,negative regulation of cell-matrix adhesion
go:GO:0001954,biological_process,positive regulation of cell-matrix adhesion
go:GO:0001956,biological_process,positive regulation of neurotransmitter secretion
go:GO:0001959,biological_process,regulation of cytokine-mediated signaling pathway
go:GO:0001960,biological_process,negative regulation of cytokine-mediated signaling pathway
go:GO:0001963,biological_process,"synaptic transmission, dopaminergic"
go:GO:0001966,biological_process,thigmotaxis
go:GO:0001974,biological_process,blood vessel remodeling
go:GO:0001975,biological_process,response to amphetamine
go:GO:0001990,biological_process,regulation of systemic arterial blood pressure by hormone
go:GO:0001991,biological_process,regulation of systemic arterial blood pressure by circulatory renin-angiotensin
go:GO:0002002,biological_process,regulation of angiotensin levels in blood
go:GO:0002003,biological_process,angiotensin maturation
go:GO:0002009,biological_process,morphogenesis of an epithelium
go:GO:0002011,biological_process,morphogenesis of an epithelial sheet
go:GO:0002027,biological_process,regulation of heart rate
go:GO:0002028,biological_process,regulation of sodium ion transport
go:GO:0002040,biological_process,sprouting angiogenesis
go:GO:0002042,biological_process,cell migration involved in sprouting angiogenesis
go:GO:0002052,biological_process,positive regulation of neuroblast proliferation
go:GO:0002053,biological_process,positive regulation of mesenchymal cell proliferation
go:GO:0002062,biological_process,chondrocyte differentiation
go:GO:0002063,biological_process,chondrocyte development
go:GO:0002064,biological_process,epithelial cell development
go:GO:0002065,biological_process,columnar/cuboidal epithelial cell differentiation
go:GO:0002066,biological_process,columnar/cuboidal epithelial cell development
go:GO:0002082,biological_process,regulation of oxidative phosphorylation
go:GO:0002088,biological_process,lens development in camera-type eye
go:GO:0002089,biological_process,lens morphogenesis in camera-type eye
go:GO:0002154,biological_process,thyroid hormone receptor signaling pathway
go:GO:0002181,biological_process,cytoplasmic translation
go:GO:0002182,biological_process,cytoplasmic translational elongation
go:GO:0002183,biological_process,cytoplasmic translational initiation
go:GO:0002200,biological_process,somatic diversification of immune receptors
go:GO:0002209,biological_process,behavioral defense response
go:GO:0002218,biological_process,activation of innate immune response
go:GO:0002220,biological_process,innate immune response activating cell surface receptor signaling pathway
go:GO:0002221,biological_process,pattern recognition receptor signaling pathway
go:GO:0002223,biological_process,stimulatory C-type lectin receptor signaling pathway
go:GO:0002224,biological_process,toll-like receptor signaling pathway
go:GO:0002230,biological_process,positive regulation of defense response to virus by host
go:GO:0002237,biological_process,response to molecule of bacterial origin
go:GO:0002244,biological_process,hematopoietic progenitor cell differentiation
go:GO:0002252,biological_process,immune effector process
go:GO:0002253,biological_process,activation of immune response
go:GO:0002260,biological_process,lymphocyte homeostasis
go:GO:0002262,biological_process,myeloid cell homeostasis
go:GO:0002263,biological_process,cell activation involved in immune response
go:GO:0002269,biological_process,leukocyte activation involved in inflammatory response
go:GO:0002274,biological_process,myeloid leukocyte activation
go:GO:0002285,biological_process,lymphocyte activation involved in immune response
go:GO:0002312,biological_process,B cell activation involved in immune response
go:GO:0002313,biological_process,mature B cell differentiation involved in immune response
go:GO:0002314,biological_process,germinal center B cell differentiation
go:GO:0002317,biological_process,plasma cell differentiation
go:GO:0002320,biological_process,lymphoid progenitor cell differentiation
go:GO:0002326,biological_process,B cell lineage commitment
go:GO:0002327,biological_process,immature B cell differentiation
go:GO:0002328,biological_process,pro-B cell differentiation
go:GO:0002329,biological_process,pre-B cell differentiation
go:GO:0002331,biological_process,pre-B cell allelic exclusion
go:GO:0002335,biological_process,mature B cell differentiation
go:GO:0002366,biological_process,leukocyte activation involved in immune response
go:GO:0002376,biological_process,immune system process
go:GO:0002377,biological_process,immunoglobulin production
go:GO:0002429,biological_process,immune response-activating cell surface receptor signaling pathway
go:GO:0002431,biological_process,Fc receptor mediated stimulatory signaling pathway
go:GO:0002437,biological_process,inflammatory response to antigenic stimulus
go:GO:0002440,biological_process,production of molecular mediator of immune response
go:GO:0002474,biological_process,antigen processing and presentation of peptide antigen via MHC class I
go:GO:0002478,biological_process,antigen processing and presentation of exogenous peptide antigen
go:GO:0002483,biological_process,antigen processing and presentation of endogenous peptide antigen
go:GO:0002495,biological_process,antigen processing and presentation of peptide antigen via MHC class II
go:GO:0002504,biological_process,antigen processing and presentation of peptide or polysaccharide antigen via MHC class II
go:GO:0002520,biological_process,immune system development
go:GO:0002521,biological_process,leukocyte differentiation
go:GO:0002562,biological_process,somatic diversification of immune receptors via germline recombination within a single locus
go:GO:0002573,biological_process,myeloid leukocyte differentiation
go:GO:0002576,biological_process,platelet degranulation
go:GO:0002637,biological_process,regulation of immunoglobulin production
go:GO:0002638,biological_process,negative regulation of immunoglobulin production
go:GO:0002639,biological_process,positive regulation of immunoglobulin production
go:GO:0002643,biological_process,regulation of tolerance induction
go:GO:0002645,biological_process,positive regulation of tolerance induction
go:GO:0002649,biological_process,regulation of tolerance induction to self antigen
go:GO:0002651,biological_process,positive regulation of tolerance induction to self antigen
go:GO:0002661,biological_process,regulation of B cell tolerance induction
go:GO:0002663,biological_process,positive regulation of B cell tolerance induction
go:GO:0002664,biological_process,regulation of T cell tolerance induction
go:GO:0002666,biological_process,positive regulation of T cell tolerance induction
go:GO:0002682,biological_process,regulation of immune system process
go:GO:0002683,biological_process,negative regulation of immune system process
go:GO:0002684,biological_process,positive regulation of immune system process
go:GO:0002685,biological_process,regulation of leukocyte migration
go:GO:0002686,biological_process,negative regulation of leukocyte migration
go:GO:0002687,biological_process,positive regulation of leukocyte migration
go:GO:0002688,biological_process,regulation of leukocyte chemotaxis
go:GO:0002690,biological_process,positive regulation of leukocyte chemotaxis
go:GO:0002691,biological_process,regulation of cellular extravasation
go:GO:0002692,biological_process,negative regulation of cellular extravasation
go:GO:0002693,biological_process,positive regulation of cellular extravasation
go:GO:0002694,biological_process,regulation of leukocyte activation
go:GO:0002695,biological_process,negative regulation of leukocyte activation
go:GO:0002696,biological_process,positive regulation of leukocyte activation
go:GO:0002697,biological_process,regulation of immune effector process
go:GO:0002698,biological_process,negative regulation of immune effector process
go:GO:0002699,biological_process,positive regulation of immune effector process
go:GO:0002700,biological_process,regulation of production of molecular mediator of immune response
go:GO:0002701,biological_process,negative regulation of production of molecular mediator of immune response
go:GO:0002702,biological_process,positive regulation of production of molecular mediator of immune response
go:GO:0002703,biological_process,regulation of leukocyte mediated immunity
go:GO:0002705,biological_process,positive regulation of leukocyte mediated immunity
go:GO:0002706,biological_process,regulation of lymphocyte mediated immunity
go:GO:0002708,biological_process,positive regulation of lymphocyte mediated immunity
go:GO:0002709,biological_process,regulation of T cell mediated immunity
go:GO:0002711,biological_process,positive regulation of T cell mediated immunity
go:GO:0002712,biological_process,regulation of B cell mediated immunity
go:GO:0002714,biological_process,positive regulation of B cell mediated immunity
go:GO:0002718,biological_process,regulation of cytokine production involved in immune response
go:GO:0002720,biological_process,positive regulation of cytokine production involved in immune response
go:GO:0002724,biological_process,regulation of T cell cytokine production
go:GO:0002726,biological_process,positive regulation of T cell cytokine production
go:GO:0002730,biological_process,regulation of dendritic cell cytokine production
go:GO:0002732,biological_process,positive regulation of dendritic cell cytokine production
go:GO:0002733,biological_process,regulation of myeloid dendritic cell cytokine production
go:GO:0002735,biological_process,positive regulation of myeloid dendritic cell cytokine production
go:GO:0002752,biological_process,cell surface pattern recognition receptor signaling pathway
go:GO:0002753,biological_process,cytoplasmic pattern recognition receptor signaling pathway
go:GO:0002755,biological_process,MyD88-dependent toll-like receptor signaling pathway
go:GO:0002756,biological_process,MyD88-independent toll-like receptor signaling pathway
go:GO:0002757,biological_process,immune response-activating signaling pathway
go:GO:0002758,biological_process,innate immune response-activating signaling pathway
go:GO:0002761,biological_process,regulation of myeloid leukocyte differentiation
go:GO:0002763,biological_process,positive regulation of myeloid leukocyte differentiation
go:GO:0002764,biological_process,immune response-regulating signaling pathway
go:GO:0002768,biological_process,immune response-regulating cell surface receptor signaling pathway
go:GO:0002791,biological_process,regulation of peptide secretion
go:GO:0002793,biological_process,positive regulation of peptide secretion
go:GO:0002819,biological_process,regulation of adaptive immune response
go:GO:0002821,biological_process,positive regulation of adaptive immune response
go:GO:0002822,biological_process,regulation of adaptive immune response based on somatic recombination of immune receptors built from immunoglobulin superfamily domains
go:GO:0002824,biological_process,positive regulation of adaptive immune response based on somatic recombination of immune receptors built from immunoglobulin superfamily domains
go:GO:0002831,biological_process,regulation of response to biotic stimulus
go:GO:0002832,biological_process,negative regulation of response to biotic stimulus
go:GO:0002833,biological_process,positive regulation of response to biotic stimulus
go:GO:0002861,biological_process,regulation of inflammatory response to antigenic stimulus
go:GO:0002862,biological_process,negative regulation of inflammatory response to antigenic stimulus
go:GO:0002886,biological_process,regulation of myeloid leukocyte mediated immunity
go:GO:0002888,biological_process,positive regulation of myeloid leukocyte mediated immunity
go:GO:0002889,biological_process,regulation of immunoglobulin mediated immune response
go:GO:0002891,biological_process,positive regulation of immunoglobulin mediated immune response
go:GO:0002920,biological_process,regulation of humoral immune response
go:GO:0002931,biological_process,response to ischemia
go:GO:0003002,biological_process,regionalization
go:GO:0003006,biological_process,developmental process involved in reproduction
go:GO:0003007,biological_process,heart morphogenesis
go:GO:0003008,biological_process,system process
go:GO:0003012,biological_process,muscle system process
go:GO:0003013,biological_process,circulatory system process
go:GO:0003014,biological_process,renal system process
go:GO:0003015,biological_process,heart process
go:GO:0003018,biological_process,vascular process in circulatory system
go:GO:0003044,biological_process,regulation of systemic arterial blood pressure mediated by a chemical signal
go:GO:0003056,biological_process,regulation of vascular associated smooth muscle contraction
go:GO:0003073,biological_process,regulation of systemic arterial blood pressure
go:GO:0003081,biological_process,regulation of systemic arterial blood pressure by renin-angiotensin
go:GO:0003084,biological_process,positive regulation of systemic arterial blood pressure
go:GO:0003085,biological_process,negative regulation of systemic arterial blood pressure
go:GO:0003091,biological_process,renal water homeostasis
go:GO:0003128,biological_process,heart field specification
go:GO:0003139,biological_process,secondary heart field specification
go:GO:0003140,biological_process,determination of left/right asymmetry in lateral mesoderm
go:GO:0003143,biological_process,embryonic heart tube morphogenesis
go:GO:0003148,biological_process,outflow tract septum morphogenesis
go:GO:0003149,biological_process,membranous septum morphogenesis
go:GO:0003151,biological_process,outflow tract morphogenesis
go:GO:0003157,biological_process,endocardium development
go:GO:0003158,biological_process,endothelium development
go:GO:0003159,biological_process,morphogenesis of an endothelium
go:GO:0003160,biological_process,endocardium morphogenesis
go:GO:0003170,biological_process,heart valve development
go:GO:0003171,biological_process,atrioventricular valve development
go:GO:0003174,biological_process,mitral valve development
go:GO:0003175,biological_process,tricuspid valve development
go:GO:0003176,biological_process,aortic valve development
go:GO:0003177,biological_process,pulmonary valve development
go:GO:0003179,biological_process,heart valve morphogenesis
go:GO:0003180,biological_process,aortic valve morphogenesis
go:GO:0003181,biological_process,atrioventricular valve morphogenesis
go:GO:0003183,biological_process,mitral valve morphogenesis
go:GO:0003186,biological_process,tricuspid valve morphogenesis
go:GO:0003197,biological_process,endocardial cushion development
go:GO:0003198,biological_process,epithelial to mesenchymal transition involved in endocardial cushion formation
go:GO:0003203,biological_process,endocardial cushion morphogenesis
go:GO:0003205,biological_process,cardiac chamber development
go:GO:0003206,biological_process,cardiac chamber morphogenesis
go:GO:0003208,biological_process,cardiac ventricle morphogenesis
go:GO:0003209,biological_process,cardiac atrium morphogenesis
go:GO:0003214,biological_process,cardiac left ventricle morphogenesis
go:GO:0003215,biological_process,cardiac right ventricle morphogenesis
go:GO:0003222,biological_process,ventricular trabecula myocardium morphogenesis
go:GO:0003229,biological_process,ventricular cardiac muscle tissue development
go:GO:0003230,biological_process,cardiac atrium development
go:GO:0003231,biological_process,cardiac ventricle development
go:GO:0003254,biological_process,regulation of membrane depolarization
go:GO:0003272,biological_process,endocardial cushion formation
go:GO:0003274,biological_process,endocardial cushion fusion
go:GO:0003279,biological_process,cardiac septum development
go:GO:0003281,biological_process,ventricular septum development
go:GO:0003283,biological_process,atrial septum development
go:GO:0003284,biological_process,septum primum development
go:GO:0003289,biological_process,atrial septum primum morphogenesis
go:GO:0003339,biological_process,regulation of mesenchymal to epithelial transition involved in metanephros morphogenesis
go:GO:0003340,biological_process,negative regulation of mesenchymal to epithelial transition involved in metanephros morphogenesis
go:GO:0003352,biological_process,regulation of cilium movement
go:GO:0003353,biological_process,positive regulation of cilium movement
go:GO:0003357,biological_process,noradrenergic neuron differentiation
go:GO:0003406,biological_process,retinal pigment epithelium development
go:GO:0003407,biological_process,neural retina development
go:GO:0003413,biological_process,chondrocyte differentiation involved in endochondral bone morphogenesis
go:GO:0003416,biological_process,endochondral bone growth
go:GO:0003417,biological_process,growth plate cartilage development
go:GO:0003418,biological_process,growth plate cartilage chondrocyte differentiation
go:GO:0003431,biological_process,growth plate cartilage chondrocyte development
go:GO:0003433,biological_process,chondrocyte development involved in endochondral bone morphogenesis
go:GO:0005513,biological_process,detection of calcium ion
go:GO:0005975,biological_process,carbohydrate metabolic process
go:GO:0005976,biological_process,polysaccharide metabolic process
go:GO:0005977,biological_process,glycogen metabolic process
go:GO:0005978,biological_process,glycogen biosynthetic process
go:GO:0005979,biological_process,regulation of glycogen biosynthetic process
go:GO:0005996,biological_process,monosaccharide metabolic process
go:GO:0006006,biological_process,glucose metabolic process
go:GO:0006007,biological_process,glucose catabolic process
go:GO:0006011,biological_process,UDP-alpha-D-glucose metabolic process
go:GO:0006022,biological_process,aminoglycan metabolic process
go:GO:0006023,biological_process,aminoglycan biosynthetic process
go:GO:0006024,biological_process,glycosaminoglycan biosynthetic process
go:GO:0006029,biological_process,proteoglycan metabolic process
go:GO:0006065,biological_process,UDP-glucuronate biosynthetic process
go:GO:0006066,biological_process,alcohol metabolic process
go:GO:0006084,biological_process,acetyl-CoA metabolic process
go:GO:0006085,biological_process,acetyl-CoA biosynthetic process
go:GO:0006090,biological_process,pyruvate metabolic process
go:GO:0006091,biological_process,generation of precursor metabolites and energy
go:GO:0006094,biological_process,gluconeogenesis
go:GO:0006096,biological_process,glycolytic process
go:GO:0006101,biological_process,citrate metabolic process
go:GO:0006107,biological_process,oxaloacetate metabolic process
go:GO:0006109,biological_process,regulation of carbohydrate metabolic process
go:GO:0006110,biological_process,regulation of glycolytic process
go:GO:0006111,biological_process,regulation of gluconeogenesis
go:GO:0006112,biological_process,energy reserve metabolic process
go:GO:0006119,biological_process,oxidative phosphorylation
go:GO:0006120,biological_process,"mitochondrial electron transport, NADH to ubiquinone"
go:GO:0006122,biological_process,"mitochondrial electron transport, ubiquinol to cytochrome c"
go:GO:0006123,biological_process,"mitochondrial electron transport, cytochrome c to oxygen"
go:GO:0006139,biological_process,nucleobase-containing compound metabolic process
go:GO:0006140,biological_process,regulation of nucleotide metabolic process
go:GO:0006163,biological_process,purine nucleotide metabolic process
go:GO:0006164,biological_process,purine nucleotide biosynthetic process
go:GO:0006170,biological_process,dAMP biosynthetic process
go:GO:0006195,biological_process,purine nucleotide catabolic process
go:GO:0006220,biological_process,pyrimidine nucleotide metabolic process
go:GO:0006221,biological_process,pyrimidine nucleotide biosynthetic process
go:GO:0006231,biological_process,dTMP biosynthetic process
go:GO:0006259,biological_process,DNA metabolic process
go:GO:0006260,biological_process,DNA replication
go:GO:0006261,biological_process,DNA-templated DNA replication
go:GO:0006264,biological_process,mitochondrial DNA replication
go:GO:0006265,biological_process,DNA topological change
go:GO:0006275,biological_process,regulation of DNA replication
go:GO:0006281,biological_process,DNA repair
go:GO:0006282,biological_process,regulation of DNA repair
go:GO:0006284,biological_process,base-excision repair
go:GO:0006287,biological_process,"base-excision repair, gap-filling"
go:GO:0006290,biological_process,pyrimidine dimer repair
go:GO:0006298,biological_process,mismatch repair
go:GO:0006302,biological_process,double-strand break repair
go:GO:0006303,biological_process,double-strand break repair via nonhomologous end joining
go:GO:0006310,biological_process,DNA recombination
go:GO:0006325,biological_process,chromatin organization
go:GO:0006334,biological_process,nucleosome assembly
go:GO:0006335,biological_process,DNA replication-dependent chromatin assembly
go:GO:0006337,biological_process,nucleosome disassembly
go:GO:0006338,biological_process,chromatin remodeling
go:GO:0006346,biological_process,DNA methylation-dependent constitutive heterochromatin formation
go:GO:0006351,biological_process,DNA-templated transcription
go:GO:0006352,biological_process,DNA-templated transcription initiation
go:GO:0006354,biological_process,DNA-templated transcription elongation
go:GO:0006355,biological_process,regulation of DNA-templated transcription
go:GO:0006356,biological_process,regulation of transcription by RNA polymerase I
go:GO:0006357,biological_process,regulation of transcription by RNA polymerase II
go:GO:0006359,biological_process,regulation of transcription by RNA polymerase III
go:GO:0006360,biological_process,transcription by RNA polymerase I
go:GO:0006361,biological_process,transcription initiation at RNA polymerase I promoter
go:GO:0006364,biological_process,rRNA processing
go:GO:0006366,biological_process,transcription by RNA polymerase II
go:GO:0006367,biological_process,transcription initiation at RNA polymerase II promoter
go:GO:0006368,biological_process,transcription elongation by RNA polymerase II
go:GO:0006390,biological_process,mitochondrial transcription
go:GO:0006391,biological_process,transcription initiation at mitochondrial promoter
go:GO:0006396,biological_process,RNA processing
go:GO:0006397,biological_process,mRNA processing
go:GO:0006399,biological_process,tRNA metabolic process
go:GO:0006401,biological_process,RNA catabolic process
go:GO:0006402,biological_process,mRNA catabolic process
go:GO:0006403,biological_process,RNA localization
go:GO:0006412,biological_process,translation
go:GO:0006413,biological_process,translational initiation
go:GO:0006414,biological_process,translational elongation
go:GO:0006417,biological_process,regulation of translation
go:GO:0006446,biological_process,regulation of translational initiation
go:GO:0006457,biological_process,protein folding
go:GO:0006468,biological_process,protein phosphorylation
go:GO:0006469,biological_process,negative regulation of protein kinase activity
go:GO:0006470,biological_process,protein dephosphorylation
go:GO:0006473,biological_process,protein acetylation
go:GO:0006475,biological_process,internal protein amino acid acetylation
go:GO:0006476,biological_process,protein deacetylation
go:GO:0006479,biological_process,protein methylation
go:GO:0006487,biological_process,protein N-linked glycosylation
go:GO:0006493,biological_process,protein O-linked glycosylation
go:GO:0006508,biological_process,proteolysis
go:GO:0006511,biological_process,ubiquitin-dependent protein catabolic process
go:GO:0006513,biological_process,protein monoubiquitination
go:GO:0006515,biological_process,protein quality control for misfolded or incompletely synthesized proteins
go:GO:0006518,biological_process,peptide metabolic process
go:GO:0006520,biological_process,amino acid metabolic process
go:GO:0006556,biological_process,S-adenosylmethionine biosynthetic process
go:GO:0006559,biological_process,L-phenylalanine catabolic process
go:GO:0006575,biological_process,modified amino acid metabolic process
go:GO:0006576,biological_process,biogenic amine metabolic process
go:GO:0006584,biological_process,catecholamine metabolic process
go:GO:0006595,biological_process,polyamine metabolic process
go:GO:0006596,biological_process,polyamine biosynthetic process
go:GO:0006605,biological_process,protein targeting
go:GO:0006606,biological_process,protein import into nucleus
go:GO:0006612,biological_process,protein targeting to membrane
go:GO:0006613,biological_process,cotranslational protein targeting to membrane
go:GO:0006614,biological_process,SRP-dependent cotranslational protein targeting to membrane
go:GO:0006616,biological_process,"SRP-dependent cotranslational protein targeting to membrane, translocation"
go:GO:0006620,biological_process,post-translational protein targeting to endoplasmic reticulum membrane
go:GO:0006622,biological_process,protein targeting to lysosome
go:GO:0006623,biological_process,protein targeting to vacuole
go:GO:0006629,biological_process,lipid metabolic process
go:GO:0006631,biological_process,fatty acid metabolic process
go:GO:0006633,biological_process,fatty acid biosynthetic process
go:GO:0006637,biological_process,acyl-CoA metabolic process
go:GO:0006638,biological_process,neutral lipid metabolic process
go:GO:0006639,biological_process,acylglycerol metabolic process
go:GO:0006641,biological_process,triglyceride metabolic process
go:GO:0006644,biological_process,phospholipid metabolic process
go:GO:0006650,biological_process,glycerophospholipid metabolic process
go:GO:0006664,biological_process,glycolipid metabolic process
go:GO:0006690,biological_process,icosanoid metabolic process
go:GO:0006691,biological_process,leukotriene metabolic process
go:GO:0006694,biological_process,steroid biosynthetic process
go:GO:0006695,biological_process,cholesterol biosynthetic process
go:GO:0006702,biological_process,androgen biosynthetic process
go:GO:0006720,biological_process,isoprenoid metabolic process
go:GO:0006721,biological_process,terpenoid metabolic process
go:GO:0006749,biological_process,glutathione metabolic process
go:GO:0006753,biological_process,nucleoside phosphate metabolic process
go:GO:0006754,biological_process,ATP biosynthetic process
go:GO:0006768,biological_process,biotin metabolic process
go:GO:0006778,biological_process,porphyrin-containing compound metabolic process
go:GO:0006779,biological_process,porphyrin-containing compound biosynthetic process
go:GO:0006783,biological_process,heme biosynthetic process
go:GO:0006790,biological_process,sulfur compound metabolic process
go:GO:0006793,biological_process,phosphorus metabolic process
go:GO:0006796,biological_process,phosphate-containing compound metabolic process
go:GO:0006805,biological_process,xenobiotic metabolic process
go:GO:0006810,biological_process,transport
go:GO:0006811,biological_process,monoatomic ion transport
go:GO:0006812,biological_process,monoatomic cation transport
go:GO:0006813,biological_process,potassium ion transport
go:GO:0006814,biological_process,sodium ion transport
go:GO:0006816,biological_process,calcium ion transport
go:GO:0006817,biological_process,phosphate ion transport
go:GO:0006820,biological_process,monoatomic anion transport
go:GO:0006829,biological_process,zinc ion transport
go:GO:0006836,biological_process,neurotransmitter transport
go:GO:0006839,biological_process,mitochondrial transport
go:GO:0006848,biological_process,pyruvate transport
go:GO:0006850,biological_process,pyruvate import into mitochondria
go:GO:0006857,biological_process,oligopeptide transport
go:GO:0006869,biological_process,lipid transport
go:GO:0006873,biological_process,intracellular monoatomic ion homeostasis
go:GO:0006874,biological_process,intracellular calcium ion homeostasis
go:GO:0006882,biological_process,intracellular zinc ion homeostasis
go:GO:0006883,biological_process,intracellular sodium ion homeostasis
go:GO:0006885,biological_process,regulation of pH
go:GO:0006886,biological_process,intracellular protein transport
go:GO:0006887,biological_process,exocytosis
go:GO:0006888,biological_process,endoplasmic reticulum to Golgi vesicle-mediated transport
go:GO:0006892,biological_process,post-Golgi vesicle-mediated transport
go:GO:0006893,biological_process,Golgi to plasma membrane transport
go:GO:0006896,biological_process,Golgi to vacuole transport
go:GO:0006897,biological_process,endocytosis
go:GO:0006898,biological_process,receptor-mediated endocytosis
go:GO:0006900,biological_process,vesicle budding from membrane
go:GO:0006901,biological_process,vesicle coat assembly
go:GO:0006906,biological_process,vesicle fusion
go:GO:0006907,biological_process,pinocytosis
go:GO:0006909,biological_process,phagocytosis
go:GO:0006911,biological_process,"phagocytosis, engulfment"
go:GO:0006913,biological_process,nucleocytoplasmic transport
go:GO:0006914,biological_process,autophagy
go:GO:0006915,biological_process,apoptotic process
go:GO:0006925,biological_process,inflammatory cell apoptotic process
go:GO:0006935,biological_process,chemotaxis
go:GO:0006936,biological_process,muscle contraction
go:GO:0006937,biological_process,regulation of muscle contraction
go:GO:0006940,biological_process,regulation of smooth muscle contraction
go:GO:0006941,biological_process,striated muscle contraction
go:GO:0006942,biological_process,regulation of striated muscle contraction
go:GO:0006950,biological_process,response to stress
go:GO:0006952,biological_process,defense response
go:GO:0006954,biological_process,inflammatory response
go:GO:0006955,biological_process,immune response
go:GO:0006959,biological_process,humoral immune response
go:GO:0006968,biological_process,cellular defense response
go:GO:0006970,biological_process,response to osmotic stress
go:GO:0006974,biological_process,DNA damage response
go:GO:0006979,biological_process,response to oxidative stress
go:GO:0006982,biological_process,response to lipid hydroperoxide
go:GO:0006983,biological_process,ER overload response
go:GO:0006984,biological_process,ER-nucleus signaling pathway
go:GO:0006986,biological_process,response to unfolded protein
go:GO:0006991,biological_process,response to sterol depletion
go:GO:0006995,biological_process,cellular response to nitrogen starvation
go:GO:0006996,biological_process,organelle organization
go:GO:0006997,biological_process,nucleus organization
go:GO:0006998,biological_process,nuclear envelope organization
go:GO:0007000,biological_process,nucleolus organization
go:GO:0007005,biological_process,mitochondrion organization
go:GO:0007006,biological_process,mitochondrial membrane organization
go:GO:0007007,biological_process,inner mitochondrial membrane organization
go:GO:0007009,biological_process,plasma membrane organization
go:GO:0007010,biological_process,cytoskeleton organization
go:GO:0007015,biological_process,actin filament organization
go:GO:0007017,biological_process,microtubule-based process
go:GO:0007018,biological_process,microtubule-based movement
go:GO:0007026,biological_process,negative regulation of microtubule depolymerization
go:GO:0007029,biological_process,endoplasmic reticulum organization
go:GO:0007032,biological_process,endosome organization
go:GO:0007033,biological_process,vacuole organization
go:GO:0007034,biological_process,vacuolar transport
go:GO:0007035,biological_process,vacuolar acidification
go:GO:0007040,biological_process,lysosome organization
go:GO:0007041,biological_process,lysosomal transport
go:GO:0007042,biological_process,lysosomal lumen acidification
go:GO:0007043,biological_process,cell-cell junction assembly
go:GO:0007044,biological_process,cell-substrate junction assembly
go:GO:0007049,biological_process,cell cycle
go:GO:0007051,biological_process,spindle organization
go:GO:0007052,biological_process,mitotic spindle organization
go:GO:0007059,biological_process,chromosome segregation
go:GO:0007062,biological_process,sister chromatid cohesion
go:GO:0007063,biological_process,regulation of sister chromatid cohesion
go:GO:0007064,biological_process,mitotic sister chromatid cohesion
go:GO:0007076,biological_process,mitotic chromosome condensation
go:GO:0007080,biological_process,mitotic metaphase chromosome alignment
go:GO:0007088,biological_process,regulation of mitotic nuclear division
go:GO:0007093,biological_process,mitotic cell cycle checkpoint signaling
go:GO:0007094,biological_process,mitotic spindle assembly checkpoint signaling
go:GO:0007095,biological_process,mitotic G2 DNA damage checkpoint signaling
go:GO:0007098,biological_process,centrosome cycle
go:GO:0007127,biological_process,meiosis I
go:GO:0007131,biological_process,reciprocal meiotic recombination
go:GO:0007154,biological_process,cell communication
go:GO:0007155,biological_process,cell adhesion
go:GO:0007160,biological_process,cell-matrix adhesion
go:GO:0007162,biological_process,negative regulation of cell adhesion
go:GO:0007163,biological_process,establishment or maintenance of cell polarity
go:GO:0007165,biological_process,signal transduction
go:GO:0007166,biological_process,cell surface receptor signaling pathway
go:GO:0007167,biological_process,enzyme-linked receptor protein signaling pathway
go:GO:0007169,biological_process,cell surface receptor protein tyrosine kinase signaling pathway
go:GO:0007172,biological_process,signal complex assembly
go:GO:0007173,biological_process,epidermal growth factor receptor signaling pathway
go:GO:0007178,biological_process,cell surface receptor protein serine/threonine kinase signaling pathway
go:GO:0007179,biological_process,transforming growth factor beta receptor signaling pathway
go:GO:0007181,biological_process,transforming growth factor beta receptor complex assembly
go:GO:0007186,biological_process,G protein-coupled receptor signaling pathway
go:GO:0007200,biological_process,phospholipase C-activating G protein-coupled receptor signaling pathway
go:GO:0007204,biological_process,positive regulation of cytosolic calcium ion concentration
go:GO:0007208,biological_process,phospholipase C-activating serotonin receptor signaling pathway
go:GO:0007214,biological_process,gamma-aminobutyric acid signaling pathway
go:GO:0007219,biological_process,Notch signaling pathway
go:GO:0007221,biological_process,positive regulation of transcription of Notch receptor target
go:GO:0007229,biological_process,integrin-mediated signaling pathway
go:GO:0007249,biological_process,canonical NF-kappaB signal transduction
go:GO:0007250,biological_process,activation of NF-kappaB-inducing kinase activity
go:GO:0007252,biological_process,I-kappaB phosphorylation
go:GO:0007254,biological_process,JNK cascade
go:GO:0007259,biological_process,cell surface receptor signaling pathway via JAK-STAT
go:GO:0007264,biological_process,small GTPase-mediated signal transduction
go:GO:0007265,biological_process,Ras protein signal transduction
go:GO:0007266,biological_process,Rho protein signal transduction
go:GO:0007267,biological_process,cell-cell signaling
go:GO:0007268,biological_process,chemical synaptic transmission
go:GO:0007269,biological_process,neurotransmitter secretion
go:GO:0007270,biological_process,neuron-neuron synaptic transmission
go:GO:0007271,biological_process,"synaptic transmission, cholinergic"
go:GO:0007272,biological_process,ensheathment of neurons
go:GO:0007274,biological_process,neuromuscular synaptic transmission
go:GO:0007275,biological_process,multicellular organism development
go:GO:0007276,biological_process,gamete generation
go:GO:0007281,biological_process,germ cell development
go:GO:0007283,biological_process,spermatogenesis
go:GO:0007292,biological_process,female gamete generation
go:GO:0007346,biological_process,regulation of mitotic cell cycle
go:GO:0007368,biological_process,determination of left/right symmetry
go:GO:0007369,biological_process,gastrulation
go:GO:0007386,biological_process,compartment pattern specification
go:GO:0007387,biological_process,anterior compartment pattern formation
go:GO:0007388,biological_process,posterior compartment specification
go:GO:0007389,biological_process,pattern specification process
go:GO:0007399,biological_process,nervous system development
go:GO:0007409,biological_process,axonogenesis
go:GO:0007411,biological_process,axon guidance
go:GO:0007412,biological_process,axon target recognition
go:GO:0007413,biological_process,axonal fasciculation
go:GO:0007416,biological_process,synapse assembly
go:GO:0007417,biological_process,central nervous system development
go:GO:0007420,biological_process,brain development
go:GO:0007422,biological_process,peripheral nervous system development
go:GO:0007423,biological_process,sensory organ development
go:GO:0007492,biological_process,endoderm development
go:GO:0007498,biological_process,mesoderm development
go:GO:0007507,biological_process,heart development
go:GO:0007517,biological_process,muscle organ development
go:GO:0007519,biological_process,skeletal muscle tissue development
go:GO:0007528,biological_process,neuromuscular junction development
go:GO:0007530,biological_process,sex determination
go:GO:0007548,biological_process,sex differentiation
go:GO:0007549,biological_process,sex-chromosome dosage compensation
go:GO:0007584,biological_process,response to nutrient
go:GO:0007586,biological_process,digestion
go:GO:0007589,biological_process,body fluid secretion
go:GO:0007595,biological_process,lactation
go:GO:0007596,biological_process,blood coagulation
go:GO:0007599,biological_process,hemostasis
go:GO:0007600,biological_process,sensory perception
go:GO:0007601,biological_process,visual perception
go:GO:0007605,biological_process,sensory perception of sound
go:GO:0007610,biological_process,behavior
go:GO:0007611,biological_process,learning or memory
go:GO:0007612,biological_process,learning
go:GO:0007613,biological_process,memory
go:GO:0007614,biological_process,short-term memory
go:GO:0007616,biological_process,long-term memory
go:GO:0007622,biological_process,rhythmic behavior
go:GO:0007623,biological_process,circadian rhythm
go:GO:0007626,biological_process,locomotory behavior
go:GO:0007632,biological_process,visual behavior
go:GO:0007635,biological_process,chemosensory behavior
go:GO:0008015,biological_process,blood circulation
go:GO:0008016,biological_process,regulation of heart contraction
go:GO:0008033,biological_process,tRNA processing
go:GO:0008037,biological_process,cell recognition
go:GO:0008038,biological_process,neuron recognition
go:GO:0008064,biological_process,regulation of actin polymerization or depolymerization
go:GO:0008088,biological_process,axo-dendritic transport
go:GO:0008089,biological_process,anterograde axonal transport
go:GO:0008090,biological_process,retrograde axonal transport
go:GO:0008104,biological_process,intracellular protein localization
go:GO:0008150,biological_process,biological_process
go:GO:0008152,biological_process,metabolic process
go:GO:0008154,biological_process,actin polymerization or depolymerization
go:GO:0008202,biological_process,steroid metabolic process
go:GO:0008203,biological_process,cholesterol metabolic process
go:GO:0008209,biological_process,androgen metabolic process
go:GO:0008213,biological_process,protein alkylation
go:GO:0008217,biological_process,regulation of blood pressure
go:GO:0008219,biological_process,cell death
go:GO:0008277,biological_process,regulation of G protein-coupled receptor signaling pathway
go:GO:0008283,biological_process,cell population proliferation
go:GO:0008284,biological_process,positive regulation of cell population proliferation
go:GO:0008285,biological_process,negative regulation of cell population proliferation
go:GO:0008286,biological_process,insulin receptor signaling pathway
go:GO:0008299,biological_process,isoprenoid biosynthetic process
go:GO:0008306,biological_process,associative learning
go:GO:0008333,biological_process,endosome to lysosome transport
go:GO:0008334,biological_process,histone mRNA metabolic process
go:GO:0008344,biological_process,adult locomotory behavior
go:GO:0008360,biological_process,regulation of cell shape
go:GO:0008361,biological_process,regulation of cell size
go:GO:0008366,biological_process,axon ensheathment
go:GO:0008380,biological_process,RNA splicing
go:GO:0008406,biological_process,gonad development
go:GO:0008542,biological_process,visual learning
go:GO:0008543,biological_process,fibroblast growth factor receptor signaling pathway
go:GO:0008544,biological_process,epidermis development
go:GO:0008584,biological_process,male gonad development
go:GO:0008585,biological_process,female gonad development
go:GO:0008589,biological_process,regulation of smoothened signaling pathway
go:GO:0008593,biological_process,regulation of Notch signaling pathway
go:GO:0008610,biological_process,lipid biosynthetic process
go:GO:0008625,biological_process,extrinsic apoptotic signaling pathway via death domain receptors
go:GO:0008626,biological_process,granzyme-mediated apoptotic signaling pathway
go:GO:0008627,biological_process,intrinsic apoptotic signaling pathway in response to osmotic stress
go:GO:0008630,biological_process,intrinsic apoptotic signaling pathway in response to DNA damage
go:GO:0008631,biological_process,intrinsic apoptotic signaling pathway in response to oxidative stress
go:GO:0008637,biological_process,apoptotic mitochondrial changes
go:GO:0008654,biological_process,phospholipid biosynthetic process
go:GO:0009048,biological_process,dosage compensation by inactivation of X chromosome
go:GO:0009056,biological_process,catabolic process
go:GO:0009057,biological_process,macromolecule catabolic process
go:GO:0009058,biological_process,biosynthetic process
go:GO:0009059,biological_process,macromolecule biosynthetic process
go:GO:0009060,biological_process,aerobic respiration
go:GO:0009062,biological_process,fatty acid catabolic process
go:GO:0009063,biological_process,amino acid catabolic process
go:GO:0009072,biological_process,aromatic amino acid metabolic process
go:GO:0009074,biological_process,aromatic amino acid catabolic process
go:GO:0009081,biological_process,branched-chain amino acid metabolic process
go:GO:0009100,biological_process,glycoprotein metabolic process
go:GO:0009101,biological_process,glycoprotein biosynthetic process
go:GO:0009117,biological_process,nucleotide metabolic process
go:GO:0009123,biological_process,nucleoside monophosphate metabolic process
go:GO:0009124,biological_process,nucleoside monophosphate biosynthetic process
go:GO:0009126,biological_process,purine nucleoside monophosphate metabolic process
go:GO:0009127,biological_process,purine nucleoside monophosphate biosynthetic process
go:GO:0009129,biological_process,pyrimidine nucleoside monophosphate metabolic process
go:GO:0009130,biological_process,pyrimidine nucleoside monophosphate biosynthetic process
go:GO:0009132,biological_process,nucleoside diphosphate metabolic process
go:GO:0009134,biological_process,nucleoside diphosphate catabolic process
go:GO:0009135,biological_process,purine nucleoside diphosphate metabolic process
go:GO:0009137,biological_process,purine nucleoside diphosphate catabolic process
go:GO:0009141,biological_process,nucleoside triphosphate metabolic process
go:GO:0009142,biological_process,nucleoside triphosphate biosynthetic process
go:GO:0009144,biological_process,purine nucleoside triphosphate metabolic process
go:GO:0009145,biological_process,purine nucleoside triphosphate biosynthetic process
go:GO:0009150,biological_process,purine ribonucleotide metabolic process
go:GO:0009151,biological_process,purine deoxyribonucleotide metabolic process
go:GO:0009152,biological_process,purine ribonucleotide biosynthetic process
go:GO:0009153,biological_process,purine deoxyribonucleotide biosynthetic process
go:GO:0009154,biological_process,purine ribonucleotide catabolic process
go:GO:0009156,biological_process,ribonucleoside monophosphate biosynthetic process
go:GO:0009157,biological_process,deoxyribonucleoside monophosphate biosynthetic process
go:GO:0009165,biological_process,nucleotide biosynthetic process
go:GO:0009166,biological_process,nucleotide catabolic process
go:GO:0009170,biological_process,purine deoxyribonucleoside monophosphate metabolic process
go:GO:0009171,biological_process,purine deoxyribonucleoside monophosphate biosynthetic process
go:GO:0009173,biological_process,pyrimidine ribonucleoside monophosphate metabolic process
go:GO:0009174,biological_process,pyrimidine ribonucleoside monophosphate biosynthetic process
go:GO:0009176,biological_process,pyrimidine deoxyribonucleoside monophosphate metabolic process
go:GO:0009177,biological_process,pyrimidine deoxyribonucleoside monophosphate biosynthetic process
go:GO:0009179,biological_process,purine ribonucleoside diphosphate metabolic process
go:GO:0009181,biological_process,purine ribonucleoside diphosphate catabolic process
go:GO:0009185,biological_process,ribonucleoside diphosphate metabolic process
go:GO:0009187,biological_process,cyclic nucleotide metabolic process
go:GO:0009191,biological_process,ribonucleoside diphosphate catabolic process
go:GO:0009201,biological_process,ribonucleoside triphosphate biosynthetic process
go:GO:0009205,biological_process,purine ribonucleoside triphosphate metabolic process
go:GO:0009206,biological_process,purine ribonucleoside triphosphate biosynthetic process
go:GO:0009218,biological_process,pyrimidine ribonucleotide metabolic process
go:GO:0009219,biological_process,pyrimidine deoxyribonucleotide metabolic process
go:GO:0009220,biological_process,pyrimidine ribonucleotide biosynthetic process
go:GO:0009221,biological_process,pyrimidine deoxyribonucleotide biosynthetic process
go:GO:0009224,biological_process,CMP biosynthetic process
go:GO:0009225,biological_process,nucleotide-sugar metabolic process
go:GO:0009226,biological_process,nucleotide-sugar biosynthetic process
go:GO:0009240,biological_process,isopentenyl diphosphate biosynthetic process
go:GO:0009247,biological_process,glycolipid biosynthetic process
go:GO:0009250,biological_process,glucan biosynthetic process
go:GO:0009259,biological_process,ribonucleotide metabolic process
go:GO:0009260,biological_process,ribonucleotide biosynthetic process
go:GO:0009261,biological_process,ribonucleotide catabolic process
go:GO:0009262,biological_process,deoxyribonucleotide metabolic process
go:GO:0009263,biological_process,deoxyribonucleotide biosynthetic process
go:GO:0009265,biological_process,2'-deoxyribonucleotide biosynthetic process
go:GO:0009266,biological_process,response to temperature stimulus
go:GO:0009267,biological_process,cellular response to starvation
go:GO:0009299,biological_process,mRNA transcription
go:GO:0009308,biological_process,amine metabolic process
go:GO:0009309,biological_process,amine biosynthetic process
go:GO:0009314,biological_process,response to radiation
go:GO:0009394,biological_process,2'-deoxyribonucleotide metabolic process
go:GO:0009408,biological_process,response to heat
go:GO:0009410,biological_process,response to xenobiotic stimulus
go:GO:0009411,biological_process,response to UV
go:GO:0009416,biological_process,response to light stimulus
go:GO:0009451,biological_process,RNA modification
go:GO:0009581,biological_process,detection of external stimulus
go:GO:0009582,biological_process,detection of abiotic stimulus
go:GO:0009593,biological_process,detection of chemical stimulus
go:GO:0009605,biological_process,response to external stimulus
go:GO:0009607,biological_process,response to biotic stimulus
go:GO:0009611,biological_process,response to wounding
go:GO:0009612,biological_process,response to mechanical stimulus
go:GO:0009615,biological_process,response to virus
go:GO:0009617,biological_process,response to bacterium
go:GO:0009628,biological_process,response to abiotic stimulus
go:GO:0009636,biological_process,response to toxic substance
go:GO:0009648,biological_process,photoperiodism
go:GO:0009649,biological_process,entrainment of circadian clock
go:GO:0009653,biological_process,anatomical structure morphogenesis
go:GO:0009712,biological_process,catechol-containing compound metabolic process
go:GO:0009713,biological_process,catechol-containing compound biosynthetic process
go:GO:0009719,biological_process,response to endogenous stimulus
go:GO:0009725,biological_process,response to hormone
go:GO:0009743,biological_process,response to carbohydrate
go:GO:0009746,biological_process,response to hexose
go:GO:0009749,biological_process,response to glucose
go:GO:0009755,biological_process,hormone-mediated signaling pathway
go:GO:0009756,biological_process,carbohydrate mediated signaling
go:GO:0009757,biological_process,hexose mediated signaling
go:GO:0009790,biological_process,embryo development
go:GO:0009791,biological_process,post-embryonic development
go:GO:0009792,biological_process,embryo development ending in birth or egg hatching
go:GO:0009794,biological_process,"regulation of mitotic cell cycle, embryonic"
go:GO:0009799,biological_process,specification of symmetry
go:GO:0009855,biological_process,determination of bilateral symmetry
go:GO:0009887,biological_process,animal organ morphogenesis
go:GO:0009888,biological_process,tissue development
go:GO:0009889,biological_process,regulation of biosynthetic process
go:GO:0009890,biological_process,negative regulation of biosynthetic process
go:GO:0009891,biological_process,positive regulation of biosynthetic process
go:GO:0009892,biological_process,negative regulation of metabolic process
go:GO:0009893,biological_process,positive regulation of metabolic process
go:GO:0009894,biological_process,regulation of catabolic process
go:GO:0009895,biological_process,negative regulation of catabolic process
go:GO:0009896,biological_process,positive regulation of catabolic process
go:GO:0009913,biological_process,epidermal cell differentiation
go:GO:0009952,biological_process,anterior/posterior pattern specification
go:GO:0009966,biological_process,regulation of signal transduction
go:GO:0009967,biological_process,positive regulation of signal transduction
go:GO:0009968,biological_process,negative regulation of signal transduction
go:GO:0009987,biological_process,cellular process
go:GO:0010001,biological_process,glial cell differentiation
go:GO:0010002,biological_process,cardioblast differentiation
go:GO:0010032,biological_process,meiotic chromosome condensation
go:GO:0010038,biological_process,response to metal ion
go:GO:0010039,biological_process,response to iron ion
go:GO:0010040,biological_process,response to iron(II) ion
go:GO:0010042,biological_process,response to manganese ion
go:GO:0010044,biological_process,response to aluminum ion
go:GO:0010092,biological_process,specification of animal organ identity
go:GO:0010165,biological_process,response to X-ray
go:GO:0010171,biological_process,body morphogenesis
go:GO:0010182,biological_process,sugar mediated signaling pathway
go:GO:0010212,biological_process,response to ionizing radiation
go:GO:0010232,biological_process,vascular transport
go:GO:0010248,biological_process,establishment or maintenance of transmembrane electrochemical gradient
go:GO:0010255,biological_process,glucose mediated signaling pathway
go:GO:0010256,biological_process,endomembrane system organization
go:GO:0010257,biological_process,NADH dehydrogenase complex assembly
go:GO:0010286,biological_process,heat acclimation
go:GO:0010288,biological_process,response to lead ion
go:GO:0010310,biological_process,regulation of hydrogen peroxide metabolic process
go:GO:0010324,biological_process,membrane invagination
go:GO:0010332,biological_process,response to gamma radiation
go:GO:0010389,biological_process,regulation of G2/M transition of mitotic cell cycle
go:GO:0010453,biological_process,regulation of cell fate commitment
go:GO:0010455,biological_process,positive regulation of cell fate commitment
go:GO:0010460,biological_process,positive regulation of heart rate
go:GO:0010463,biological_process,mesenchymal cell proliferation
go:GO:0010464,biological_process,regulation of mesenchymal cell proliferation
go:GO:0010467,biological_process,gene expression
go:GO:0010468,biological_process,regulation of gene expression
go:GO:0010498,biological_process,proteasomal protein catabolic process
go:GO:0010506,biological_process,regulation of autophagy
go:GO:0010507,biological_process,negative regulation of autophagy
go:GO:0010508,biological_process,positive regulation of autophagy
go:GO:0010517,biological_process,regulation of phospholipase activity
go:GO:0010518,biological_process,positive regulation of phospholipase activity
go:GO:0010522,biological_process,regulation of calcium ion transport into cytosol
go:GO:0010523,biological_process,negative regulation of calcium ion transport into cytosol
go:GO:0010526,biological_process,transposable element silencing
go:GO:0010543,biological_process,regulation of platelet activation
go:GO:0010544,biological_process,negative regulation of platelet activation
go:GO:0010556,biological_process,regulation of macromolecule biosynthetic process
go:GO:0010557,biological_process,positive regulation of macromolecule biosynthetic process
go:GO:0010558,biological_process,negative regulation of macromolecule biosynthetic process
go:GO:0010559,biological_process,regulation of glycoprotein biosynthetic process
go:GO:0010560,biological_process,positive regulation of glycoprotein biosynthetic process
go:GO:0010562,biological_process,positive regulation of phosphorus metabolic process
go:GO:0010564,biological_process,regulation of cell cycle process
go:GO:0010565,biological_process,regulation of ketone metabolic process
go:GO:0010569,biological_process,regulation of double-strand break repair via homologous recombination
go:GO:0010574,biological_process,regulation of vascular endothelial growth factor production
go:GO:0010575,biological_process,positive regulation of vascular endothelial growth factor production
go:GO:0010591,biological_process,regulation of lamellipodium assembly
go:GO:0010592,biological_process,positive regulation of lamellipodium assembly
go:GO:0010594,biological_process,regulation of endothelial cell migration
go:GO:0010595,biological_process,positive regulation of endothelial cell migration
go:GO:0010596,biological_process,negative regulation of endothelial cell migration
go:GO:0010604,biological_process,positive regulation of macromolecule metabolic process
go:GO:0010605,biological_process,negative regulation of macromolecule metabolic process
go:GO:0010608,biological_process,post-transcriptional regulation of gene expression
go:GO:0010611,biological_process,regulation of cardiac muscle hypertrophy
go:GO:0010614,biological_process,negative regulation of cardiac muscle hypertrophy
go:GO:0010628,biological_process,positive regulation of gene expression
go:GO:0010629,biological_process,negative regulation of gene expression
go:GO:0010632,biological_process,regulation of epithelial cell migration
go:GO:0010634,biological_process,positive regulation of epithelial cell migration
go:GO:0010638,biological_process,positive regulation of organelle organization
go:GO:0010639,biological_process,negative regulation of organelle organization
go:GO:0010640,biological_process,regulation of platelet-derived growth factor receptor signaling pathway
go:GO:0010642,biological_process,negative regulation of platelet-derived growth factor receptor signaling pathway
go:GO:0010644,biological_process,cell communication by electrical coupling
go:GO:0010646,biological_process,regulation of cell communication
go:GO:0010647,biological_process,positive regulation of cell communication
go:GO:0010648,biological_process,negative regulation of cell communication
go:GO:0010649,biological_process,regulation of cell communication by electrical coupling
go:GO:0010656,biological_process,negative regulation of muscle cell apoptotic process
go:GO:0010660,biological_process,regulation of muscle cell apoptotic process
go:GO:0010661,biological_process,positive regulation of muscle cell apoptotic process
go:GO:0010662,biological_process,regulation of striated muscle cell apoptotic process
go:GO:0010663,biological_process,positive regulation of striated muscle cell apoptotic process
go:GO:0010665,biological_process,regulation of cardiac muscle cell apoptotic process
go:GO:0010666,biological_process,positive regulation of cardiac muscle cell apoptotic process
go:GO:0010669,biological_process,epithelial structure maintenance
go:GO:0010717,biological_process,regulation of epithelial to mesenchymal transition
go:GO:0010718,biological_process,positive regulation of epithelial to mesenchymal transition
go:GO:0010719,biological_process,negative regulation of epithelial to mesenchymal transition
go:GO:0010720,biological_process,positive regulation of cell development
go:GO:0010721,biological_process,negative regulation of cell development
go:GO:0010725,biological_process,regulation of primitive erythrocyte differentiation
go:GO:0010743,biological_process,regulation of macrophage derived foam cell differentiation
go:GO:0010745,biological_process,negative regulation of macrophage derived foam cell differentiation
go:GO:0010746,biological_process,regulation of long-chain fatty acid import across plasma membrane
go:GO:0010748,biological_process,negative regulation of long-chain fatty acid import across plasma membrane
go:GO:0010765,biological_process,positive regulation of sodium ion transport
go:GO:0010770,biological_process,positive regulation of cell morphogenesis
go:GO:0010803,biological_process,regulation of tumor necrosis factor-mediated signaling pathway
go:GO:0010807,biological_process,regulation of synaptic vesicle priming
go:GO:0010808,biological_process,positive regulation of synaptic vesicle priming
go:GO:0010810,biological_process,regulation of cell-substrate adhesion
go:GO:0010811,biological_process,positive regulation of cell-substrate adhesion
go:GO:0010812,biological_process,negative regulation of cell-substrate adhesion
go:GO:0010815,biological_process,bradykinin catabolic process
go:GO:0010817,biological_process,regulation of hormone levels
go:GO:0010818,biological_process,T cell chemotaxis
go:GO:0010821,biological_process,regulation of mitochondrion organization
go:GO:0010824,biological_process,regulation of centrosome duplication
go:GO:0010826,biological_process,negative regulation of centrosome duplication
go:GO:0010827,biological_process,regulation of D-glucose transmembrane transport
go:GO:0010828,biological_process,positive regulation of D-glucose transmembrane transport
go:GO:0010829,biological_process,negative regulation of D-glucose transmembrane transport
go:GO:0010837,biological_process,regulation of keratinocyte proliferation
go:GO:0010839,biological_process,negative regulation of keratinocyte proliferation
go:GO:0010874,biological_process,regulation of cholesterol efflux
go:GO:0010875,biological_process,positive regulation of cholesterol efflux
go:GO:0010876,biological_process,lipid localization
go:GO:0010877,biological_process,lipid transport involved in lipid storage
go:GO:0010880,biological_process,regulation of release of sequestered calcium ion into cytosol by sarcoplasmic reticulum
go:GO:0010881,biological_process,regulation of cardiac muscle contraction by regulation of the release of sequestered calcium ion
go:GO:0010882,biological_process,regulation of cardiac muscle contraction by calcium ion signaling
go:GO:0010883,biological_process,regulation of lipid storage
go:GO:0010888,biological_process,negative regulation of lipid storage
go:GO:0010894,biological_process,negative regulation of steroid biosynthetic process
go:GO:0010906,biological_process,regulation of glucose metabolic process
go:GO:0010907,biological_process,positive regulation of glucose metabolic process
go:GO:0010908,biological_process,regulation of heparan sulfate proteoglycan biosynthetic process
go:GO:0010909,biological_process,positive regulation of heparan sulfate proteoglycan biosynthetic process
go:GO:0010918,biological_process,positive regulation of mitochondrial membrane potential
go:GO:0010919,biological_process,regulation of inositol phosphate biosynthetic process
go:GO:0010927,biological_process,cellular component assembly involved in morphogenesis
go:GO:0010948,biological_process,negative regulation of cell cycle process
go:GO:0010954,biological_process,positive regulation of protein processing
go:GO:0010959,biological_process,regulation of metal ion transport
go:GO:0010962,biological_process,regulation of glucan biosynthetic process
go:GO:0010965,biological_process,regulation of mitotic sister chromatid separation
go:GO:0010970,biological_process,transport along microtubule
go:GO:0010971,biological_process,positive regulation of G2/M transition of mitotic cell cycle
go:GO:0010972,biological_process,negative regulation of G2/M transition of mitotic cell cycle
go:GO:0010975,biological_process,regulation of neuron projection development
go:GO:0010976,biological_process,positive regulation of neuron projection development
go:GO:0010977,biological_process,negative regulation of neuron projection development
go:GO:0010984,biological_process,regulation of lipoprotein particle clearance
go:GO:0010985,biological_process,negative regulation of lipoprotein particle clearance
go:GO:0010988,biological_process,regulation of low-density lipoprotein particle clearance
go:GO:0010989,biological_process,negative regulation of low-density lipoprotein particle clearance
go:GO:0010992,biological_process,ubiquitin recycling
go:GO:0012501,biological_process,programmed cell death
go:GO:0014009,biological_process,glial cell proliferation
go:GO:0014012,biological_process,peripheral nervous system axon regeneration
go:GO:0014020,biological_process,primary neural tube formation
go:GO:0014037,biological_process,Schwann cell differentiation
go:GO:0014044,biological_process,Schwann cell development
go:GO:0014048,biological_process,regulation of glutamate secretion
go:GO:0014049,biological_process,positive regulation of glutamate secretion
go:GO:0014059,biological_process,regulation of dopamine secretion
go:GO:0014074,biological_process,response to purine-containing compound
go:GO:0014075,biological_process,response to amine
go:GO:0014706,biological_process,striated muscle tissue development
go:GO:0014741,biological_process,negative regulation of muscle hypertrophy
go:GO:0014743,biological_process,regulation of muscle hypertrophy
go:GO:0014823,biological_process,response to activity
go:GO:0014902,biological_process,myotube differentiation
go:GO:0014904,biological_process,myotube cell development
go:GO:0014910,biological_process,regulation of smooth muscle cell migration
go:GO:0014911,biological_process,positive regulation of smooth muscle cell migration
go:GO:0014912,biological_process,negative regulation of smooth muscle cell migration
go:GO:0015012,biological_process,heparan sulfate proteoglycan biosynthetic process
go:GO:0015031,biological_process,protein transport
go:GO:0015074,biological_process,DNA integration
go:GO:0015693,biological_process,magnesium ion transport
go:GO:0015698,biological_process,inorganic anion transport
go:GO:0015701,biological_process,bicarbonate transport
go:GO:0015705,biological_process,iodide transport
go:GO:0015718,biological_process,monocarboxylic acid transport
go:GO:0015748,biological_process,organophosphate ester transport
go:GO:0015833,biological_process,peptide transport
go:GO:0015849,biological_process,organic acid transport
go:GO:0015850,biological_process,organic hydroxy compound transport
go:GO:0015878,biological_process,biotin transport
go:GO:0015887,biological_process,pantothenate transmembrane transport
go:GO:0015908,biological_process,fatty acid transport
go:GO:0015909,biological_process,long-chain fatty acid transport
go:GO:0015914,biological_process,phospholipid transport
go:GO:0015918,biological_process,sterol transport
go:GO:0015931,biological_process,nucleobase-containing compound transport
go:GO:0015936,biological_process,coenzyme A metabolic process
go:GO:0015937,biological_process,coenzyme A biosynthetic process
go:GO:0015980,biological_process,energy derivation by oxidation of organic compounds
go:GO:0015986,biological_process,proton motive force-driven ATP synthesis
go:GO:0016032,biological_process,viral process
go:GO:0016042,biological_process,lipid catabolic process
go:GO:0016043,biological_process,cellular component organization
go:GO:0016048,biological_process,detection of temperature stimulus
go:GO:0016049,biological_process,cell growth
go:GO:0016050,biological_process,vesicle organization
go:GO:0016051,biological_process,carbohydrate biosynthetic process
go:GO:0016052,biological_process,carbohydrate catabolic process
go:GO:0016055,biological_process,Wnt signaling pathway
go:GO:0016070,biological_process,RNA metabolic process
go:GO:0016071,biological_process,mRNA metabolic process
go:GO:0016072,biological_process,rRNA metabolic process
go:GO:0016078,biological_process,tRNA decay
go:GO:0016079,biological_process,synaptic vesicle exocytosis
go:GO:0016082,biological_process,synaptic vesicle priming
go:GO:0016101,biological_process,diterpenoid metabolic process
go:GO:0016114,biological_process,terpenoid biosynthetic process
go:GO:0016125,biological_process,sterol metabolic process
go:GO:0016126,biological_process,sterol biosynthetic process
go:GO:0016188,biological_process,synaptic vesicle maturation
go:GO:0016192,biological_process,vesicle-mediated transport
go:GO:0016197,biological_process,endosomal transport
go:GO:0016202,biological_process,regulation of striated muscle tissue development
go:GO:0016236,biological_process,macroautophagy
go:GO:0016239,biological_process,positive regulation of macroautophagy
go:GO:0016241,biological_process,regulation of macroautophagy
go:GO:0016310,biological_process,phosphorylation
go:GO:0016311,biological_process,dephosphorylation
go:GO:0016331,biological_process,morphogenesis of embryonic epithelium
go:GO:0016338,biological_process,calcium-independent cell-cell adhesion
go:GO:0016358,biological_process,dendrite development
go:GO:0016441,biological_process,post-transcriptional gene silencing
go:GO:0016444,biological_process,somatic cell DNA recombination
go:GO:0016445,biological_process,somatic diversification of immunoglobulins
go:GO:0016447,biological_process,somatic recombination of immunoglobulin gene segments
go:GO:0016477,biological_process,cell migration
go:GO:0016479,biological_process,negative regulation of transcription by RNA polymerase I
go:GO:0016482,biological_process,cytosolic transport
go:GO:0016485,biological_process,protein processing
go:GO:0016486,biological_process,peptide hormone processing
go:GO:0016525,biological_process,negative regulation of angiogenesis
go:GO:0016556,biological_process,mRNA modification
go:GO:0016567,biological_process,protein ubiquitination
go:GO:0016579,biological_process,protein deubiquitination
go:GO:0016601,biological_process,Rac protein signal transduction
go:GO:0016925,biological_process,protein sumoylation
go:GO:0017015,biological_process,regulation of transforming growth factor beta receptor signaling pathway
go:GO:0017038,biological_process,protein import
go:GO:0017085,biological_process,response to insecticide
go:GO:0017148,biological_process,negative regulation of translation
go:GO:0017156,biological_process,calcium-ion regulated exocytosis
go:GO:0017157,biological_process,regulation of exocytosis
go:GO:0017158,biological_process,regulation of calcium ion-dependent exocytosis
go:GO:0017183,biological_process,protein histidyl modification to diphthamide
go:GO:0018022,biological_process,peptidyl-lysine methylation
go:GO:0018026,biological_process,peptidyl-lysine monomethylation
go:GO:0018027,biological_process,peptidyl-lysine dimethylation
go:GO:0018105,biological_process,peptidyl-serine phosphorylation
go:GO:0018107,biological_process,peptidyl-threonine phosphorylation
go:GO:0018108,biological_process,peptidyl-tyrosine phosphorylation
go:GO:0018205,biological_process,peptidyl-lysine modification
go:GO:0018393,biological_process,internal peptidyl-lysine acetylation
go:GO:0018394,biological_process,peptidyl-lysine acetylation
go:GO:0018958,biological_process,phenol-containing compound metabolic process
go:GO:0019058,biological_process,viral life cycle
go:GO:0019068,biological_process,virion assembly
go:GO:0019076,biological_process,viral release from host cell
go:GO:0019079,biological_process,viral genome replication
go:GO:0019080,biological_process,viral gene expression
go:GO:0019082,biological_process,viral protein processing
go:GO:0019083,biological_process,viral transcription
go:GO:0019086,biological_process,late viral transcription
go:GO:0019216,biological_process,regulation of lipid metabolic process
go:GO:0019217,biological_process,regulation of fatty acid metabolic process
go:GO:0019218,biological_process,regulation of steroid metabolic process
go:GO:0019219,biological_process,regulation of nucleobase-containing compound metabolic process
go:GO:0019221,biological_process,cytokine-mediated signaling pathway
go:GO:0019222,biological_process,regulation of metabolic process
go:GO:0019229,biological_process,regulation of vasoconstriction
go:GO:0019233,biological_process,sensory perception of pain
go:GO:0019287,biological_process,"isopentenyl diphosphate biosynthetic process, mevalonate pathway"
go:GO:0019318,biological_process,hexose metabolic process
go:GO:0019319,biological_process,hexose biosynthetic process
go:GO:0019320,biological_process,hexose catabolic process
go:GO:0019364,biological_process,pyridine nucleotide catabolic process
go:GO:0019369,biological_process,arachidonate metabolic process
go:GO:0019477,biological_process,L-lysine catabolic process
go:GO:0019538,biological_process,protein metabolic process
go:GO:0019626,biological_process,short-chain fatty acid catabolic process
go:GO:0019637,biological_process,organophosphate metabolic process
go:GO:0019646,biological_process,aerobic electron transport chain
go:GO:0019693,biological_process,ribose phosphate metabolic process
go:GO:0019722,biological_process,calcium-mediated signaling
go:GO:0019725,biological_process,cellular homeostasis
go:GO:0019730,biological_process,antimicrobial humoral response
go:GO:0019752,biological_process,carboxylic acid metabolic process
go:GO:0019827,biological_process,stem cell population maintenance
go:GO:0019882,biological_process,antigen processing and presentation
go:GO:0019883,biological_process,antigen processing and presentation of endogenous antigen
go:GO:0019884,biological_process,antigen processing and presentation of exogenous antigen
go:GO:0019885,biological_process,antigen processing and presentation of endogenous peptide antigen via MHC class I
go:GO:0019886,biological_process,antigen processing and presentation of exogenous peptide antigen via MHC class II
go:GO:0019896,biological_process,axonal transport of mitochondrion
go:GO:0019915,biological_process,lipid storage
go:GO:0019941,biological_process,modification-dependent protein catabolic process
go:GO:0019953,biological_process,sexual reproduction
go:GO:0021510,biological_process,spinal cord development
go:GO:0021532,biological_process,neural tube patterning
go:GO:0021536,biological_process,diencephalon development
go:GO:0021537,biological_process,telencephalon development
go:GO:0021539,biological_process,subthalamus development
go:GO:0021543,biological_process,pallium development
go:GO:0021545,biological_process,cranial nerve development
go:GO:0021548,biological_process,pons development
go:GO:0021549,biological_process,cerebellum development
go:GO:0021555,biological_process,midbrain-hindbrain boundary morphogenesis
go:GO:0021591,biological_process,ventricular system development
go:GO:0021592,biological_process,fourth ventricle development
go:GO:0021670,biological_process,lateral ventricle development
go:GO:0021675,biological_process,nerve development
go:GO:0021678,biological_process,third ventricle development
go:GO:0021680,biological_process,cerebellar Purkinje cell layer development
go:GO:0021695,biological_process,cerebellar cortex development
go:GO:0021700,biological_process,developmental maturation
go:GO:0021761,biological_process,limbic system development
go:GO:0021762,biological_process,substantia nigra development
go:GO:0021766,biological_process,hippocampus development
go:GO:0021781,biological_process,glial cell fate commitment
go:GO:0021782,biological_process,glial cell development
go:GO:0021794,biological_process,thalamus development
go:GO:0021854,biological_process,hypothalamus development
go:GO:0021859,biological_process,pyramidal neuron differentiation
go:GO:0021860,biological_process,pyramidal neuron development
go:GO:0021861,biological_process,forebrain radial glial cell differentiation
go:GO:0021872,biological_process,forebrain generation of neurons
go:GO:0021879,biological_process,forebrain neuron differentiation
go:GO:0021884,biological_process,forebrain neuron development
go:GO:0021885,biological_process,forebrain cell migration
go:GO:0021903,biological_process,rostrocaudal neural tube patterning
go:GO:0021915,biological_process,neural tube development
go:GO:0021952,biological_process,central nervous system projection neuron axonogenesis
go:GO:0021953,biological_process,central nervous system neuron differentiation
go:GO:0021954,biological_process,central nervous system neuron development
go:GO:0021955,biological_process,central nervous system neuron axonogenesis
go:GO:0021960,biological_process,anterior commissure morphogenesis
go:GO:0021983,biological_process,pituitary gland development
go:GO:0021987,biological_process,cerebral cortex development
go:GO:0021993,biological_process,initiation of neural tube closure
go:GO:0022008,biological_process,neurogenesis
go:GO:0022029,biological_process,telencephalon cell migration
go:GO:0022037,biological_process,metencephalon development
go:GO:0022402,biological_process,cell cycle process
go:GO:0022407,biological_process,regulation of cell-cell adhesion
go:GO:0022408,biological_process,negative regulation of cell-cell adhesion
go:GO:0022409,biological_process,positive regulation of cell-cell adhesion
go:GO:0022411,biological_process,cellular component disassembly
go:GO:0022412,biological_process,cellular process involved in reproduction in multicellular organism
go:GO:0022414,biological_process,reproductive process
go:GO:0022600,biological_process,digestive system process
go:GO:0022602,biological_process,ovulation cycle process
go:GO:0022603,biological_process,regulation of anatomical structure morphogenesis
go:GO:0022604,biological_process,regulation of cell morphogenesis
go:GO:0022607,biological_process,cellular component assembly
go:GO:0022613,biological_process,ribonucleoprotein complex biogenesis
go:GO:0022617,biological_process,extracellular matrix disassembly
go:GO:0022618,biological_process,protein-RNA complex assembly
go:GO:0022898,biological_process,regulation of transmembrane transporter activity
go:GO:0022900,biological_process,electron transport chain
go:GO:0022904,biological_process,respiratory electron transport chain
go:GO:0023051,biological_process,regulation of signaling
go:GO:0023052,biological_process,signaling
go:GO:0023056,biological_process,positive regulation of signaling
go:GO:0023057,biological_process,negative regulation of signaling
go:GO:0023061,biological_process,signal release
go:GO:0030001,biological_process,metal ion transport
go:GO:0030003,biological_process,intracellular monoatomic cation homeostasis
go:GO:0030007,biological_process,intracellular potassium ion homeostasis
go:GO:0030010,biological_process,establishment of cell polarity
go:GO:0030011,biological_process,maintenance of cell polarity
go:GO:0030029,biological_process,actin filament-based process
go:GO:0030030,biological_process,cell projection organization
go:GO:0030031,biological_process,cell projection assembly
go:GO:0030032,biological_process,lamellipodium assembly
go:GO:0030036,biological_process,actin cytoskeleton organization
go:GO:0030038,biological_process,contractile actin filament bundle assembly
go:GO:0030041,biological_process,actin filament polymerization
go:GO:0030042,biological_process,actin filament depolymerization
go:GO:0030071,biological_process,regulation of mitotic metaphase/anaphase transition
go:GO:0030097,biological_process,hemopoiesis
go:GO:0030098,biological_process,lymphocyte differentiation
go:GO:0030099,biological_process,myeloid cell differentiation
go:GO:0030100,biological_process,regulation of endocytosis
go:GO:0030101,biological_process,natural killer cell activation
go:GO:0030111,biological_process,regulation of Wnt signaling pathway
go:GO:0030154,biological_process,cell differentiation
go:GO:0030155,biological_process,regulation of cell adhesion
go:GO:0030162,biological_process,regulation of proteolysis
go:GO:0030163,biological_process,protein catabolic process
go:GO:0030166,biological_process,proteoglycan biosynthetic process
go:GO:0030168,biological_process,platelet activation
go:GO:0030177,biological_process,positive regulation of Wnt signaling pathway
go:GO:0030178,biological_process,negative regulation of Wnt signaling pathway
go:GO:0030182,biological_process,neuron differentiation
go:GO:0030183,biological_process,B cell differentiation
go:GO:0030193,biological_process,regulation of blood coagulation
go:GO:0030195,biological_process,negative regulation of blood coagulation
go:GO:0030198,biological_process,extracellular matrix organization
go:GO:0030201,biological_process,heparan sulfate proteoglycan metabolic process
go:GO:0030203,biological_process,glycosaminoglycan metabolic process
go:GO:0030216,biological_process,keratinocyte differentiation
go:GO:0030217,biological_process,T cell differentiation
go:GO:0030218,biological_process,erythrocyte differentiation
go:GO:0030219,biological_process,megakaryocyte differentiation
go:GO:0030220,biological_process,platelet formation
go:GO:0030223,biological_process,neutrophil differentiation
go:GO:0030238,biological_process,male sex determination
go:GO:0030239,biological_process,myofibril assembly
go:GO:0030242,biological_process,autophagy of peroxisome
go:GO:0030261,biological_process,chromosome condensation
go:GO:0030277,biological_process,maintenance of gastrointestinal epithelium
go:GO:0030278,biological_process,regulation of ossification
go:GO:0030279,biological_process,negative regulation of ossification
go:GO:0030282,biological_process,bone mineralization
go:GO:0030301,biological_process,cholesterol transport
go:GO:0030307,biological_process,positive regulation of cell growth
go:GO:0030308,biological_process,negative regulation of cell growth
go:GO:0030316,biological_process,osteoclast differentiation
go:GO:0030323,biological_process,respiratory tube development
go:GO:0030324,biological_process,lung development
go:GO:0030326,biological_process,embryonic limb morphogenesis
go:GO:0030330,biological_process,"DNA damage response, signal transduction by p53 class mediator"
go:GO:0030334,biological_process,regulation of cell migration
go:GO:0030335,biological_process,positive regulation of cell migration
go:GO:0030336,biological_process,negative regulation of cell migration
go:GO:0030422,biological_process,siRNA processing
go:GO:0030449,biological_process,regulation of complement activation
go:GO:0030510,biological_process,regulation of BMP signaling pathway
go:GO:0030511,biological_process,positive regulation of transforming growth factor beta receptor signaling pathway
go:GO:0030512,biological_process,negative regulation of transforming growth factor beta receptor signaling pathway
go:GO:0030513,biological_process,positive regulation of BMP signaling pathway
go:GO:0030516,biological_process,regulation of axon extension
go:GO:0030518,biological_process,nuclear receptor-mediated steroid hormone signaling pathway
go:GO:0030520,biological_process,estrogen receptor signaling pathway
go:GO:0030521,biological_process,androgen receptor signaling pathway
go:GO:0030522,biological_process,intracellular receptor signaling pathway
go:GO:0030534,biological_process,adult behavior
go:GO:0030595,biological_process,leukocyte chemotaxis
go:GO:0030705,biological_process,cytoskeleton-dependent intracellular transport
go:GO:0030808,biological_process,regulation of nucleotide biosynthetic process
go:GO:0030810,biological_process,positive regulation of nucleotide biosynthetic process
go:GO:0030811,biological_process,regulation of nucleotide catabolic process
go:GO:0030813,biological_process,positive regulation of nucleotide catabolic process
go:GO:0030832,biological_process,regulation of actin filament length
go:GO:0030833,biological_process,regulation of actin filament polymerization
go:GO:0030834,biological_process,regulation of actin filament depolymerization
go:GO:0030835,biological_process,negative regulation of actin filament depolymerization
go:GO:0030837,biological_process,negative regulation of actin filament polymerization
go:GO:0030838,biological_process,positive regulation of actin filament polymerization
go:GO:0030851,biological_process,granulocyte differentiation
go:GO:0030852,biological_process,regulation of granulocyte differentiation
go:GO:0030854,biological_process,positive regulation of granulocyte differentiation
go:GO:0030855,biological_process,epithelial cell differentiation
go:GO:0030856,biological_process,regulation of epithelial cell differentiation
go:GO:0030857,biological_process,negative regulation of epithelial cell differentiation
go:GO:0030858,biological_process,positive regulation of epithelial cell differentiation
go:GO:0030865,biological_process,cortical cytoskeleton organization
go:GO:0030866,biological_process,cortical actin cytoskeleton organization
go:GO:0030879,biological_process,mammary gland development
go:GO:0030888,biological_process,regulation of B cell proliferation
go:GO:0030889,biological_process,negative regulation of B cell proliferation
go:GO:0030890,biological_process,positive regulation of B cell proliferation
go:GO:0030900,biological_process,forebrain development
go:GO:0030901,biological_process,midbrain development
go:GO:0030902,biological_process,hindbrain development
go:GO:0030910,biological_process,olfactory placode formation
go:GO:0030917,biological_process,midbrain-hindbrain boundary development
go:GO:0030947,biological_process,regulation of vascular endothelial growth factor receptor signaling pathway
go:GO:0030948,biological_process,negative regulation of vascular endothelial growth factor receptor signaling pathway
go:GO:0030949,biological_process,positive regulation of vascular endothelial growth factor receptor signaling pathway
go:GO:0030968,biological_process,endoplasmic reticulum unfolded protein response
go:GO:0030970,biological_process,"retrograde protein transport, ER to cytosol"
go:GO:0030997,biological_process,regulation of centriole-centriole cohesion
go:GO:0031016,biological_process,pancreas development
go:GO:0031023,biological_process,microtubule organizing center organization
go:GO:0031032,biological_process,actomyosin structure organization
go:GO:0031047,biological_process,regulatory ncRNA-mediated gene silencing
go:GO:0031053,biological_process,primary miRNA processing
go:GO:0031054,biological_process,pre-miRNA processing
go:GO:0031076,biological_process,embryonic camera-type eye development
go:GO:0031098,biological_process,stress-activated protein kinase signaling cascade
go:GO:0031099,biological_process,regeneration
go:GO:0031100,biological_process,animal organ regeneration
go:GO:0031102,biological_process,neuron projection regeneration
go:GO:0031103,biological_process,axon regeneration
go:GO:0031110,biological_process,regulation of microtubule polymerization or depolymerization
go:GO:0031111,biological_process,negative regulation of microtubule polymerization or depolymerization
go:GO:0031112,biological_process,positive regulation of microtubule polymerization or depolymerization
go:GO:0031113,biological_process,regulation of microtubule polymerization
go:GO:0031114,biological_process,regulation of microtubule depolymerization
go:GO:0031115,biological_process,negative regulation of microtubule polymerization
go:GO:0031116,biological_process,positive regulation of microtubule polymerization
go:GO:0031122,biological_process,cytoplasmic microtubule organization
go:GO:0031123,biological_process,RNA 3'-end processing
go:GO:0031146,biological_process,SCF-dependent proteasomal ubiquitin-dependent protein catabolic process
go:GO:0031175,biological_process,neuron projection development
go:GO:0031204,biological_process,"post-translational protein targeting to membrane, translocation"
go:GO:0031214,biological_process,biomineral tissue development
go:GO:0031247,biological_process,actin rod assembly
go:GO:0031293,biological_process,membrane protein intracellular domain proteolysis
go:GO:0031294,biological_process,lymphocyte costimulation
go:GO:0031295,biological_process,T cell costimulation
go:GO:0031297,biological_process,replication fork processing
go:GO:0031333,biological_process,negative regulation of protein-containing complex assembly
go:GO:0031334,biological_process,positive regulation of protein-containing complex assembly
go:GO:0031338,biological_process,regulation of vesicle fusion
go:GO:0031340,biological_process,positive regulation of vesicle fusion
go:GO:0031344,biological_process,regulation of cell projection organization
go:GO:0031345,biological_process,negative regulation of cell projection organization
go:GO:0031346,biological_process,positive regulation of cell projection organization
go:GO:0031347,biological_process,regulation of defense response
go:GO:0031348,biological_process,negative regulation of defense response
go:GO:0031349,biological_process,positive regulation of defense response
go:GO:0031396,biological_process,regulation of protein ubiquitination
go:GO:0031397,biological_process,negative regulation of protein ubiquitination
go:GO:0031398,biological_process,positive regulation of protein ubiquitination
go:GO:0031399,biological_process,regulation of protein modification process
go:GO:0031400,biological_process,negative regulation of protein modification process
go:GO:0031401,biological_process,positive regulation of protein modification process
go:GO:0031440,biological_process,regulation of mRNA 3'-end processing
go:GO:0031442,biological_process,positive regulation of mRNA 3'-end processing
go:GO:0031468,biological_process,nuclear membrane reassembly
go:GO:0031507,biological_process,heterochromatin formation
go:GO:0031509,biological_process,subtelomeric heterochromatin formation
go:GO:0031529,biological_process,ruffle organization
go:GO:0031570,biological_process,DNA integrity checkpoint signaling
go:GO:0031571,biological_process,mitotic G1 DNA damage checkpoint signaling
go:GO:0031577,biological_process,spindle checkpoint signaling
go:GO:0031589,biological_process,cell-substrate adhesion
go:GO:0031623,biological_process,receptor internalization
go:GO:0031630,biological_process,regulation of synaptic vesicle fusion to presynaptic active zone membrane
go:GO:0031640,biological_process,killing of cells of another organism
go:GO:0031647,biological_process,regulation of protein stability
go:GO:0031648,biological_process,protein destabilization
go:GO:0031663,biological_process,lipopolysaccharide-mediated signaling pathway
go:GO:0031667,biological_process,response to nutrient levels
go:GO:0031669,biological_process,cellular response to nutrient levels
go:GO:0031670,biological_process,cellular response to nutrient
go:GO:0031915,biological_process,positive regulation of synaptic plasticity
go:GO:0031943,biological_process,regulation of glucocorticoid metabolic process
go:GO:0031960,biological_process,response to corticosteroid
go:GO:0031998,biological_process,regulation of fatty acid beta-oxidation
go:GO:0032000,biological_process,positive regulation of fatty acid beta-oxidation
go:GO:0032006,biological_process,regulation of TOR signaling
go:GO:0032007,biological_process,negative regulation of TOR signaling
go:GO:0032008,biological_process,positive regulation of TOR signaling
go:GO:0032024,biological_process,positive regulation of insulin secretion
go:GO:0032025,biological_process,response to cobalt ion
go:GO:0032026,biological_process,response to magnesium ion
go:GO:0032042,biological_process,mitochondrial DNA metabolic process
go:GO:0032056,biological_process,positive regulation of translation in response to stress
go:GO:0032057,biological_process,negative regulation of translational initiation in response to stress
go:GO:0032092,biological_process,positive regulation of protein binding
go:GO:0032101,biological_process,regulation of response to external stimulus
go:GO:0032102,biological_process,negative regulation of response to external stimulus
go:GO:0032103,biological_process,positive regulation of response to external stimulus
go:GO:0032147,biological_process,activation of protein kinase activity
go:GO:0032200,biological_process,telomere organization
go:GO:0032204,biological_process,regulation of telomere maintenance
go:GO:0032205,biological_process,negative regulation of telomere maintenance
go:GO:0032206,biological_process,positive regulation of telomere maintenance
go:GO:0032210,biological_process,regulation of telomere maintenance via telomerase
go:GO:0032212,biological_process,positive regulation of telomere maintenance via telomerase
go:GO:0032228,biological_process,"regulation of synaptic transmission, GABAergic"
go:GO:0032229,biological_process,"negative regulation of synaptic transmission, GABAergic"
go:GO:0032239,biological_process,regulation of nucleobase-containing compound transport
go:GO:0032241,biological_process,positive regulation of nucleobase-containing compound transport
go:GO:0032252,biological_process,secretory granule localization
go:GO:0032253,biological_process,dense core granule localization
go:GO:0032259,biological_process,methylation
go:GO:0032261,biological_process,purine nucleotide salvage
go:GO:0032271,biological_process,regulation of protein polymerization
go:GO:0032272,biological_process,negative regulation of protein polymerization
go:GO:0032273,biological_process,positive regulation of protein polymerization
go:GO:0032350,biological_process,regulation of hormone metabolic process
go:GO:0032355,biological_process,response to estradiol
go:GO:0032368,biological_process,regulation of lipid transport
go:GO:0032369,biological_process,negative regulation of lipid transport
go:GO:0032370,biological_process,positive regulation of lipid transport
go:GO:0032371,biological_process,regulation of sterol transport
go:GO:0032372,biological_process,negative regulation of sterol transport
go:GO:0032373,biological_process,positive regulation of sterol transport
go:GO:0032374,biological_process,regulation of cholesterol transport
go:GO:0032375,biological_process,negative regulation of cholesterol transport
go:GO:0032376,biological_process,positive regulation of cholesterol transport
go:GO:0032386,biological_process,regulation of intracellular transport
go:GO:0032387,biological_process,negative regulation of intracellular transport
go:GO:0032388,biological_process,positive regulation of intracellular transport
go:GO:0032392,biological_process,DNA geometric change
go:GO:0032410,biological_process,negative regulation of transporter activity
go:GO:0032413,biological_process,negative regulation of ion transmembrane transporter activity
go:GO:0032434,biological_process,regulation of proteasomal ubiquitin-dependent protein catabolic process
go:GO:0032435,biological_process,negative regulation of proteasomal ubiquitin-dependent protein catabolic process
go:GO:0032436,biological_process,positive regulation of proteasomal ubiquitin-dependent protein catabolic process
go:GO:0032438,biological_process,melanosome organization
go:GO:0032446,biological_process,protein modification by small protein conjugation
go:GO:0032459,biological_process,regulation of protein oligomerization
go:GO:0032460,biological_process,negative regulation of protein oligomerization
go:GO:0032465,biological_process,regulation of cytokinesis
go:GO:0032467,biological_process,positive regulation of cytokinesis
go:GO:0032469,biological_process,endoplasmic reticulum calcium ion homeostasis
go:GO:0032479,biological_process,regulation of type I interferon production
go:GO:0032481,biological_process,positive regulation of type I interferon production
go:GO:0032489,biological_process,regulation of Cdc42 protein signal transduction
go:GO:0032496,biological_process,response to lipopolysaccharide
go:GO:0032501,biological_process,multicellular organismal process
go:GO:0032502,biological_process,developmental process
go:GO:0032506,biological_process,cytokinetic process
go:GO:0032507,biological_process,maintenance of protein location in cell
go:GO:0032509,biological_process,endosome transport via multivesicular body sorting pathway
go:GO:0032510,biological_process,endosome to lysosome transport via multivesicular body sorting pathway
go:GO:0032526,biological_process,response to retinoic acid
go:GO:0032530,biological_process,regulation of microvillus organization
go:GO:0032532,biological_process,regulation of microvillus length
go:GO:0032535,biological_process,regulation of cellular component size
go:GO:0032536,biological_process,regulation of cell projection size
go:GO:0032543,biological_process,mitochondrial translation
go:GO:0032570,biological_process,response to progesterone
go:GO:0032594,biological_process,protein transport within lipid bilayer
go:GO:0032596,biological_process,protein transport into membrane raft
go:GO:0032647,biological_process,regulation of interferon-alpha production
go:GO:0032648,biological_process,regulation of interferon-beta production
go:GO:0032649,biological_process,regulation of type II interferon production
go:GO:0032655,biological_process,regulation of interleukin-12 production
go:GO:0032661,biological_process,regulation of interleukin-18 production
go:GO:0032663,biological_process,regulation of interleukin-2 production
go:GO:0032675,biological_process,regulation of interleukin-6 production
go:GO:0032680,biological_process,regulation of tumor necrosis factor production
go:GO:0032689,biological_process,negative regulation of type II interferon production
go:GO:0032695,biological_process,negative regulation of interleukin-12 production
go:GO:0032715,biological_process,negative regulation of interleukin-6 production
go:GO:0032727,biological_process,positive regulation of interferon-alpha production
go:GO:0032728,biological_process,positive regulation of interferon-beta production
go:GO:0032729,biological_process,positive regulation of type II interferon production
go:GO:0032741,biological_process,positive regulation of interleukin-18 production
go:GO:0032743,biological_process,positive regulation of interleukin-2 production
go:GO:0032755,biological_process,positive regulation of interleukin-6 production
go:GO:0032760,biological_process,positive regulation of tumor necrosis factor production
go:GO:0032774,biological_process,RNA biosynthetic process
go:GO:0032780,biological_process,negative regulation of ATP-dependent activity
go:GO:0032781,biological_process,positive regulation of ATP-dependent activity
go:GO:0032784,biological_process,regulation of DNA-templated transcription elongation
go:GO:0032785,biological_process,"negative regulation of DNA-templated transcription, elongation"
go:GO:0032786,biological_process,"positive regulation of DNA-templated transcription, elongation"
go:GO:0032787,biological_process,monocarboxylic acid metabolic process
go:GO:0032790,biological_process,ribosome disassembly
go:GO:0032801,biological_process,receptor catabolic process
go:GO:0032803,biological_process,regulation of low-density lipoprotein particle receptor catabolic process
go:GO:0032805,biological_process,positive regulation of low-density lipoprotein particle receptor catabolic process
go:GO:0032868,biological_process,response to insulin
go:GO:0032869,biological_process,cellular response to insulin stimulus
go:GO:0032870,biological_process,cellular response to hormone stimulus
go:GO:0032879,biological_process,regulation of localization
go:GO:0032880,biological_process,regulation of protein localization
go:GO:0032881,biological_process,regulation of polysaccharide metabolic process
go:GO:0032885,biological_process,regulation of polysaccharide biosynthetic process
go:GO:0032886,biological_process,regulation of microtubule-based process
go:GO:0032890,biological_process,regulation of organic acid transport
go:GO:0032891,biological_process,negative regulation of organic acid transport
go:GO:0032892,biological_process,positive regulation of organic acid transport
go:GO:0032908,biological_process,regulation of transforming growth factor beta1 production
go:GO:0032911,biological_process,negative regulation of transforming growth factor beta1 production
go:GO:0032922,biological_process,circadian regulation of gene expression
go:GO:0032924,biological_process,activin receptor signaling pathway
go:GO:0032925,biological_process,regulation of activin receptor signaling pathway
go:GO:0032927,biological_process,positive regulation of activin receptor signaling pathway
go:GO:0032933,biological_process,SREBP signaling pathway
go:GO:0032940,biological_process,secretion by cell
go:GO:0032944,biological_process,regulation of mononuclear cell proliferation
go:GO:0032945,biological_process,negative regulation of mononuclear cell proliferation
go:GO:0032946,biological_process,positive regulation of mononuclear cell proliferation
go:GO:0032956,biological_process,regulation of actin cytoskeleton organization
go:GO:0032963,biological_process,collagen metabolic process
go:GO:0032964,biological_process,collagen biosynthetic process
go:GO:0032968,biological_process,positive regulation of transcription elongation by RNA polymerase II
go:GO:0032970,biological_process,regulation of actin filament-based process
go:GO:0032979,biological_process,protein insertion into mitochondrial inner membrane from matrix
go:GO:0032981,biological_process,mitochondrial respiratory chain complex I assembly
go:GO:0032984,biological_process,protein-containing complex disassembly
go:GO:0032986,biological_process,protein-DNA complex disassembly
go:GO:0032989,biological_process,cellular anatomical entity morphogenesis
go:GO:0033013,biological_process,tetrapyrrole metabolic process
go:GO:0033014,biological_process,tetrapyrrole biosynthetic process
go:GO:0033028,biological_process,myeloid cell apoptotic process
go:GO:0033036,biological_process,macromolecule localization
go:GO:0033043,biological_process,regulation of organelle organization
go:GO:0033044,biological_process,regulation of chromosome organization
go:GO:0033045,biological_process,regulation of sister chromatid segregation
go:GO:0033046,biological_process,negative regulation of sister chromatid segregation
go:GO:0033047,biological_process,regulation of mitotic sister chromatid segregation
go:GO:0033048,biological_process,negative regulation of mitotic sister chromatid segregation
go:GO:0033059,biological_process,cellular pigmentation
go:GO:0033077,biological_process,T cell differentiation in thymus
go:GO:0033108,biological_process,mitochondrial respiratory chain complex assembly
go:GO:0033119,biological_process,negative regulation of RNA splicing
go:GO:0033121,biological_process,regulation of purine nucleotide catabolic process
go:GO:0033123,biological_process,positive regulation of purine nucleotide catabolic process
go:GO:0033135,biological_process,regulation of peptidyl-serine phosphorylation
go:GO:0033138,biological_process,positive regulation of peptidyl-serine phosphorylation
go:GO:0033143,biological_process,regulation of intracellular steroid hormone receptor signaling pathway
go:GO:0033144,biological_process,negative regulation of intracellular steroid hormone receptor signaling pathway
go:GO:0033145,biological_process,positive regulation of intracellular steroid hormone receptor signaling pathway
go:GO:0033146,biological_process,regulation of intracellular estrogen receptor signaling pathway
go:GO:0033148,biological_process,positive regulation of intracellular estrogen receptor signaling pathway
go:GO:0033151,biological_process,V(D)J recombination
go:GO:0033152,biological_process,immunoglobulin V(D)J recombination
go:GO:0033157,biological_process,regulation of intracellular protein transport
go:GO:0033173,biological_process,calcineurin-NFAT signaling cascade
go:GO:0033189,biological_process,response to vitamin A
go:GO:0033194,biological_process,response to hydroperoxide
go:GO:0033197,biological_process,response to vitamin E
go:GO:0033198,biological_process,response to ATP
go:GO:0033209,biological_process,tumor necrosis factor-mediated signaling pathway
go:GO:0033233,biological_process,regulation of protein sumoylation
go:GO:0033234,biological_process,negative regulation of protein sumoylation
go:GO:0033235,biological_process,positive regulation of protein sumoylation
go:GO:0033238,biological_process,regulation of amine metabolic process
go:GO:0033239,biological_process,negative regulation of amine metabolic process
go:GO:0033273,biological_process,response to vitamin
go:GO:0033344,biological_process,cholesterol efflux
go:GO:0033365,biological_process,protein localization to organelle
go:GO:0033383,biological_process,geranyl diphosphate metabolic process
go:GO:0033384,biological_process,geranyl diphosphate biosynthetic process
go:GO:0033385,biological_process,geranylgeranyl diphosphate metabolic process
go:GO:0033386,biological_process,geranylgeranyl diphosphate biosynthetic process
go:GO:0033484,biological_process,intracellular nitric oxide homeostasis
go:GO:0033500,biological_process,carbohydrate homeostasis
go:GO:0033554,biological_process,cellular response to stress
go:GO:0033559,biological_process,unsaturated fatty acid metabolic process
go:GO:0033603,biological_process,positive regulation of dopamine secretion
go:GO:0033605,biological_process,positive regulation of catecholamine secretion
go:GO:0033615,biological_process,mitochondrial proton-transporting ATP synthase complex assembly
go:GO:0033619,biological_process,membrane protein proteolysis
go:GO:0033622,biological_process,integrin activation
go:GO:0033623,biological_process,regulation of integrin activation
go:GO:0033625,biological_process,positive regulation of integrin activation
go:GO:0033627,biological_process,cell adhesion mediated by integrin
go:GO:0033673,biological_process,negative regulation of kinase activity
go:GO:0033674,biological_process,positive regulation of kinase activity
go:GO:0033688,biological_process,regulation of osteoblast proliferation
go:GO:0033690,biological_process,positive regulation of osteoblast proliferation
go:GO:0033700,biological_process,phospholipid efflux
go:GO:0033993,biological_process,response to lipid
go:GO:0034085,biological_process,establishment of sister chromatid cohesion
go:GO:0034086,biological_process,maintenance of sister chromatid cohesion
go:GO:0034087,biological_process,establishment of mitotic sister chromatid cohesion
go:GO:0034088,biological_process,maintenance of mitotic sister chromatid cohesion
go:GO:0034097,biological_process,response to cytokine
go:GO:0034101,biological_process,erythrocyte homeostasis
go:GO:0034103,biological_process,regulation of tissue remodeling
go:GO:0034104,biological_process,negative regulation of tissue remodeling
go:GO:0034109,biological_process,homotypic cell-cell adhesion
go:GO:0034110,biological_process,regulation of homotypic cell-cell adhesion
go:GO:0034112,biological_process,positive regulation of homotypic cell-cell adhesion
go:GO:0034113,biological_process,heterotypic cell-cell adhesion
go:GO:0034121,biological_process,regulation of toll-like receptor signaling pathway
go:GO:0034123,biological_process,positive regulation of toll-like receptor signaling pathway
go:GO:0034138,biological_process,toll-like receptor 3 signaling pathway
go:GO:0034139,biological_process,regulation of toll-like receptor 3 signaling pathway
go:GO:0034142,biological_process,toll-like receptor 4 signaling pathway
go:GO:0034198,biological_process,cellular response to amino acid starvation
go:GO:0034214,biological_process,protein hexamerization
go:GO:0034220,biological_process,monoatomic ion transmembrane transport
go:GO:0034243,biological_process,regulation of transcription elongation by RNA polymerase II
go:GO:0034244,biological_process,negative regulation of transcription elongation by RNA polymerase II
go:GO:0034260,biological_process,negative regulation of GTPase activity
go:GO:0034284,biological_process,response to monosaccharide
go:GO:0034314,biological_process,Arp2/3 complex-mediated actin nucleation
go:GO:0034315,biological_process,regulation of Arp2/3 complex-mediated actin nucleation
go:GO:0034329,biological_process,cell junction assembly
go:GO:0034330,biological_process,cell junction organization
go:GO:0034332,biological_process,adherens junction organization
go:GO:0034333,biological_process,adherens junction assembly
go:GO:0034340,biological_process,response to type I interferon
go:GO:0034341,biological_process,response to type II interferon
go:GO:0034349,biological_process,glial cell apoptotic process
go:GO:0034367,biological_process,protein-containing complex remodeling
go:GO:0034368,biological_process,protein-lipid complex remodeling
go:GO:0034369,biological_process,plasma lipoprotein particle remodeling
go:GO:0034370,biological_process,triglyceride-rich lipoprotein particle remodeling
go:GO:0034372,biological_process,very-low-density lipoprotein particle remodeling
go:GO:0034374,biological_process,low-density lipoprotein particle remodeling
go:GO:0034375,biological_process,high-density lipoprotein particle remodeling
go:GO:0034377,biological_process,plasma lipoprotein particle assembly
go:GO:0034380,biological_process,high-density lipoprotein particle assembly
go:GO:0034381,biological_process,plasma lipoprotein particle clearance
go:GO:0034382,biological_process,chylomicron remnant clearance
go:GO:0034384,biological_process,high-density lipoprotein particle clearance
go:GO:0034391,biological_process,regulation of smooth muscle cell apoptotic process
go:GO:0034392,biological_process,negative regulation of smooth muscle cell apoptotic process
go:GO:0034393,biological_process,positive regulation of smooth muscle cell apoptotic process
go:GO:0034394,biological_process,protein localization to cell surface
go:GO:0034405,biological_process,response to fluid shear stress
go:GO:0034446,biological_process,substrate adhesion-dependent cell spreading
go:GO:0034447,biological_process,very-low-density lipoprotein particle clearance
go:GO:0034502,biological_process,protein localization to chromosome
go:GO:0034504,biological_process,protein localization to nucleus
go:GO:0034599,biological_process,cellular response to oxidative stress
go:GO:0034605,biological_process,cellular response to heat
go:GO:0034612,biological_process,response to tumor necrosis factor
go:GO:0034614,biological_process,cellular response to reactive oxygen species
go:GO:0034620,biological_process,cellular response to unfolded protein
go:GO:0034635,biological_process,glutathione transport
go:GO:0034643,biological_process,"establishment of mitochondrion localization, microtubule-mediated"
go:GO:0034644,biological_process,cellular response to UV
go:GO:0034654,biological_process,nucleobase-containing compound biosynthetic process
go:GO:0034655,biological_process,nucleobase-containing compound catabolic process
go:GO:0034728,biological_process,nucleosome organization
go:GO:0034762,biological_process,regulation of transmembrane transport
go:GO:0034763,biological_process,negative regulation of transmembrane transport
go:GO:0034764,biological_process,positive regulation of transmembrane transport
go:GO:0034765,biological_process,regulation of monoatomic ion transmembrane transport
go:GO:0034766,biological_process,negative regulation of monoatomic ion transmembrane transport
go:GO:0034767,biological_process,positive regulation of monoatomic ion transmembrane transport
go:GO:0034975,biological_process,protein folding in endoplasmic reticulum
go:GO:0034976,biological_process,response to endoplasmic reticulum stress
go:GO:0035019,biological_process,somatic stem cell population maintenance
go:GO:0035020,biological_process,regulation of Rac protein signal transduction
go:GO:0035022,biological_process,positive regulation of Rac protein signal transduction
go:GO:0035023,biological_process,regulation of Rho protein signal transduction
go:GO:0035050,biological_process,embryonic heart tube development
go:GO:0035051,biological_process,cardiocyte differentiation
go:GO:0035088,biological_process,establishment or maintenance of apical/basal cell polarity
go:GO:0035094,biological_process,response to nicotine
go:GO:0035107,biological_process,appendage morphogenesis
go:GO:0035108,biological_process,limb morphogenesis
go:GO:0035113,biological_process,embryonic appendage morphogenesis
go:GO:0035148,biological_process,tube formation
go:GO:0035150,biological_process,regulation of tube size
go:GO:0035162,biological_process,embryonic hemopoiesis
go:GO:0035194,biological_process,regulatory ncRNA-mediated post-transcriptional gene silencing
go:GO:0035195,biological_process,miRNA-mediated post-transcriptional gene silencing
go:GO:0035196,biological_process,miRNA processing
go:GO:0035239,biological_process,tube morphogenesis
go:GO:0035264,biological_process,multicellular organism growth
go:GO:0035265,biological_process,organ growth
go:GO:0035270,biological_process,endocrine system development
go:GO:0035295,biological_process,tube development
go:GO:0035296,biological_process,regulation of tube diameter
go:GO:0035303,biological_process,regulation of dephosphorylation
go:GO:0035306,biological_process,positive regulation of dephosphorylation
go:GO:0035313,biological_process,"wound healing, spreading of epidermal cells"
go:GO:0035315,biological_process,hair cell differentiation
go:GO:0035330,biological_process,regulation of hippo signaling
go:GO:0035331,biological_process,negative regulation of hippo signaling
go:GO:0035332,biological_process,positive regulation of hippo signaling
go:GO:0035335,biological_process,peptidyl-tyrosine dephosphorylation
go:GO:0035358,biological_process,regulation of peroxisome proliferator activated receptor signaling pathway
go:GO:0035359,biological_process,negative regulation of peroxisome proliferator activated receptor signaling pathway
go:GO:0035435,biological_process,phosphate ion transmembrane transport
go:GO:0035437,biological_process,maintenance of protein localization in endoplasmic reticulum
go:GO:0035456,biological_process,response to interferon-beta
go:GO:0035458,biological_process,cellular response to interferon-beta
go:GO:0035461,biological_process,vitamin transmembrane transport
go:GO:0035493,biological_process,SNARE complex assembly
go:GO:0035519,biological_process,protein K29-linked ubiquitination
go:GO:0035542,biological_process,regulation of SNARE complex assembly
go:GO:0035543,biological_process,positive regulation of SNARE complex assembly
go:GO:0035556,biological_process,intracellular signal transduction
go:GO:0035563,biological_process,positive regulation of chromatin binding
go:GO:0035567,biological_process,non-canonical Wnt signaling pathway
go:GO:0035601,biological_process,protein deacylation
go:GO:0035633,biological_process,maintenance of blood-brain barrier
go:GO:0035640,biological_process,exploration behavior
go:GO:0035641,biological_process,locomotory exploration behavior
go:GO:0035666,biological_process,TRIF-dependent toll-like receptor signaling pathway
go:GO:0035725,biological_process,sodium ion transmembrane transport
go:GO:0035771,biological_process,interleukin-4-mediated signaling pathway
go:GO:0035774,biological_process,positive regulation of insulin secretion involved in cellular response to glucose stimulus
go:GO:0035791,biological_process,platelet-derived growth factor receptor-beta signaling pathway
go:GO:0035794,biological_process,positive regulation of mitochondrial membrane permeability
go:GO:0035821,biological_process,modulation of process of another organism
go:GO:0035825,biological_process,homologous recombination
go:GO:0035855,biological_process,megakaryocyte development
go:GO:0035872,biological_process,"nucleotide-binding domain, leucine rich repeat containing receptor signaling pathway"
go:GO:0035891,biological_process,exit from host cell
go:GO:0035904,biological_process,aorta development
go:GO:0035905,biological_process,ascending aorta development
go:GO:0035907,biological_process,dorsal aorta development
go:GO:0035909,biological_process,aorta morphogenesis
go:GO:0035910,biological_process,ascending aorta morphogenesis
go:GO:0035912,biological_process,dorsal aorta morphogenesis
go:GO:0035914,biological_process,skeletal muscle cell differentiation
go:GO:0035924,biological_process,cellular response to vascular endothelial growth factor stimulus
go:GO:0035945,biological_process,mitochondrial ncRNA surveillance
go:GO:0035946,biological_process,mitochondrial mRNA surveillance
go:GO:0035966,biological_process,response to topologically incorrect protein
go:GO:0035967,biological_process,cellular response to topologically incorrect protein
go:GO:0035987,biological_process,endodermal cell differentiation
go:GO:0035994,biological_process,response to muscle stretch
go:GO:0035995,biological_process,detection of muscle stretch
go:GO:0036015,biological_process,response to interleukin-3
go:GO:0036016,biological_process,cellular response to interleukin-3
go:GO:0036022,biological_process,limb joint morphogenesis
go:GO:0036023,biological_process,embryonic skeletal limb joint morphogenesis
go:GO:0036092,biological_process,phosphatidylinositol-3-phosphate biosynthetic process
go:GO:0036119,biological_process,response to platelet-derived growth factor
go:GO:0036120,biological_process,cellular response to platelet-derived growth factor stimulus
go:GO:0036145,biological_process,dendritic cell homeostasis
go:GO:0036196,biological_process,zymosterol metabolic process
go:GO:0036197,biological_process,zymosterol biosynthetic process
go:GO:0036211,biological_process,protein modification process
go:GO:0036257,biological_process,multivesicular body organization
go:GO:0036258,biological_process,multivesicular body assembly
go:GO:0036268,biological_process,swimming
go:GO:0036269,biological_process,swimming behavior
go:GO:0036289,biological_process,peptidyl-serine autophosphorylation
go:GO:0036293,biological_process,response to decreased oxygen levels
go:GO:0036294,biological_process,cellular response to decreased oxygen levels
go:GO:0036296,biological_process,response to increased oxygen levels
go:GO:0036302,biological_process,atrioventricular canal development
go:GO:0036314,biological_process,response to sterol
go:GO:0036315,biological_process,cellular response to sterol
go:GO:0036316,biological_process,SREBP-SCAP complex retention in endoplasmic reticulum
go:GO:0036324,biological_process,vascular endothelial growth factor receptor-2 signaling pathway
go:GO:0036344,biological_process,platelet morphogenesis
go:GO:0036376,biological_process,sodium ion export across plasma membrane
go:GO:0036465,biological_process,synaptic vesicle recycling
go:GO:0036480,biological_process,neuron intrinsic apoptotic signaling pathway in response to oxidative stress
go:GO:0036490,biological_process,regulation of translation in response to endoplasmic reticulum stress
go:GO:0036491,biological_process,regulation of translation initiation in response to endoplasmic reticulum stress
go:GO:0036493,biological_process,positive regulation of translation in response to endoplasmic reticulum stress
go:GO:0036498,biological_process,IRE1-mediated unfolded protein response
go:GO:0036499,biological_process,PERK-mediated unfolded protein response
go:GO:0036500,biological_process,ATF6-mediated unfolded protein response
go:GO:0036503,biological_process,ERAD pathway
go:GO:0036520,biological_process,astrocyte-dopaminergic neuron signaling
go:GO:0038020,biological_process,insulin receptor recycling
go:GO:0038027,biological_process,apolipoprotein A-I-mediated signaling pathway
go:GO:0038034,biological_process,signal transduction in absence of ligand
go:GO:0038060,biological_process,nitric oxide-cGMP-mediated signaling
go:GO:0038061,biological_process,non-canonical NF-kappaB signal transduction
go:GO:0038066,biological_process,p38MAPK cascade
go:GO:0038083,biological_process,peptidyl-tyrosine autophosphorylation
go:GO:0038084,biological_process,vascular endothelial growth factor signaling pathway
go:GO:0038092,biological_process,nodal signaling pathway
go:GO:0038093,biological_process,Fc receptor signaling pathway
go:GO:0038094,biological_process,Fc-gamma receptor signaling pathway
go:GO:0038095,biological_process,Fc-epsilon receptor signaling pathway
go:GO:0038096,biological_process,Fc-gamma receptor signaling pathway involved in phagocytosis
go:GO:0038111,biological_process,interleukin-7-mediated signaling pathway
go:GO:0038113,biological_process,interleukin-9-mediated signaling pathway
go:GO:0038127,biological_process,ERBB signaling pathway
go:GO:0038128,biological_process,ERBB2 signaling pathway
go:GO:0038129,biological_process,ERBB3 signaling pathway
go:GO:0038133,biological_process,ERBB2-ERBB3 signaling pathway
go:GO:0038146,biological_process,chemokine (C-X-C motif) ligand 12 signaling pathway
go:GO:0038158,biological_process,granulocyte colony-stimulating factor signaling pathway
go:GO:0038159,biological_process,C-X-C chemokine receptor CXCR4 signaling pathway
go:GO:0038160,biological_process,CXCL12-activated CXCR4 signaling pathway
go:GO:0038166,biological_process,angiotensin-activated signaling pathway
go:GO:0038172,biological_process,interleukin-33-mediated signaling pathway
go:GO:0038173,biological_process,interleukin-17A-mediated signaling pathway
go:GO:0038179,biological_process,neurotrophin signaling pathway
go:GO:0039530,biological_process,MDA-5 signaling pathway
go:GO:0039531,biological_process,regulation of cytoplasmic pattern recognition receptor signaling pathway
go:GO:0039532,biological_process,negative regulation of cytoplasmic pattern recognition receptor signaling pathway
go:GO:0039533,biological_process,regulation of MDA-5 signaling pathway
go:GO:0039534,biological_process,negative regulation of MDA-5 signaling pathway
go:GO:0039535,biological_process,regulation of RIG-I signaling pathway
go:GO:0039536,biological_process,negative regulation of RIG-I signaling pathway
go:GO:0039692,biological_process,single stranded viral RNA replication via double stranded DNA intermediate
go:GO:0039694,biological_process,viral RNA genome replication
go:GO:0039695,biological_process,DNA-templated viral transcription
go:GO:0039702,biological_process,viral budding via host ESCRT complex
go:GO:0040001,biological_process,establishment of mitotic spindle localization
go:GO:0040007,biological_process,growth
go:GO:0040008,biological_process,regulation of growth
go:GO:0040011,biological_process,locomotion
go:GO:0040012,biological_process,regulation of locomotion
go:GO:0040013,biological_process,negative regulation of locomotion
go:GO:0040017,biological_process,positive regulation of locomotion
go:GO:0040029,biological_process,epigenetic regulation of gene expression
go:GO:0042048,biological_process,olfactory behavior
go:GO:0042053,biological_process,regulation of dopamine metabolic process
go:GO:0042058,biological_process,regulation of epidermal growth factor receptor signaling pathway
go:GO:0042060,biological_process,wound healing
go:GO:0042063,biological_process,gliogenesis
go:GO:0042069,biological_process,regulation of catecholamine metabolic process
go:GO:0042102,biological_process,positive regulation of T cell proliferation
go:GO:0042110,biological_process,T cell activation
go:GO:0042113,biological_process,B cell activation
go:GO:0042116,biological_process,macrophage activation
go:GO:0042127,biological_process,regulation of cell population proliferation
go:GO:0042129,biological_process,regulation of T cell proliferation
go:GO:0042130,biological_process,negative regulation of T cell proliferation
go:GO:0042149,biological_process,cellular response to glucose starvation
go:GO:0042157,biological_process,lipoprotein metabolic process
go:GO:0042158,biological_process,lipoprotein biosynthetic process
go:GO:0042168,biological_process,heme metabolic process
go:GO:0042176,biological_process,regulation of protein catabolic process
go:GO:0042177,biological_process,negative regulation of protein catabolic process
go:GO:0042220,biological_process,response to cocaine
go:GO:0042221,biological_process,response to chemical
go:GO:0042254,biological_process,ribosome biogenesis
go:GO:0042255,biological_process,ribosome assembly
go:GO:0042256,biological_process,cytosolic ribosome assembly
go:GO:0042274,biological_process,ribosomal small subunit biogenesis
go:GO:0042306,biological_process,regulation of protein import into nucleus
go:GO:0042307,biological_process,positive regulation of protein import into nucleus
go:GO:0042311,biological_process,vasodilation
go:GO:0042325,biological_process,regulation of phosphorylation
go:GO:0042326,biological_process,negative regulation of phosphorylation
go:GO:0042327,biological_process,positive regulation of phosphorylation
go:GO:0042330,biological_process,taxis
go:GO:0042391,biological_process,regulation of membrane potential
go:GO:0042401,biological_process,biogenic amine biosynthetic process
go:GO:0042416,biological_process,dopamine biosynthetic process
go:GO:0042417,biological_process,dopamine metabolic process
go:GO:0042423,biological_process,catecholamine biosynthetic process
go:GO:0042440,biological_process,pigment metabolic process
go:GO:0042445,biological_process,hormone metabolic process
go:GO:0042446,biological_process,hormone biosynthetic process
go:GO:0042447,biological_process,hormone catabolic process
go:GO:0042461,biological_process,photoreceptor cell development
go:GO:0042462,biological_process,eye photoreceptor cell development
go:GO:0042490,biological_process,mechanoreceptor differentiation
go:GO:0042542,biological_process,response to hydrogen peroxide
go:GO:0042551,biological_process,neuron maturation
go:GO:0042552,biological_process,myelination
go:GO:0042592,biological_process,homeostatic process
go:GO:0042593,biological_process,glucose homeostasis
go:GO:0042594,biological_process,response to starvation
go:GO:0042632,biological_process,cholesterol homeostasis
go:GO:0042634,biological_process,regulation of hair cycle
go:GO:0042635,biological_process,positive regulation of hair cycle
go:GO:0042659,biological_process,regulation of cell fate specification
go:GO:0042670,biological_process,retinal cone cell differentiation
go:GO:0042692,biological_process,muscle cell differentiation
go:GO:0042698,biological_process,ovulation cycle
go:GO:0042742,biological_process,defense response to bacterium
go:GO:0042752,biological_process,regulation of circadian rhythm
go:GO:0042770,biological_process,signal transduction in response to DNA damage
go:GO:0042771,biological_process,intrinsic apoptotic signaling pathway in response to DNA damage by p53 class mediator
go:GO:0042773,biological_process,ATP synthesis coupled electron transport
go:GO:0042775,biological_process,mitochondrial ATP synthesis coupled electron transport
go:GO:0042776,biological_process,proton motive force-driven mitochondrial ATP synthesis
go:GO:0042780,biological_process,tRNA 3'-end processing
go:GO:0042789,biological_process,mRNA transcription by RNA polymerase II
go:GO:0042939,biological_process,tripeptide transport
go:GO:0042981,biological_process,regulation of apoptotic process
go:GO:0042982,biological_process,amyloid precursor protein metabolic process
go:GO:0042996,biological_process,regulation of Golgi to plasma membrane protein transport
go:GO:0042997,biological_process,negative regulation of Golgi to plasma membrane protein transport
go:GO:0043001,biological_process,Golgi to plasma membrane protein transport
go:GO:0043009,biological_process,chordate embryonic development
go:GO:0043010,biological_process,camera-type eye development
go:GO:0043011,biological_process,myeloid dendritic cell differentiation
go:GO:0043029,biological_process,T cell homeostasis
go:GO:0043062,biological_process,extracellular structure organization
go:GO:0043065,biological_process,positive regulation of apoptotic process
go:GO:0043066,biological_process,negative regulation of apoptotic process
go:GO:0043067,biological_process,regulation of programmed cell death
go:GO:0043068,biological_process,positive regulation of programmed cell death
go:GO:0043069,biological_process,negative regulation of programmed cell death
go:GO:0043085,biological_process,positive regulation of catalytic activity
go:GO:0043086,biological_process,negative regulation of catalytic activity
go:GO:0043087,biological_process,regulation of GTPase activity
go:GO:0043094,biological_process,metabolic compound salvage
go:GO:0043101,biological_process,purine-containing compound salvage
go:GO:0043112,biological_process,receptor metabolic process
go:GO:0043113,biological_process,receptor clustering
go:GO:0043114,biological_process,regulation of vascular permeability
go:GO:0043116,biological_process,negative regulation of vascular permeability
go:GO:0043117,biological_process,positive regulation of vascular permeability
go:GO:0043122,biological_process,regulation of canonical NF-kappaB signal transduction
go:GO:0043123,biological_process,positive regulation of canonical NF-kappaB signal transduction
go:GO:0043124,biological_process,negative regulation of canonical NF-kappaB signal transduction
go:GO:0043149,biological_process,stress fiber assembly
go:GO:0043153,biological_process,entrainment of circadian clock by photoperiod
go:GO:0043161,biological_process,proteasome-mediated ubiquitin-dependent protein catabolic process
go:GO:0043162,biological_process,ubiquitin-dependent protein catabolic process via the multivesicular body sorting pathway
go:GO:0043170,biological_process,macromolecule metabolic process
go:GO:0043171,biological_process,peptide catabolic process
go:GO:0043173,biological_process,nucleotide salvage
go:GO:0043200,biological_process,response to amino acid
go:GO:0043201,biological_process,response to L-leucine
go:GO:0043207,biological_process,response to external biotic stimulus
go:GO:0043242,biological_process,negative regulation of protein-containing complex disassembly
go:GO:0043243,biological_process,positive regulation of protein-containing complex disassembly
go:GO:0043244,biological_process,regulation of protein-containing complex disassembly
go:GO:0043248,biological_process,proteasome assembly
go:GO:0043254,biological_process,regulation of protein-containing complex assembly
go:GO:0043255,biological_process,regulation of carbohydrate biosynthetic process
go:GO:0043266,biological_process,regulation of potassium ion transport
go:GO:0043267,biological_process,negative regulation of potassium ion transport
go:GO:0043268,biological_process,positive regulation of potassium ion transport
go:GO:0043269,biological_process,regulation of monoatomic ion transport
go:GO:0043270,biological_process,positive regulation of monoatomic ion transport
go:GO:0043271,biological_process,negative regulation of monoatomic ion transport
go:GO:0043276,biological_process,anoikis
go:GO:0043277,biological_process,apoptotic cell clearance
go:GO:0043279,biological_process,response to alkaloid
go:GO:0043297,biological_process,apical junction assembly
go:GO:0043300,biological_process,regulation of leukocyte degranulation
go:GO:0043302,biological_process,positive regulation of leukocyte degranulation
go:GO:0043304,biological_process,regulation of mast cell degranulation
go:GO:0043306,biological_process,positive regulation of mast cell degranulation
go:GO:0043309,biological_process,regulation of eosinophil degranulation
go:GO:0043311,biological_process,positive regulation of eosinophil degranulation
go:GO:0043330,biological_process,response to exogenous dsRNA
go:GO:0043331,biological_process,response to dsRNA
go:GO:0043368,biological_process,positive T cell selection
go:GO:0043370,biological_process,"regulation of CD4-positive, alpha-beta T cell differentiation"
go:GO:0043372,biological_process,"positive regulation of CD4-positive, alpha-beta T cell differentiation"
go:GO:0043392,biological_process,negative regulation of DNA binding
go:GO:0043393,biological_process,regulation of protein binding
go:GO:0043401,biological_process,steroid hormone receptor signaling pathway
go:GO:0043405,biological_process,regulation of MAP kinase activity
go:GO:0043406,biological_process,positive regulation of MAP kinase activity
go:GO:0043407,biological_process,negative regulation of MAP kinase activity
go:GO:0043408,biological_process,regulation of MAPK cascade
go:GO:0043409,biological_process,negative regulation of MAPK cascade
go:GO:0043410,biological_process,positive regulation of MAPK cascade
go:GO:0043412,biological_process,macromolecule modification
go:GO:0043414,biological_process,macromolecule methylation
go:GO:0043434,biological_process,response to peptide hormone
go:GO:0043436,biological_process,oxoacid metabolic process
go:GO:0043455,biological_process,regulation of secondary metabolic process
go:GO:0043457,biological_process,regulation of cellular respiration
go:GO:0043461,biological_process,proton-transporting ATP synthase complex assembly
go:GO:0043462,biological_process,regulation of ATP-dependent activity
go:GO:0043467,biological_process,regulation of generation of precursor metabolites and energy
go:GO:0043470,biological_process,regulation of carbohydrate catabolic process
go:GO:0043473,biological_process,pigmentation
go:GO:0043484,biological_process,regulation of RNA splicing
go:GO:0043487,biological_process,regulation of RNA stability
go:GO:0043488,biological_process,regulation of mRNA stability
go:GO:0043489,biological_process,RNA stabilization
go:GO:0043491,biological_process,phosphatidylinositol 3-kinase/protein kinase B signal transduction
go:GO:0043502,biological_process,regulation of muscle adaptation
go:GO:0043506,biological_process,regulation of JUN kinase activity
go:GO:0043507,biological_process,positive regulation of JUN kinase activity
go:GO:0043516,biological_process,"regulation of DNA damage response, signal transduction by p53 class mediator"
go:GO:0043517,biological_process,"positive regulation of DNA damage response, signal transduction by p53 class mediator"
go:GO:0043518,biological_process,"negative regulation of DNA damage response, signal transduction by p53 class mediator"
go:GO:0043523,biological_process,regulation of neuron apoptotic process
go:GO:0043524,biological_process,negative regulation of neuron apoptotic process
go:GO:0043525,biological_process,positive regulation of neuron apoptotic process
go:GO:0043534,biological_process,blood vessel endothelial cell migration
go:GO:0043535,biological_process,regulation of blood vessel endothelial cell migration
go:GO:0043536,biological_process,positive regulation of blood vessel endothelial cell migration
go:GO:0043537,biological_process,negative regulation of blood vessel endothelial cell migration
go:GO:0043542,biological_process,endothelial cell migration
go:GO:0043543,biological_process,protein acylation
go:GO:0043547,biological_process,positive regulation of GTPase activity
go:GO:0043549,biological_process,regulation of kinase activity
go:GO:0043555,biological_process,regulation of translation in response to stress
go:GO:0043558,biological_process,regulation of translational initiation in response to stress
go:GO:0043562,biological_process,cellular response to nitrogen levels
go:GO:0043570,biological_process,maintenance of DNA repeat elements
go:GO:0043583,biological_process,ear development
go:GO:0043584,biological_process,nose development
go:GO:0043586,biological_process,tongue development
go:GO:0043587,biological_process,tongue morphogenesis
go:GO:0043588,biological_process,skin development
go:GO:0043627,biological_process,response to estrogen
go:GO:0043632,biological_process,modification-dependent macromolecule catabolic process
go:GO:0043648,biological_process,dicarboxylic acid metabolic process
go:GO:0043652,biological_process,engulfment of apoptotic cell
go:GO:0043687,biological_process,post-translational protein modification
go:GO:0043691,biological_process,reverse cholesterol transport
go:GO:0043903,biological_process,regulation of biological process involved in symbiotic interaction
go:GO:0043921,biological_process,host-mediated perturbation of viral transcription
go:GO:0043923,biological_process,host-mediated activation of viral transcription
go:GO:0043933,biological_process,protein-containing complex organization
go:GO:0043954,biological_process,cellular component maintenance
go:GO:0044027,biological_process,negative regulation of gene expression via chromosomal CpG island methylation
go:GO:0044029,biological_process,positive regulation of gene expression via chromosomal CpG island demethylation
go:GO:0044042,biological_process,glucan metabolic process
go:GO:0044057,biological_process,regulation of system process
go:GO:0044085,biological_process,cellular component biogenesis
go:GO:0044087,biological_process,regulation of cellular component biogenesis
go:GO:0044088,biological_process,regulation of vacuole organization
go:GO:0044089,biological_process,positive regulation of cellular component biogenesis
go:GO:0044090,biological_process,positive regulation of vacuole organization
go:GO:0044091,biological_process,membrane biogenesis
go:GO:0044092,biological_process,negative regulation of molecular function
go:GO:0044093,biological_process,positive regulation of molecular function
go:GO:0044238,biological_process,primary metabolic process
go:GO:0044272,biological_process,sulfur compound biosynthetic process
go:GO:0044281,biological_process,small molecule metabolic process
go:GO:0044282,biological_process,small molecule catabolic process
go:GO:0044283,biological_process,small molecule biosynthetic process
go:GO:0044319,biological_process,"wound healing, spreading of cells"
go:GO:0044331,biological_process,cell-cell adhesion mediated by cadherin
go:GO:0044344,biological_process,cellular response to fibroblast growth factor stimulus
go:GO:0044351,biological_process,macropinocytosis
go:GO:0044396,biological_process,actin cortical patch organization
go:GO:0044403,biological_process,biological process involved in symbiotic interaction
go:GO:0044409,biological_process,symbiont entry into host
go:GO:0044419,biological_process,biological process involved in interspecies interaction between organisms
go:GO:0044770,biological_process,cell cycle phase transition
go:GO:0044772,biological_process,mitotic cell cycle phase transition
go:GO:0044773,biological_process,mitotic DNA damage checkpoint signaling
go:GO:0044774,biological_process,mitotic DNA integrity checkpoint signaling
go:GO:0044788,biological_process,host-mediated perturbation of viral process
go:GO:0044790,biological_process,suppression of viral release by host
go:GO:0044794,biological_process,host-mediated activation of viral process
go:GO:0044818,biological_process,mitotic G2/M transition checkpoint
go:GO:0044819,biological_process,mitotic G1/S transition checkpoint signaling
go:GO:0044839,biological_process,cell cycle G2/M phase transition
go:GO:0044843,biological_process,cell cycle G1/S phase transition
go:GO:0044849,biological_process,estrous cycle
go:GO:0044860,biological_process,protein localization to plasma membrane raft
go:GO:0044861,biological_process,protein transport into plasma membrane raft
go:GO:0045005,biological_process,DNA-templated DNA replication maintenance of fidelity
go:GO:0045010,biological_process,actin nucleation
go:GO:0045017,biological_process,glycerolipid biosynthetic process
go:GO:0045022,biological_process,early endosome to late endosome transport
go:GO:0045047,biological_process,protein targeting to ER
go:GO:0045048,biological_process,protein insertion into ER membrane
go:GO:0045055,biological_process,regulated exocytosis
go:GO:0045056,biological_process,transcytosis
go:GO:0045058,biological_process,T cell selection
go:GO:0045059,biological_process,positive thymic T cell selection
go:GO:0045061,biological_process,thymic T cell selection
go:GO:0045069,biological_process,regulation of viral genome replication
go:GO:0045070,biological_process,positive regulation of viral genome replication
go:GO:0045087,biological_process,innate immune response
go:GO:0045088,biological_process,regulation of innate immune response
go:GO:0045089,biological_process,positive regulation of innate immune response
go:GO:0045103,biological_process,intermediate filament-based process
go:GO:0045104,biological_process,intermediate filament cytoskeleton organization
go:GO:0045109,biological_process,intermediate filament organization
go:GO:0045124,biological_process,regulation of bone resorption
go:GO:0045137,biological_process,development of primary sexual characteristics
go:GO:0045165,biological_process,cell fate commitment
go:GO:0045184,biological_process,establishment of protein localization
go:GO:0045185,biological_process,maintenance of protein location
go:GO:0045191,biological_process,regulation of isotype switching
go:GO:0045197,biological_process,establishment or maintenance of epithelial cell apical/basal polarity
go:GO:0045214,biological_process,sarcomere organization
go:GO:0045216,biological_process,cell-cell junction organization
go:GO:0045229,biological_process,external encapsulating structure organization
go:GO:0045321,biological_process,leukocyte activation
go:GO:0045324,biological_process,late endosome to vacuole transport
go:GO:0045333,biological_process,cellular respiration
go:GO:0045337,biological_process,"trans, trans-farnesyl diphosphate biosynthetic process"
go:GO:0045338,biological_process,farnesyl diphosphate metabolic process
go:GO:0045346,biological_process,regulation of MHC class II biosynthetic process
go:GO:0045348,biological_process,positive regulation of MHC class II biosynthetic process
go:GO:0045428,biological_process,regulation of nitric oxide biosynthetic process
go:GO:0045429,biological_process,positive regulation of nitric oxide biosynthetic process
go:GO:0045444,biological_process,fat cell differentiation
go:GO:0045445,biological_process,myoblast differentiation
go:GO:0045446,biological_process,endothelial cell differentiation
go:GO:0045453,biological_process,bone resorption
go:GO:0045454,biological_process,cell redox homeostasis
go:GO:0045471,biological_process,response to ethanol
go:GO:0045475,biological_process,locomotor rhythm
go:GO:0045540,biological_process,regulation of cholesterol biosynthetic process
go:GO:0045541,biological_process,negative regulation of cholesterol biosynthetic process
go:GO:0045577,biological_process,regulation of B cell differentiation
go:GO:0045579,biological_process,positive regulation of B cell differentiation
go:GO:0045580,biological_process,regulation of T cell differentiation
go:GO:0045582,biological_process,positive regulation of T cell differentiation
go:GO:0045586,biological_process,regulation of gamma-delta T cell differentiation
go:GO:0045588,biological_process,positive regulation of gamma-delta T cell differentiation
go:GO:0045589,biological_process,regulation of regulatory T cell differentiation
go:GO:0045595,biological_process,regulation of cell differentiation
go:GO:0045596,biological_process,negative regulation of cell differentiation
go:GO:0045597,biological_process,positive regulation of cell differentiation
go:GO:0045598,biological_process,regulation of fat cell differentiation
go:GO:0045599,biological_process,negative regulation of fat cell differentiation
go:GO:0045601,biological_process,regulation of endothelial cell differentiation
go:GO:0045604,biological_process,regulation of epidermal cell differentiation
go:GO:0045606,biological_process,positive regulation of epidermal cell differentiation
go:GO:0045616,biological_process,regulation of keratinocyte differentiation
go:GO:0045618,biological_process,positive regulation of keratinocyte differentiation
go:GO:0045619,biological_process,regulation of lymphocyte differentiation
go:GO:0045621,biological_process,positive regulation of lymphocyte differentiation
go:GO:0045622,biological_process,regulation of T-helper cell differentiation
go:GO:0045624,biological_process,positive regulation of T-helper cell differentiation
go:GO:0045637,biological_process,regulation of myeloid cell differentiation
go:GO:0045639,biological_process,positive regulation of myeloid cell differentiation
go:GO:0045646,biological_process,regulation of erythrocyte differentiation
go:GO:0045648,biological_process,positive regulation of erythrocyte differentiation
go:GO:0045652,biological_process,regulation of megakaryocyte differentiation
go:GO:0045654,biological_process,positive regulation of megakaryocyte differentiation
go:GO:0045661,biological_process,regulation of myoblast differentiation
go:GO:0045662,biological_process,negative regulation of myoblast differentiation
go:GO:0045663,biological_process,positive regulation of myoblast differentiation
go:GO:0045664,biological_process,regulation of neuron differentiation
go:GO:0045665,biological_process,negative regulation of neuron differentiation
go:GO:0045666,biological_process,positive regulation of neuron differentiation
go:GO:0045667,biological_process,regulation of osteoblast differentiation
go:GO:0045668,biological_process,negative regulation of osteoblast differentiation
go:GO:0045682,biological_process,regulation of epidermis development
go:GO:0045684,biological_process,positive regulation of epidermis development
go:GO:0045719,biological_process,negative regulation of glycogen biosynthetic process
go:GO:0045721,biological_process,negative regulation of gluconeogenesis
go:GO:0045724,biological_process,positive regulation of cilium assembly
go:GO:0045725,biological_process,positive regulation of glycogen biosynthetic process
go:GO:0045727,biological_process,positive regulation of translation
go:GO:0045732,biological_process,positive regulation of protein catabolic process
go:GO:0045738,biological_process,negative regulation of DNA repair
go:GO:0045739,biological_process,positive regulation of DNA repair
go:GO:0045740,biological_process,positive regulation of DNA replication
go:GO:0045742,biological_process,positive regulation of epidermal growth factor receptor signaling pathway
go:GO:0045744,biological_process,negative regulation of G protein-coupled receptor signaling pathway
go:GO:0045746,biological_process,negative regulation of Notch signaling pathway
go:GO:0045747,biological_process,positive regulation of Notch signaling pathway
go:GO:0045765,biological_process,regulation of angiogenesis
go:GO:0045766,biological_process,positive regulation of angiogenesis
go:GO:0045773,biological_process,positive regulation of axon extension
go:GO:0045776,biological_process,negative regulation of blood pressure
go:GO:0045777,biological_process,positive regulation of blood pressure
go:GO:0045779,biological_process,negative regulation of bone resorption
go:GO:0045785,biological_process,positive regulation of cell adhesion
go:GO:0045786,biological_process,negative regulation of cell cycle
go:GO:0045787,biological_process,positive regulation of cell cycle
go:GO:0045793,biological_process,positive regulation of cell size
go:GO:0045806,biological_process,negative regulation of endocytosis
go:GO:0045807,biological_process,positive regulation of endocytosis
go:GO:0045814,biological_process,"negative regulation of gene expression, epigenetic"
go:GO:0045815,biological_process,transcription initiation-coupled chromatin remodeling
go:GO:0045821,biological_process,positive regulation of glycolytic process
go:GO:0045823,biological_process,positive regulation of heart contraction
go:GO:0045824,biological_process,negative regulation of innate immune response
go:GO:0045830,biological_process,positive regulation of isotype switching
go:GO:0045833,biological_process,negative regulation of lipid metabolic process
go:GO:0045834,biological_process,positive regulation of lipid metabolic process
go:GO:0045838,biological_process,positive regulation of membrane potential
go:GO:0045839,biological_process,negative regulation of mitotic nuclear division
go:GO:0045841,biological_process,negative regulation of mitotic metaphase/anaphase transition
go:GO:0045844,biological_process,positive regulation of striated muscle tissue development
go:GO:0045859,biological_process,regulation of protein kinase activity
go:GO:0045860,biological_process,positive regulation of protein kinase activity
go:GO:0045861,biological_process,negative regulation of proteolysis
go:GO:0045862,biological_process,positive regulation of proteolysis
go:GO:0045879,biological_process,negative regulation of smoothened signaling pathway
go:GO:0045880,biological_process,positive regulation of smoothened signaling pathway
go:GO:0045892,biological_process,negative regulation of DNA-templated transcription
go:GO:0045893,biological_process,positive regulation of DNA-templated transcription
go:GO:0045906,biological_process,negative regulation of vasoconstriction
go:GO:0045910,biological_process,negative regulation of DNA recombination
go:GO:0045911,biological_process,positive regulation of DNA recombination
go:GO:0045912,biological_process,negative regulation of carbohydrate metabolic process
go:GO:0045913,biological_process,positive regulation of carbohydrate metabolic process
go:GO:0045920,biological_process,negative regulation of exocytosis
go:GO:0045921,biological_process,positive regulation of exocytosis
go:GO:0045923,biological_process,positive regulation of fatty acid metabolic process
go:GO:0045926,biological_process,negative regulation of growth
go:GO:0045927,biological_process,positive regulation of growth
go:GO:0045930,biological_process,negative regulation of mitotic cell cycle
go:GO:0045931,biological_process,positive regulation of mitotic cell cycle
go:GO:0045932,biological_process,negative regulation of muscle contraction
go:GO:0045934,biological_process,negative regulation of nucleobase-containing compound metabolic process
go:GO:0045936,biological_process,negative regulation of phosphate metabolic process
go:GO:0045937,biological_process,positive regulation of phosphate metabolic process
go:GO:0045939,biological_process,negative regulation of steroid metabolic process
go:GO:0045940,biological_process,positive regulation of steroid metabolic process
go:GO:0045943,biological_process,positive regulation of transcription by RNA polymerase I
go:GO:0045944,biological_process,positive regulation of transcription by RNA polymerase II
go:GO:0045945,biological_process,positive regulation of transcription by RNA polymerase III
go:GO:0045947,biological_process,negative regulation of translational initiation
go:GO:0045948,biological_process,positive regulation of translational initiation
go:GO:0045963,biological_process,negative regulation of dopamine metabolic process
go:GO:0045976,biological_process,"negative regulation of mitotic cell cycle, embryonic"
go:GO:0045981,biological_process,positive regulation of nucleotide metabolic process
go:GO:0045986,biological_process,negative regulation of smooth muscle contraction
go:GO:0045995,biological_process,regulation of embryonic development
go:GO:0046031,biological_process,ADP metabolic process
go:GO:0046032,biological_process,ADP catabolic process
go:GO:0046034,biological_process,ATP metabolic process
go:GO:0046035,biological_process,CMP metabolic process
go:GO:0046053,biological_process,dAMP metabolic process
go:GO:0046068,biological_process,cGMP metabolic process
go:GO:0046073,biological_process,dTMP metabolic process
go:GO:0046148,biological_process,pigment biosynthetic process
go:GO:0046165,biological_process,alcohol biosynthetic process
go:GO:0046189,biological_process,phenol-containing compound biosynthetic process
go:GO:0046320,biological_process,regulation of fatty acid oxidation
go:GO:0046321,biological_process,positive regulation of fatty acid oxidation
go:GO:0046324,biological_process,regulation of D-glucose import across plasma membrane
go:GO:0046325,biological_process,negative regulation of D-glucose import across plasma membrane
go:GO:0046326,biological_process,positive regulation of D-glucose import across plasma membrane
go:GO:0046328,biological_process,regulation of JNK cascade
go:GO:0046329,biological_process,negative regulation of JNK cascade
go:GO:0046330,biological_process,positive regulation of JNK cascade
go:GO:0046364,biological_process,monosaccharide biosynthetic process
go:GO:0046365,biological_process,monosaccharide catabolic process
go:GO:0046385,biological_process,deoxyribose phosphate biosynthetic process
go:GO:0046390,biological_process,ribose phosphate biosynthetic process
go:GO:0046394,biological_process,carboxylic acid biosynthetic process
go:GO:0046395,biological_process,carboxylic acid catabolic process
go:GO:0046398,biological_process,UDP-glucuronate metabolic process
go:GO:0046425,biological_process,regulation of receptor signaling pathway via JAK-STAT
go:GO:0046426,biological_process,negative regulation of receptor signaling pathway via JAK-STAT
go:GO:0046427,biological_process,positive regulation of receptor signaling pathway via JAK-STAT
go:GO:0046434,biological_process,organophosphate catabolic process
go:GO:0046459,biological_process,short-chain fatty acid metabolic process
go:GO:0046474,biological_process,glycerophospholipid biosynthetic process
go:GO:0046486,biological_process,glycerolipid metabolic process
go:GO:0046488,biological_process,phosphatidylinositol metabolic process
go:GO:0046490,biological_process,isopentenyl diphosphate metabolic process
go:GO:0046496,biological_process,nicotinamide nucleotide metabolic process
go:GO:0046500,biological_process,S-adenosylmethionine metabolic process
go:GO:0046530,biological_process,photoreceptor cell differentiation
go:GO:0046545,biological_process,development of primary female sexual characteristics
go:GO:0046546,biological_process,development of primary male sexual characteristics
go:GO:0046549,biological_process,retinal cone cell development
go:GO:0046578,biological_process,regulation of Ras protein signal transduction
go:GO:0046579,biological_process,positive regulation of Ras protein signal transduction
go:GO:0046580,biological_process,negative regulation of Ras protein signal transduction
go:GO:0046599,biological_process,regulation of centriole replication
go:GO:0046600,biological_process,negative regulation of centriole replication
go:GO:0046602,biological_process,regulation of mitotic centrosome separation
go:GO:0046605,biological_process,regulation of centrosome cycle
go:GO:0046606,biological_process,negative regulation of centrosome cycle
go:GO:0046620,biological_process,regulation of organ growth
go:GO:0046622,biological_process,positive regulation of organ growth
go:GO:0046626,biological_process,regulation of insulin receptor signaling pathway
go:GO:0046627,biological_process,negative regulation of insulin receptor signaling pathway
go:GO:0046628,biological_process,positive regulation of insulin receptor signaling pathway
go:GO:0046634,biological_process,regulation of alpha-beta T cell activation
go:GO:0046635,biological_process,positive regulation of alpha-beta T cell activation
go:GO:0046637,biological_process,regulation of alpha-beta T cell differentiation
go:GO:0046638,biological_process,positive regulation of alpha-beta T cell differentiation
go:GO:0046640,biological_process,regulation of alpha-beta T cell proliferation
go:GO:0046641,biological_process,positive regulation of alpha-beta T cell proliferation
go:GO:0046643,biological_process,regulation of gamma-delta T cell activation
go:GO:0046645,biological_process,positive regulation of gamma-delta T cell activation
go:GO:0046649,biological_process,lymphocyte activation
go:GO:0046660,biological_process,female sex differentiation
go:GO:0046661,biological_process,male sex differentiation
go:GO:0046677,biological_process,response to antibiotic
go:GO:0046683,biological_process,response to organophosphorus
go:GO:0046685,biological_process,response to arsenic-containing substance
go:GO:0046686,biological_process,response to cadmium ion
go:GO:0046688,biological_process,response to copper ion
go:GO:0046718,biological_process,symbiont entry into host cell
go:GO:0046719,biological_process,regulation by virus of viral protein levels in host cell
go:GO:0046725,biological_process,negative regulation by virus of viral protein levels in host cell
go:GO:0046753,biological_process,non-lytic viral release
go:GO:0046755,biological_process,viral budding
go:GO:0046761,biological_process,viral budding from plasma membrane
go:GO:0046777,biological_process,protein autophosphorylation
go:GO:0046782,biological_process,regulation of viral transcription
go:GO:0046822,biological_process,regulation of nucleocytoplasmic transport
go:GO:0046824,biological_process,positive regulation of nucleocytoplasmic transport
go:GO:0046825,biological_process,regulation of protein export from nucleus
go:GO:0046827,biological_process,positive regulation of protein export from nucleus
go:GO:0046831,biological_process,regulation of RNA export from nucleus
go:GO:0046833,biological_process,positive regulation of RNA export from nucleus
go:GO:0046849,biological_process,bone remodeling
go:GO:0046850,biological_process,regulation of bone remodeling
go:GO:0046851,biological_process,negative regulation of bone remodeling
go:GO:0046854,biological_process,phosphatidylinositol phosphate biosynthetic process
go:GO:0046883,biological_process,regulation of hormone secretion
go:GO:0046887,biological_process,positive regulation of hormone secretion
go:GO:0046889,biological_process,positive regulation of lipid biosynthetic process
go:GO:0046890,biological_process,regulation of lipid biosynthetic process
go:GO:0046902,biological_process,regulation of mitochondrial membrane permeability
go:GO:0046903,biological_process,secretion
go:GO:0046907,biological_process,intracellular transport
go:GO:0046928,biological_process,regulation of neurotransmitter secretion
go:GO:0046942,biological_process,carboxylic acid transport
go:GO:0046952,biological_process,ketone body catabolic process
go:GO:0047496,biological_process,vesicle transport along microtubule
go:GO:0047497,biological_process,mitochondrion transport along microtubule
go:GO:0048002,biological_process,antigen processing and presentation of peptide antigen
go:GO:0048008,biological_process,platelet-derived growth factor receptor signaling pathway
go:GO:0048009,biological_process,insulin-like growth factor receptor signaling pathway
go:GO:0048010,biological_process,vascular endothelial growth factor receptor signaling pathway
go:GO:0048011,biological_process,neurotrophin TRK receptor signaling pathway
go:GO:0048013,biological_process,ephrin receptor signaling pathway
go:GO:0048015,biological_process,phosphatidylinositol-mediated signaling
go:GO:0048021,biological_process,regulation of melanin biosynthetic process
go:GO:0048023,biological_process,positive regulation of melanin biosynthetic process
go:GO:0048024,biological_process,"regulation of mRNA splicing, via spliceosome"
go:GO:0048025,biological_process,"negative regulation of mRNA splicing, via spliceosome"
go:GO:0048041,biological_process,focal adhesion assembly
go:GO:0048048,biological_process,embryonic eye morphogenesis
go:GO:0048145,biological_process,regulation of fibroblast proliferation
go:GO:0048146,biological_process,positive regulation of fibroblast proliferation
go:GO:0048147,biological_process,negative regulation of fibroblast proliferation
go:GO:0048148,biological_process,behavioral response to cocaine
go:GO:0048167,biological_process,regulation of synaptic plasticity
go:GO:0048168,biological_process,regulation of neuronal synaptic plasticity
go:GO:0048193,biological_process,Golgi vesicle transport
go:GO:0048208,biological_process,COPII vesicle coat assembly
go:GO:0048232,biological_process,male gamete generation
go:GO:0048247,biological_process,lymphocyte chemotaxis
go:GO:0048255,biological_process,mRNA stabilization
go:GO:0048284,biological_process,organelle fusion
go:GO:0048285,biological_process,organelle fission
go:GO:0048286,biological_process,lung alveolus development
go:GO:0048302,biological_process,regulation of isotype switching to IgG isotypes
go:GO:0048304,biological_process,positive regulation of isotype switching to IgG isotypes
go:GO:0048311,biological_process,mitochondrion distribution
go:GO:0048312,biological_process,intracellular distribution of mitochondria
go:GO:0048368,biological_process,lateral mesoderm development
go:GO:0048385,biological_process,regulation of retinoic acid receptor signaling pathway
go:GO:0048386,biological_process,positive regulation of retinoic acid receptor signaling pathway
go:GO:0048388,biological_process,endosomal lumen acidification
go:GO:0048468,biological_process,cell development
go:GO:0048469,biological_process,cell maturation
go:GO:0048477,biological_process,oogenesis
go:GO:0048483,biological_process,autonomic nervous system development
go:GO:0048485,biological_process,sympathetic nervous system development
go:GO:0048488,biological_process,synaptic vesicle endocytosis
go:GO:0048489,biological_process,synaptic vesicle transport
go:GO:0048490,biological_process,anterograde synaptic vesicle transport
go:GO:0048499,biological_process,synaptic vesicle membrane organization
go:GO:0048511,biological_process,rhythmic process
go:GO:0048512,biological_process,circadian behavior
go:GO:0048513,biological_process,animal organ development
go:GO:0048514,biological_process,blood vessel morphogenesis
go:GO:0048515,biological_process,spermatid differentiation
go:GO:0048518,biological_process,positive regulation of biological process
go:GO:0048519,biological_process,negative regulation of biological process
go:GO:0048522,biological_process,positive regulation of cellular process
go:GO:0048523,biological_process,negative regulation of cellular process
go:GO:0048524,biological_process,positive regulation of viral process
go:GO:0048525,biological_process,negative regulation of viral process
go:GO:0048534,biological_process,hematopoietic or lymphoid organ development
go:GO:0048539,biological_process,bone marrow development
go:GO:0048545,biological_process,response to steroid hormone
go:GO:0048562,biological_process,embryonic organ morphogenesis
go:GO:0048565,biological_process,digestive tract development
go:GO:0048568,biological_process,embryonic organ development
go:GO:0048583,biological_process,regulation of response to stimulus
go:GO:0048584,biological_process,positive regulation of response to stimulus
go:GO:0048585,biological_process,negative regulation of response to stimulus
go:GO:0048588,biological_process,developmental cell growth
go:GO:0048589,biological_process,developmental growth
go:GO:0048592,biological_process,eye morphogenesis
go:GO:0048593,biological_process,camera-type eye morphogenesis
go:GO:0048596,biological_process,embryonic camera-type eye morphogenesis
go:GO:0048598,biological_process,embryonic morphogenesis
go:GO:0048608,biological_process,reproductive structure development
go:GO:0048609,biological_process,multicellular organismal reproductive process
go:GO:0048625,biological_process,myoblast fate commitment
go:GO:0048627,biological_process,myoblast development
go:GO:0048634,biological_process,regulation of muscle organ development
go:GO:0048636,biological_process,positive regulation of muscle organ development
go:GO:0048638,biological_process,regulation of developmental growth
go:GO:0048639,biological_process,positive regulation of developmental growth
go:GO:0048641,biological_process,regulation of skeletal muscle tissue development
go:GO:0048643,biological_process,positive regulation of skeletal muscle tissue development
go:GO:0048644,biological_process,muscle organ morphogenesis
go:GO:0048645,biological_process,animal organ formation
go:GO:0048646,biological_process,anatomical structure formation involved in morphogenesis
go:GO:0048660,biological_process,regulation of smooth muscle cell proliferation
go:GO:0048661,biological_process,positive regulation of smooth muscle cell proliferation
go:GO:0048662,biological_process,negative regulation of smooth muscle cell proliferation
go:GO:0048666,biological_process,neuron development
go:GO:0048667,biological_process,cell morphogenesis involved in neuron differentiation
go:GO:0048675,biological_process,axon extension
go:GO:0048678,biological_process,response to axon injury
go:GO:0048699,biological_process,generation of neurons
go:GO:0048701,biological_process,embryonic cranial skeleton morphogenesis
go:GO:0048704,biological_process,embryonic skeletal system morphogenesis
go:GO:0048705,biological_process,skeletal system morphogenesis
go:GO:0048706,biological_process,embryonic skeletal system development
go:GO:0048709,biological_process,oligodendrocyte differentiation
go:GO:0048729,biological_process,tissue morphogenesis
go:GO:0048731,biological_process,system development
go:GO:0048732,biological_process,gland development
go:GO:0048736,biological_process,appendage development
go:GO:0048738,biological_process,cardiac muscle tissue development
go:GO:0048741,biological_process,skeletal muscle fiber development
go:GO:0048753,biological_process,pigment granule organization
go:GO:0048754,biological_process,branching morphogenesis of an epithelial tube
go:GO:0048762,biological_process,mesenchymal cell differentiation
go:GO:0048771,biological_process,tissue remodeling
go:GO:0048791,biological_process,calcium ion-regulated exocytosis of neurotransmitter
go:GO:0048812,biological_process,neuron projection morphogenesis
go:GO:0048814,biological_process,regulation of dendrite morphogenesis
go:GO:0048819,biological_process,regulation of hair follicle maturation
go:GO:0048821,biological_process,erythrocyte development
go:GO:0048839,biological_process,inner ear development
go:GO:0048841,biological_process,regulation of axon extension involved in axon guidance
go:GO:0048842,biological_process,positive regulation of axon extension involved in axon guidance
go:GO:0048844,biological_process,artery morphogenesis
go:GO:0048856,biological_process,anatomical structure development
go:GO:0048857,biological_process,neural nucleus development
go:GO:0048858,biological_process,cell projection morphogenesis
go:GO:0048863,biological_process,stem cell differentiation
go:GO:0048869,biological_process,cellular developmental process
go:GO:0048870,biological_process,cell motility
go:GO:0048871,biological_process,multicellular organismal-level homeostasis
go:GO:0048872,biological_process,homeostasis of number of cells
go:GO:0048878,biological_process,chemical homeostasis
go:GO:0048880,biological_process,sensory system development
go:GO:0050000,biological_process,chromosome localization
go:GO:0050433,biological_process,regulation of catecholamine secretion
go:GO:0050434,biological_process,positive regulation of viral transcription
go:GO:0050435,biological_process,amyloid-beta metabolic process
go:GO:0050650,biological_process,chondroitin sulfate proteoglycan biosynthetic process
go:GO:0050654,biological_process,chondroitin sulfate proteoglycan metabolic process
go:GO:0050657,biological_process,nucleic acid transport
go:GO:0050658,biological_process,RNA transport
go:GO:0050670,biological_process,regulation of lymphocyte proliferation
go:GO:0050671,biological_process,positive regulation of lymphocyte proliferation
go:GO:0050672,biological_process,negative regulation of lymphocyte proliferation
go:GO:0050678,biological_process,regulation of epithelial cell proliferation
go:GO:0050679,biological_process,positive regulation of epithelial cell proliferation
go:GO:0050680,biological_process,negative regulation of epithelial cell proliferation
go:GO:0050684,biological_process,regulation of mRNA processing
go:GO:0050685,biological_process,positive regulation of mRNA processing
go:GO:0050686,biological_process,negative regulation of mRNA processing
go:GO:0050687,biological_process,negative regulation of defense response to virus
go:GO:0050688,biological_process,regulation of defense response to virus
go:GO:0050689,biological_process,negative regulation of defense response to virus by host
go:GO:0050691,biological_process,regulation of defense response to virus by host
go:GO:0050708,biological_process,regulation of protein secretion
go:GO:0050709,biological_process,negative regulation of protein secretion
go:GO:0050714,biological_process,positive regulation of protein secretion
go:GO:0050727,biological_process,regulation of inflammatory response
go:GO:0050728,biological_process,negative regulation of inflammatory response
go:GO:0050729,biological_process,positive regulation of inflammatory response
go:GO:0050746,biological_process,regulation of lipoprotein metabolic process
go:GO:0050748,biological_process,negative regulation of lipoprotein metabolic process
go:GO:0050764,biological_process,regulation of phagocytosis
go:GO:0050765,biological_process,negative regulation of phagocytosis
go:GO:0050767,biological_process,regulation of neurogenesis
go:GO:0050768,biological_process,negative regulation of neurogenesis
go:GO:0050769,biological_process,positive regulation of neurogenesis
go:GO:0050770,biological_process,regulation of axonogenesis
go:GO:0050771,biological_process,negative regulation of axonogenesis
go:GO:0050772,biological_process,positive regulation of axonogenesis
go:GO:0050773,biological_process,regulation of dendrite development
go:GO:0050775,biological_process,positive regulation of dendrite morphogenesis
go:GO:0050776,biological_process,regulation of immune response
go:GO:0050777,biological_process,negative regulation of immune response
go:GO:0050778,biological_process,positive regulation of immune response
go:GO:0050779,biological_process,RNA destabilization
go:GO:0050789,biological_process,regulation of biological process
go:GO:0050790,biological_process,regulation of catalytic activity
go:GO:0050792,biological_process,regulation of viral process
go:GO:0050793,biological_process,regulation of developmental process
go:GO:0050794,biological_process,regulation of cellular process
go:GO:0050795,biological_process,regulation of behavior
go:GO:0050796,biological_process,regulation of insulin secretion
go:GO:0050801,biological_process,monoatomic ion homeostasis
go:GO:0050803,biological_process,regulation of synapse structure or activity
go:GO:0050804,biological_process,modulation of chemical synaptic transmission
go:GO:0050805,biological_process,negative regulation of synaptic transmission
go:GO:0050806,biological_process,positive regulation of synaptic transmission
go:GO:0050807,biological_process,regulation of synapse organization
go:GO:0050808,biological_process,synapse organization
go:GO:0050810,biological_process,regulation of steroid biosynthetic process
go:GO:0050817,biological_process,coagulation
go:GO:0050818,biological_process,regulation of coagulation
go:GO:0050819,biological_process,negative regulation of coagulation
go:GO:0050821,biological_process,protein stabilization
go:GO:0050829,biological_process,defense response to Gram-negative bacterium
go:GO:0050830,biological_process,defense response to Gram-positive bacterium
go:GO:0050847,biological_process,progesterone receptor signaling pathway
go:GO:0050848,biological_process,regulation of calcium-mediated signaling
go:GO:0050849,biological_process,negative regulation of calcium-mediated signaling
go:GO:0050851,biological_process,antigen receptor-mediated signaling pathway
go:GO:0050852,biological_process,T cell receptor signaling pathway
go:GO:0050854,biological_process,regulation of antigen receptor-mediated signaling pathway
go:GO:0050856,biological_process,regulation of T cell receptor signaling pathway
go:GO:0050857,biological_process,positive regulation of antigen receptor-mediated signaling pathway
go:GO:0050858,biological_process,negative regulation of antigen receptor-mediated signaling pathway
go:GO:0050860,biological_process,negative regulation of T cell receptor signaling pathway
go:GO:0050862,biological_process,positive regulation of T cell receptor signaling pathway
go:GO:0050863,biological_process,regulation of T cell activation
go:GO:0050864,biological_process,regulation of B cell activation
go:GO:0050865,biological_process,regulation of cell activation
go:GO:0050866,biological_process,negative regulation of cell activation
go:GO:0050867,biological_process,positive regulation of cell activation
go:GO:0050868,biological_process,negative regulation of T cell activation
go:GO:0050869,biological_process,negative regulation of B cell activation
go:GO:0050870,biological_process,positive regulation of T cell activation
go:GO:0050871,biological_process,positive regulation of B cell activation
go:GO:0050872,biological_process,white fat cell differentiation
go:GO:0050873,biological_process,brown fat cell differentiation
go:GO:0050877,biological_process,nervous system process
go:GO:0050878,biological_process,regulation of body fluid levels
go:GO:0050886,biological_process,endocrine process
go:GO:0050890,biological_process,cognition
go:GO:0050891,biological_process,multicellular organismal-level water homeostasis
go:GO:0050896,biological_process,response to stimulus
go:GO:0050900,biological_process,leukocyte migration
go:GO:0050906,biological_process,detection of stimulus involved in sensory perception
go:GO:0050918,biological_process,positive chemotaxis
go:GO:0050919,biological_process,negative chemotaxis
go:GO:0050920,biological_process,regulation of chemotaxis
go:GO:0050921,biological_process,positive regulation of chemotaxis
go:GO:0050926,biological_process,regulation of positive chemotaxis
go:GO:0050927,biological_process,positive regulation of positive chemotaxis
go:GO:0050930,biological_process,induction of positive chemotaxis
go:GO:0050951,biological_process,sensory perception of temperature stimulus
go:GO:0050953,biological_process,sensory perception of light stimulus
go:GO:0050954,biological_process,sensory perception of mechanical stimulus
go:GO:0050961,biological_process,detection of temperature stimulus involved in sensory perception
go:GO:0050965,biological_process,detection of temperature stimulus involved in sensory perception of pain
go:GO:0050966,biological_process,detection of mechanical stimulus involved in sensory perception of pain
go:GO:0050974,biological_process,detection of mechanical stimulus involved in sensory perception
go:GO:0050982,biological_process,detection of mechanical stimulus
go:GO:0050993,biological_process,dimethylallyl diphosphate metabolic process
go:GO:0050994,biological_process,regulation of lipid catabolic process
go:GO:0050996,biological_process,positive regulation of lipid catabolic process
go:GO:0051016,biological_process,barbed-end actin filament capping
go:GO:0051017,biological_process,actin filament bundle assembly
go:GO:0051036,biological_process,regulation of endosome size
go:GO:0051043,biological_process,regulation of membrane protein ectodomain proteolysis
go:GO:0051044,biological_process,positive regulation of membrane protein ectodomain proteolysis
go:GO:0051046,biological_process,regulation of secretion
go:GO:0051047,biological_process,positive regulation of secretion
go:GO:0051048,biological_process,negative regulation of secretion
go:GO:0051049,biological_process,regulation of transport
go:GO:0051050,biological_process,positive regulation of transport
go:GO:0051051,biological_process,negative regulation of transport
go:GO:0051052,biological_process,regulation of DNA metabolic process
go:GO:0051053,biological_process,negative regulation of DNA metabolic process
go:GO:0051054,biological_process,positive regulation of DNA metabolic process
go:GO:0051055,biological_process,negative regulation of lipid biosynthetic process
go:GO:0051056,biological_process,regulation of small GTPase mediated signal transduction
go:GO:0051057,biological_process,positive regulation of small GTPase mediated signal transduction
go:GO:0051058,biological_process,negative regulation of small GTPase mediated signal transduction
go:GO:0051093,biological_process,negative regulation of developmental process
go:GO:0051094,biological_process,positive regulation of developmental process
go:GO:0051096,biological_process,positive regulation of helicase activity
go:GO:0051098,biological_process,regulation of binding
go:GO:0051099,biological_process,positive regulation of binding
go:GO:0051100,biological_process,negative regulation of binding
go:GO:0051101,biological_process,regulation of DNA binding
go:GO:0051123,biological_process,RNA polymerase II preinitiation complex assembly
go:GO:0051125,biological_process,regulation of actin nucleation
go:GO:0051127,biological_process,positive regulation of actin nucleation
go:GO:0051128,biological_process,regulation of cellular component organization
go:GO:0051129,biological_process,negative regulation of cellular component organization
go:GO:0051130,biological_process,positive regulation of cellular component organization
go:GO:0051131,biological_process,chaperone-mediated protein complex assembly
go:GO:0051136,biological_process,regulation of NK T cell differentiation
go:GO:0051138,biological_process,positive regulation of NK T cell differentiation
go:GO:0051146,biological_process,striated muscle cell differentiation
go:GO:0051147,biological_process,regulation of muscle cell differentiation
go:GO:0051148,biological_process,negative regulation of muscle cell differentiation
go:GO:0051149,biological_process,positive regulation of muscle cell differentiation
go:GO:0051150,biological_process,regulation of smooth muscle cell differentiation
go:GO:0051151,biological_process,negative regulation of smooth muscle cell differentiation
go:GO:0051152,biological_process,positive regulation of smooth muscle cell differentiation
go:GO:0051153,biological_process,regulation of striated muscle cell differentiation
go:GO:0051155,biological_process,positive regulation of striated muscle cell differentiation
go:GO:0051169,biological_process,nuclear transport
go:GO:0051170,biological_process,import into nucleus
go:GO:0051174,biological_process,regulation of phosphorus metabolic process
go:GO:0051179,biological_process,localization
go:GO:0051180,biological_process,vitamin transport
go:GO:0051204,biological_process,protein insertion into mitochondrial membrane
go:GO:0051205,biological_process,protein insertion into membrane
go:GO:0051209,biological_process,release of sequestered calcium ion into cytosol
go:GO:0051216,biological_process,cartilage development
go:GO:0051222,biological_process,positive regulation of protein transport
go:GO:0051223,biological_process,regulation of protein transport
go:GO:0051224,biological_process,negative regulation of protein transport
go:GO:0051225,biological_process,spindle assembly
go:GO:0051234,biological_process,establishment of localization
go:GO:0051235,biological_process,maintenance of location
go:GO:0051236,biological_process,establishment of RNA localization
go:GO:0051239,biological_process,regulation of multicellular organismal process
go:GO:0051240,biological_process,positive regulation of multicellular organismal process
go:GO:0051241,biological_process,negative regulation of multicellular organismal process
go:GO:0051246,biological_process,regulation of protein metabolic process
go:GO:0051247,biological_process,positive regulation of protein metabolic process
go:GO:0051248,biological_process,negative regulation of protein metabolic process
go:GO:0051249,biological_process,regulation of lymphocyte activation
go:GO:0051250,biological_process,negative regulation of lymphocyte activation
go:GO:0051251,biological_process,positive regulation of lymphocyte activation
go:GO:0051252,biological_process,regulation of RNA metabolic process
go:GO:0051253,biological_process,negative regulation of RNA metabolic process
go:GO:0051254,biological_process,positive regulation of RNA metabolic process
go:GO:0051258,biological_process,protein polymerization
go:GO:0051259,biological_process,protein complex oligomerization
go:GO:0051260,biological_process,protein homooligomerization
go:GO:0051261,biological_process,protein depolymerization
go:GO:0051262,biological_process,protein tetramerization
go:GO:0051276,biological_process,chromosome organization
go:GO:0051279,biological_process,regulation of release of sequestered calcium ion into cytosol
go:GO:0051281,biological_process,positive regulation of release of sequestered calcium ion into cytosol
go:GO:0051289,biological_process,protein homotetramerization
go:GO:0051290,biological_process,protein heterotetramerization
go:GO:0051291,biological_process,protein heterooligomerization
go:GO:0051293,biological_process,establishment of spindle localization
go:GO:0051294,biological_process,establishment of spindle orientation
go:GO:0051299,biological_process,centrosome separation
go:GO:0051301,biological_process,cell division
go:GO:0051302,biological_process,regulation of cell division
go:GO:0051304,biological_process,chromosome separation
go:GO:0051306,biological_process,mitotic sister chromatid separation
go:GO:0051310,biological_process,metaphase chromosome alignment
go:GO:0051321,biological_process,meiotic cell cycle
go:GO:0051336,biological_process,regulation of hydrolase activity
go:GO:0051338,biological_process,regulation of transferase activity
go:GO:0051341,biological_process,regulation of oxidoreductase activity
go:GO:0051345,biological_process,positive regulation of hydrolase activity
go:GO:0051346,biological_process,negative regulation of hydrolase activity
go:GO:0051351,biological_process,positive regulation of ligase activity
go:GO:0051354,biological_process,negative regulation of oxidoreductase activity
go:GO:0051382,biological_process,kinetochore assembly
go:GO:0051383,biological_process,kinetochore organization
go:GO:0051384,biological_process,response to glucocorticoid
go:GO:0051385,biological_process,response to mineralocorticoid
go:GO:0051386,biological_process,regulation of neurotrophin TRK receptor signaling pathway
go:GO:0051388,biological_process,positive regulation of neurotrophin TRK receptor signaling pathway
go:GO:0051402,biological_process,neuron apoptotic process
go:GO:0051403,biological_process,stress-activated MAPK cascade
go:GO:0051409,biological_process,response to nitrosative stress
go:GO:0051412,biological_process,response to corticosterone
go:GO:0051445,biological_process,regulation of meiotic cell cycle
go:GO:0051446,biological_process,positive regulation of meiotic cell cycle
go:GO:0051452,biological_process,intracellular pH reduction
go:GO:0051453,biological_process,regulation of intracellular pH
go:GO:0051469,biological_process,vesicle fusion with vacuole
go:GO:0051481,biological_process,negative regulation of cytosolic calcium ion concentration
go:GO:0051493,biological_process,regulation of cytoskeleton organization
go:GO:0051494,biological_process,negative regulation of cytoskeleton organization
go:GO:0051495,biological_process,positive regulation of cytoskeleton organization
go:GO:0051560,biological_process,mitochondrial calcium ion homeostasis
go:GO:0051580,biological_process,regulation of neurotransmitter uptake
go:GO:0051581,biological_process,negative regulation of neurotransmitter uptake
go:GO:0051582,biological_process,positive regulation of neurotransmitter uptake
go:GO:0051583,biological_process,dopamine uptake involved in synaptic transmission
go:GO:0051584,biological_process,regulation of dopamine uptake involved in synaptic transmission
go:GO:0051585,biological_process,negative regulation of dopamine uptake involved in synaptic transmission
go:GO:0051586,biological_process,positive regulation of dopamine uptake involved in synaptic transmission
go:GO:0051588,biological_process,regulation of neurotransmitter transport
go:GO:0051589,biological_process,negative regulation of neurotransmitter transport
go:GO:0051590,biological_process,positive regulation of neurotransmitter transport
go:GO:0051591,biological_process,response to cAMP
go:GO:0051592,biological_process,response to calcium ion
go:GO:0051604,biological_process,protein maturation
go:GO:0051606,biological_process,detection of stimulus
go:GO:0051607,biological_process,defense response to virus
go:GO:0051611,biological_process,regulation of serotonin uptake
go:GO:0051612,biological_process,negative regulation of serotonin uptake
go:GO:0051621,biological_process,regulation of norepinephrine uptake
go:GO:0051622,biological_process,negative regulation of norepinephrine uptake
go:GO:0051639,biological_process,actin filament network formation
go:GO:0051640,biological_process,organelle localization
go:GO:0051641,biological_process,cellular localization
go:GO:0051646,biological_process,mitochondrion localization
go:GO:0051648,biological_process,vesicle localization
go:GO:0051649,biological_process,establishment of localization in cell
go:GO:0051650,biological_process,establishment of vesicle localization
go:GO:0051651,biological_process,maintenance of location in cell
go:GO:0051653,biological_process,spindle localization
go:GO:0051654,biological_process,establishment of mitochondrion localization
go:GO:0051656,biological_process,establishment of organelle localization
go:GO:0051668,biological_process,localization within membrane
go:GO:0051693,biological_process,actin filament capping
go:GO:0051701,biological_process,biological process involved in interaction with host
go:GO:0051707,biological_process,response to other organism
go:GO:0051716,biological_process,cellular response to stimulus
go:GO:0051726,biological_process,regulation of cell cycle
go:GO:0051781,biological_process,positive regulation of cell division
go:GO:0051783,biological_process,regulation of nuclear division
go:GO:0051784,biological_process,negative regulation of nuclear division
go:GO:0051788,biological_process,response to misfolded protein
go:GO:0051851,biological_process,host-mediated perturbation of symbiont process
go:GO:0051865,biological_process,protein autoubiquitination
go:GO:0051881,biological_process,regulation of mitochondrial membrane potential
go:GO:0051884,biological_process,regulation of timing of anagen
go:GO:0051890,biological_process,regulation of cardioblast differentiation
go:GO:0051891,biological_process,positive regulation of cardioblast differentiation
go:GO:0051893,biological_process,regulation of focal adhesion assembly
go:GO:0051894,biological_process,positive regulation of focal adhesion assembly
go:GO:0051895,biological_process,negative regulation of focal adhesion assembly
go:GO:0051896,biological_process,regulation of phosphatidylinositol 3-kinase/protein kinase B signal transduction
go:GO:0051897,biological_process,positive regulation of phosphatidylinositol 3-kinase/protein kinase B signal transduction
go:GO:0051898,biological_process,negative regulation of phosphatidylinositol 3-kinase/protein kinase B signal transduction
go:GO:0051900,biological_process,regulation of mitochondrial depolarization
go:GO:0051901,biological_process,positive regulation of mitochondrial depolarization
go:GO:0051902,biological_process,negative regulation of mitochondrial depolarization
go:GO:0051913,biological_process,regulation of synaptic plasticity by chemical substance
go:GO:0051914,biological_process,positive regulation of synaptic plasticity by chemical substance
go:GO:0051915,biological_process,induction of synaptic plasticity by chemical substance
go:GO:0051924,biological_process,regulation of calcium ion transport
go:GO:0051926,biological_process,negative regulation of calcium ion transport
go:GO:0051928,biological_process,positive regulation of calcium ion transport
go:GO:0051952,biological_process,regulation of amine transport
go:GO:0051954,biological_process,positive regulation of amine transport
go:GO:0051955,biological_process,regulation of amino acid transport
go:GO:0051957,biological_process,positive regulation of amino acid transport
go:GO:0051960,biological_process,regulation of nervous system development
go:GO:0051961,biological_process,negative regulation of nervous system development
go:GO:0051962,biological_process,positive regulation of nervous system development
go:GO:0051963,biological_process,regulation of synapse assembly
go:GO:0051965,biological_process,positive regulation of synapse assembly
go:GO:0051966,biological_process,"regulation of synaptic transmission, glutamatergic"
go:GO:0051968,biological_process,"positive regulation of synaptic transmission, glutamatergic"
go:GO:0051983,biological_process,regulation of chromosome segregation
go:GO:0051984,biological_process,positive regulation of chromosome segregation
go:GO:0051985,biological_process,negative regulation of chromosome segregation
go:GO:0051987,biological_process,positive regulation of attachment of spindle microtubules to kinetochore
go:GO:0051988,biological_process,regulation of attachment of spindle microtubules to kinetochore
go:GO:0052372,biological_process,modulation by symbiont of entry into host
go:GO:0052652,biological_process,cyclic purine nucleotide metabolic process
go:GO:0055001,biological_process,muscle cell development
go:GO:0055002,biological_process,striated muscle cell development
go:GO:0055008,biological_process,cardiac muscle tissue morphogenesis
go:GO:0055010,biological_process,ventricular cardiac muscle tissue morphogenesis
go:GO:0055021,biological_process,regulation of cardiac muscle tissue growth
go:GO:0055023,biological_process,positive regulation of cardiac muscle tissue growth
go:GO:0055074,biological_process,calcium ion homeostasis
go:GO:0055075,biological_process,potassium ion homeostasis
go:GO:0055078,biological_process,sodium ion homeostasis
go:GO:0055080,biological_process,monoatomic cation homeostasis
go:GO:0055082,biological_process,intracellular chemical homeostasis
go:GO:0055085,biological_process,transmembrane transport
go:GO:0055086,biological_process,nucleobase-containing small molecule metabolic process
go:GO:0055088,biological_process,lipid homeostasis
go:GO:0055089,biological_process,fatty acid homeostasis
go:GO:0055090,biological_process,acylglycerol homeostasis
go:GO:0055092,biological_process,sterol homeostasis
go:GO:0055093,biological_process,response to hyperoxia
go:GO:0055117,biological_process,regulation of cardiac muscle contraction
go:GO:0055119,biological_process,relaxation of cardiac muscle
go:GO:0055123,biological_process,digestive system development
go:GO:0060019,biological_process,radial glial cell differentiation
go:GO:0060021,biological_process,roof of mouth development
go:GO:0060037,biological_process,pharyngeal system development
go:GO:0060041,biological_process,retina development in camera-type eye
go:GO:0060042,biological_process,retina morphogenesis in camera-type eye
go:GO:0060043,biological_process,regulation of cardiac muscle cell proliferation
go:GO:0060045,biological_process,positive regulation of cardiac muscle cell proliferation
go:GO:0060047,biological_process,heart contraction
go:GO:0060048,biological_process,cardiac muscle contraction
go:GO:0060055,biological_process,angiogenesis involved in wound healing
go:GO:0060070,biological_process,canonical Wnt signaling pathway
go:GO:0060078,biological_process,regulation of postsynaptic membrane potential
go:GO:0060079,biological_process,excitatory postsynaptic potential
go:GO:0060113,biological_process,inner ear receptor cell differentiation
go:GO:0060119,biological_process,inner ear receptor cell development
go:GO:0060122,biological_process,inner ear receptor cell stereocilium organization
go:GO:0060173,biological_process,limb development
go:GO:0060193,biological_process,positive regulation of lipase activity
go:GO:0060219,biological_process,camera-type eye photoreceptor cell differentiation
go:GO:0060231,biological_process,mesenchymal to epithelial transition
go:GO:0060232,biological_process,delamination
go:GO:0060236,biological_process,regulation of mitotic spindle organization
go:GO:0060249,biological_process,anatomical structure homeostasis
go:GO:0060255,biological_process,regulation of macromolecule metabolic process
go:GO:0060260,biological_process,regulation of transcription initiation by RNA polymerase II
go:GO:0060261,biological_process,positive regulation of transcription initiation by RNA polymerase II
go:GO:0060272,biological_process,embryonic skeletal joint morphogenesis
go:GO:0060284,biological_process,regulation of cell development
go:GO:0060291,biological_process,long-term synaptic potentiation
go:GO:0060292,biological_process,long-term synaptic depression
go:GO:0060295,biological_process,regulation of cilium movement involved in cell motility
go:GO:0060317,biological_process,cardiac epithelial to mesenchymal transition
go:GO:0060322,biological_process,head development
go:GO:0060323,biological_process,head morphogenesis
go:GO:0060324,biological_process,face development
go:GO:0060325,biological_process,face morphogenesis
go:GO:0060326,biological_process,cell chemotaxis
go:GO:0060330,biological_process,regulation of response to type II interferon
go:GO:0060331,biological_process,negative regulation of response to type II interferon
go:GO:0060333,biological_process,type II interferon-mediated signaling pathway
go:GO:0060334,biological_process,regulation of type II interferon-mediated signaling pathway
go:GO:0060336,biological_process,negative regulation of type II interferon-mediated signaling pathway
go:GO:0060337,biological_process,type I interferon-mediated signaling pathway
go:GO:0060338,biological_process,regulation of type I interferon-mediated signaling pathway
go:GO:0060339,biological_process,negative regulation of type I interferon-mediated signaling pathway
go:GO:0060341,biological_process,regulation of cellular localization
go:GO:0060348,biological_process,bone development
go:GO:0060349,biological_process,bone morphogenesis
go:GO:0060350,biological_process,endochondral bone morphogenesis
go:GO:0060351,biological_process,cartilage development involved in endochondral bone morphogenesis
go:GO:0060368,biological_process,regulation of Fc receptor mediated stimulatory signaling pathway
go:GO:0060379,biological_process,cardiac muscle cell myoblast differentiation
go:GO:0060382,biological_process,regulation of DNA strand elongation
go:GO:0060390,biological_process,regulation of SMAD protein signal transduction
go:GO:0060391,biological_process,positive regulation of SMAD protein signal transduction
go:GO:0060392,biological_process,negative regulation of SMAD protein signal transduction
go:GO:0060395,biological_process,SMAD protein signal transduction
go:GO:0060396,biological_process,growth hormone receptor signaling pathway
go:GO:0060397,biological_process,growth hormone receptor signaling pathway via JAK-STAT
go:GO:0060411,biological_process,cardiac septum morphogenesis
go:GO:0060412,biological_process,ventricular septum morphogenesis
go:GO:0060413,biological_process,atrial septum morphogenesis
go:GO:0060415,biological_process,muscle tissue morphogenesis
go:GO:0060416,biological_process,response to growth hormone
go:GO:0060420,biological_process,regulation of heart growth
go:GO:0060421,biological_process,positive regulation of heart growth
go:GO:0060429,biological_process,epithelium development
go:GO:0060485,biological_process,mesenchyme development
go:GO:0060491,biological_process,regulation of cell projection assembly
go:GO:0060537,biological_process,muscle tissue development
go:GO:0060538,biological_process,skeletal muscle organ development
go:GO:0060541,biological_process,respiratory system development
go:GO:0060544,biological_process,regulation of necroptotic process
go:GO:0060546,biological_process,negative regulation of necroptotic process
go:GO:0060560,biological_process,developmental growth involved in morphogenesis
go:GO:0060562,biological_process,epithelial tube morphogenesis
go:GO:0060563,biological_process,neuroepithelial cell differentiation
go:GO:0060575,biological_process,intestinal epithelial cell differentiation
go:GO:0060576,biological_process,intestinal epithelial cell development
go:GO:0060606,biological_process,tube closure
go:GO:0060612,biological_process,adipose tissue development
go:GO:0060623,biological_process,regulation of chromosome condensation
go:GO:0060627,biological_process,regulation of vesicle-mediated transport
go:GO:0060632,biological_process,regulation of microtubule-based movement
go:GO:0060633,biological_process,negative regulation of transcription initiation by RNA polymerase II
go:GO:0060644,biological_process,mammary gland epithelial cell differentiation
go:GO:0060674,biological_process,placenta blood vessel development
go:GO:0060688,biological_process,regulation of morphogenesis of a branching structure
go:GO:0060711,biological_process,labyrinthine layer development
go:GO:0060716,biological_process,labyrinthine layer blood vessel development
go:GO:0060717,biological_process,chorion development
go:GO:0060732,biological_process,positive regulation of inositol phosphate biosynthetic process
go:GO:0060759,biological_process,regulation of response to cytokine stimulus
go:GO:0060760,biological_process,positive regulation of response to cytokine stimulus
go:GO:0060761,biological_process,negative regulation of response to cytokine stimulus
go:GO:0060765,biological_process,regulation of androgen receptor signaling pathway
go:GO:0060766,biological_process,negative regulation of androgen receptor signaling pathway
go:GO:0060788,biological_process,ectodermal placode formation
go:GO:0060795,biological_process,cell fate commitment involved in formation of primary germ layer
go:GO:0060816,biological_process,random inactivation of X chromosome
go:GO:0060828,biological_process,regulation of canonical Wnt signaling pathway
go:GO:0060837,biological_process,blood vessel endothelial cell differentiation
go:GO:0060839,biological_process,endothelial cell fate commitment
go:GO:0060840,biological_process,artery development
go:GO:0060842,biological_process,arterial endothelial cell differentiation
go:GO:0060844,biological_process,arterial endothelial cell fate commitment
go:GO:0060846,biological_process,blood vessel endothelial cell fate commitment
go:GO:0060847,biological_process,endothelial cell fate specification
go:GO:0060914,biological_process,heart formation
go:GO:0060966,biological_process,regulation of gene silencing by regulatory ncRNA
go:GO:0060972,biological_process,left/right pattern formation
go:GO:0060992,biological_process,response to fungicide
go:GO:0060993,biological_process,kidney morphogenesis
go:GO:0060998,biological_process,regulation of dendritic spine development
go:GO:0060999,biological_process,positive regulation of dendritic spine development
go:GO:0061000,biological_process,negative regulation of dendritic spine development
go:GO:0061001,biological_process,regulation of dendritic spine morphogenesis
go:GO:0061003,biological_process,positive regulation of dendritic spine morphogenesis
go:GO:0061005,biological_process,cell differentiation involved in kidney development
go:GO:0061008,biological_process,hepaticobiliary system development
go:GO:0061013,biological_process,regulation of mRNA catabolic process
go:GO:0061014,biological_process,positive regulation of mRNA catabolic process
go:GO:0061024,biological_process,membrane organization
go:GO:0061025,biological_process,membrane fusion
go:GO:0061035,biological_process,regulation of cartilage development
go:GO:0061041,biological_process,regulation of wound healing
go:GO:0061042,biological_process,vascular wound healing
go:GO:0061045,biological_process,negative regulation of wound healing
go:GO:0061053,biological_process,somite development
go:GO:0061055,biological_process,myotome development
go:GO:0061061,biological_process,muscle structure development
go:GO:0061073,biological_process,ciliary body morphogenesis
go:GO:0061081,biological_process,positive regulation of myeloid leukocyte cytokine production involved in immune response
go:GO:0061091,biological_process,regulation of phospholipid translocation
go:GO:0061092,biological_process,positive regulation of phospholipid translocation
go:GO:0061136,biological_process,regulation of proteasomal protein catabolic process
go:GO:0061138,biological_process,morphogenesis of a branching epithelium
go:GO:0061154,biological_process,endothelial tube morphogenesis
go:GO:0061157,biological_process,mRNA destabilization
go:GO:0061158,biological_process,3'-UTR-mediated mRNA destabilization
go:GO:0061178,biological_process,regulation of insulin secretion involved in cellular response to glucose stimulus
go:GO:0061180,biological_process,mammary gland epithelium development
go:GO:0061196,biological_process,fungiform papilla development
go:GO:0061197,biological_process,fungiform papilla morphogenesis
go:GO:0061217,biological_process,regulation of mesonephros development
go:GO:0061245,biological_process,establishment or maintenance of bipolar cell polarity
go:GO:0061326,biological_process,renal tubule development
go:GO:0061337,biological_process,cardiac conduction
go:GO:0061343,biological_process,cell adhesion involved in heart morphogenesis
go:GO:0061344,biological_process,regulation of cell adhesion involved in heart morphogenesis
go:GO:0061371,biological_process,determination of heart left/right asymmetry
go:GO:0061383,biological_process,trabecula morphogenesis
go:GO:0061384,biological_process,heart trabecula morphogenesis
go:GO:0061387,biological_process,regulation of extent of cell growth
go:GO:0061431,biological_process,cellular response to methionine
go:GO:0061436,biological_process,establishment of skin barrier
go:GO:0061448,biological_process,connective tissue development
go:GO:0061458,biological_process,reproductive system development
go:GO:0061462,biological_process,protein localization to lysosome
go:GO:0061515,biological_process,myeloid cell development
go:GO:0061548,biological_process,ganglion development
go:GO:0061549,biological_process,sympathetic ganglion development
go:GO:0061550,biological_process,cranial ganglion development
go:GO:0061551,biological_process,trigeminal ganglion development
go:GO:0061564,biological_process,axon development
go:GO:0061572,biological_process,actin filament bundle organization
go:GO:0061615,biological_process,glycolytic process through fructose-6-phosphate
go:GO:0061620,biological_process,glycolytic process through glucose-6-phosphate
go:GO:0061621,biological_process,canonical glycolysis
go:GO:0061640,biological_process,cytoskeleton-dependent cytokinesis
go:GO:0061668,biological_process,mitochondrial ribosome assembly
go:GO:0061670,biological_process,evoked neurotransmitter secretion
go:GO:0061684,biological_process,chaperone-mediated autophagy
go:GO:0061709,biological_process,reticulophagy
go:GO:0061763,biological_process,multivesicular body-lysosome fusion
go:GO:0061771,biological_process,response to caloric restriction
go:GO:0061795,biological_process,Golgi lumen acidification
go:GO:0061844,biological_process,antimicrobial humoral immune response mediated by antimicrobial peptide
go:GO:0061900,biological_process,glial cell activation
go:GO:0061919,biological_process,process utilizing autophagic mechanism
go:GO:0061921,biological_process,peptidyl-lysine propionylation
go:GO:0061945,biological_process,regulation of protein K48-linked ubiquitination
go:GO:0061951,biological_process,establishment of protein localization to plasma membrane
go:GO:0061952,biological_process,midbody abscission
go:GO:0061982,biological_process,meiosis I cell cycle process
go:GO:0062009,biological_process,secondary palate development
go:GO:0062012,biological_process,regulation of small molecule metabolic process
go:GO:0062013,biological_process,positive regulation of small molecule metabolic process
go:GO:0062014,biological_process,negative regulation of small molecule metabolic process
go:GO:0062025,biological_process,regulation of SCF-dependent proteasomal ubiquitin-dependent protein catabolic process
go:GO:0062026,biological_process,negative regulation of SCF-dependent proteasomal ubiquitin-dependent catabolic process
go:GO:0062028,biological_process,regulation of cytoplasmic stress granule assembly
go:GO:0062029,biological_process,positive regulation of cytoplasmic stress granule assembly
go:GO:0062042,biological_process,regulation of cardiac epithelial to mesenchymal transition
go:GO:0062043,biological_process,positive regulation of cardiac epithelial to mesenchymal transition
go:GO:0062098,biological_process,regulation of programmed necrotic cell death
go:GO:0062099,biological_process,negative regulation of programmed necrotic cell death
go:GO:0062125,biological_process,regulation of mitochondrial gene expression
go:GO:0062197,biological_process,cellular response to chemical stress
go:GO:0062207,biological_process,regulation of pattern recognition receptor signaling pathway
go:GO:0062208,biological_process,positive regulation of pattern recognition receptor signaling pathway
go:GO:0065002,biological_process,intracellular protein transmembrane transport
go:GO:0065003,biological_process,protein-containing complex assembly
go:GO:0065004,biological_process,protein-DNA complex assembly
go:GO:0065005,biological_process,protein-lipid complex assembly
go:GO:0065007,biological_process,biological regulation
go:GO:0065008,biological_process,regulation of biological quality
go:GO:0065009,biological_process,regulation of molecular function
go:GO:0070050,biological_process,neuron cellular homeostasis
go:GO:0070059,biological_process,intrinsic apoptotic signaling pathway in response to endoplasmic reticulum stress
go:GO:0070071,biological_process,proton-transporting two-sector ATPase complex assembly
go:GO:0070098,biological_process,chemokine-mediated signaling pathway
go:GO:0070102,biological_process,interleukin-6-mediated signaling pathway
go:GO:0070106,biological_process,interleukin-27-mediated signaling pathway
go:GO:0070125,biological_process,mitochondrial translational elongation
go:GO:0070129,biological_process,regulation of mitochondrial translation
go:GO:0070131,biological_process,positive regulation of mitochondrial translation
go:GO:0070192,biological_process,chromosome organization involved in meiotic cell cycle
go:GO:0070201,biological_process,regulation of establishment of protein localization
go:GO:0070266,biological_process,necroptotic process
go:GO:0070269,biological_process,pyroptotic inflammatory response
go:GO:0070301,biological_process,cellular response to hydrogen peroxide
go:GO:0070306,biological_process,lens fiber cell differentiation
go:GO:0070307,biological_process,lens fiber cell development
go:GO:0070309,biological_process,lens fiber cell morphogenesis
go:GO:0070316,biological_process,regulation of G0 to G1 transition
go:GO:0070318,biological_process,positive regulation of G0 to G1 transition
go:GO:0070328,biological_process,triglyceride homeostasis
go:GO:0070358,biological_process,actin polymerization-dependent cell motility
go:GO:0070365,biological_process,hepatocyte differentiation
go:GO:0070370,biological_process,cellular heat acclimation
go:GO:0070371,biological_process,ERK1 and ERK2 cascade
go:GO:0070372,biological_process,regulation of ERK1 and ERK2 cascade
go:GO:0070373,biological_process,negative regulation of ERK1 and ERK2 cascade
go:GO:0070374,biological_process,positive regulation of ERK1 and ERK2 cascade
go:GO:0070424,biological_process,"regulation of nucleotide-binding domain, leucine rich repeat containing receptor signaling pathway"
go:GO:0070482,biological_process,response to oxygen levels
go:GO:0070494,biological_process,regulation of thrombin-activated receptor signaling pathway
go:GO:0070495,biological_process,negative regulation of thrombin-activated receptor signaling pathway
go:GO:0070498,biological_process,interleukin-1-mediated signaling pathway
go:GO:0070507,biological_process,regulation of microtubule cytoskeleton organization
go:GO:0070527,biological_process,platelet aggregation
go:GO:0070534,biological_process,protein K63-linked ubiquitination
go:GO:0070555,biological_process,response to interleukin-1
go:GO:0070570,biological_process,regulation of neuron projection regeneration
go:GO:0070571,biological_process,negative regulation of neuron projection regeneration
go:GO:0070585,biological_process,protein localization to mitochondrion
go:GO:0070588,biological_process,calcium ion transmembrane transport
go:GO:0070602,biological_process,regulation of centromeric sister chromatid cohesion
go:GO:0070613,biological_process,regulation of protein processing
go:GO:0070646,biological_process,protein modification by small protein removal
go:GO:0070647,biological_process,protein modification by small protein conjugation or removal
go:GO:0070663,biological_process,regulation of leukocyte proliferation
go:GO:0070664,biological_process,negative regulation of leukocyte proliferation
go:GO:0070665,biological_process,positive regulation of leukocyte proliferation
go:GO:0070670,biological_process,response to interleukin-4
go:GO:0070723,biological_process,response to cholesterol
go:GO:0070741,biological_process,response to interleukin-6
go:GO:0070828,biological_process,heterochromatin organization
go:GO:0070830,biological_process,bicellular tight junction assembly
go:GO:0070848,biological_process,response to growth factor
go:GO:0070849,biological_process,response to epidermal growth factor
go:GO:0070873,biological_process,regulation of glycogen metabolic process
go:GO:0070874,biological_process,negative regulation of glycogen metabolic process
go:GO:0070875,biological_process,positive regulation of glycogen metabolic process
go:GO:0070884,biological_process,regulation of calcineurin-NFAT signaling cascade
go:GO:0070885,biological_process,negative regulation of calcineurin-NFAT signaling cascade
go:GO:0070887,biological_process,cellular response to chemical stimulus
go:GO:0070897,biological_process,transcription preinitiation complex assembly
go:GO:0070918,biological_process,regulatory ncRNA processing
go:GO:0070920,biological_process,regulation of regulatory ncRNA processing
go:GO:0070921,biological_process,regulation of siRNA processing
go:GO:0070922,biological_process,RISC complex assembly
go:GO:0070925,biological_process,organelle assembly
go:GO:0070934,biological_process,CRD-mediated mRNA stabilization
go:GO:0070935,biological_process,3'-UTR-mediated mRNA stabilization
go:GO:0070936,biological_process,protein K48-linked ubiquitination
go:GO:0070972,biological_process,protein localization to endoplasmic reticulum
go:GO:0071025,biological_process,RNA surveillance
go:GO:0071026,biological_process,cytoplasmic RNA surveillance
go:GO:0071044,biological_process,histone mRNA catabolic process
go:GO:0071103,biological_process,DNA conformation change
go:GO:0071104,biological_process,response to interleukin-9
go:GO:0071109,biological_process,superior temporal gyrus development
go:GO:0071173,biological_process,spindle assembly checkpoint signaling
go:GO:0071174,biological_process,mitotic spindle checkpoint signaling
go:GO:0071214,biological_process,cellular response to abiotic stimulus
go:GO:0071216,biological_process,cellular response to biotic stimulus
go:GO:0071218,biological_process,cellular response to misfolded protein
go:GO:0071219,biological_process,cellular response to molecule of bacterial origin
go:GO:0071222,biological_process,cellular response to lipopolysaccharide
go:GO:0071229,biological_process,cellular response to acid chemical
go:GO:0071230,biological_process,cellular response to amino acid stimulus
go:GO:0071233,biological_process,cellular response to L-leucine
go:GO:0071243,biological_process,cellular response to arsenic-containing substance
go:GO:0071248,biological_process,cellular response to metal ion
go:GO:0071260,biological_process,cellular response to mechanical stimulus
go:GO:0071275,biological_process,cellular response to aluminum ion
go:GO:0071276,biological_process,cellular response to cadmium ion
go:GO:0071280,biological_process,cellular response to copper ion
go:GO:0071287,biological_process,cellular response to manganese ion
go:GO:0071300,biological_process,cellular response to retinoic acid
go:GO:0071312,biological_process,cellular response to alkaloid
go:GO:0071318,biological_process,cellular response to ATP
go:GO:0071322,biological_process,cellular response to carbohydrate stimulus
go:GO:0071326,biological_process,cellular response to monosaccharide stimulus
go:GO:0071331,biological_process,cellular response to hexose stimulus
go:GO:0071333,biological_process,cellular response to glucose stimulus
go:GO:0071340,biological_process,skeletal muscle acetylcholine-gated channel clustering
go:GO:0071345,biological_process,cellular response to cytokine stimulus
go:GO:0071346,biological_process,cellular response to type II interferon
go:GO:0071347,biological_process,cellular response to interleukin-1
go:GO:0071353,biological_process,cellular response to interleukin-4
go:GO:0071354,biological_process,cellular response to interleukin-6
go:GO:0071355,biological_process,cellular response to interleukin-9
go:GO:0071356,biological_process,cellular response to tumor necrosis factor
go:GO:0071357,biological_process,cellular response to type I interferon
go:GO:0071359,biological_process,cellular response to dsRNA
go:GO:0071360,biological_process,cellular response to exogenous dsRNA
go:GO:0071363,biological_process,cellular response to growth factor stimulus
go:GO:0071364,biological_process,cellular response to epidermal growth factor stimulus
go:GO:0071375,biological_process,cellular response to peptide hormone stimulus
go:GO:0071378,biological_process,cellular response to growth hormone stimulus
go:GO:0071383,biological_process,cellular response to steroid hormone stimulus
go:GO:0071384,biological_process,cellular response to corticosteroid stimulus
go:GO:0071385,biological_process,cellular response to glucocorticoid stimulus
go:GO:0071393,biological_process,cellular response to progesterone stimulus
go:GO:0071396,biological_process,cellular response to lipid
go:GO:0071397,biological_process,cellular response to cholesterol
go:GO:0071402,biological_process,cellular response to lipoprotein particle stimulus
go:GO:0071447,biological_process,cellular response to hydroperoxide
go:GO:0071449,biological_process,cellular response to lipid hydroperoxide
go:GO:0071453,biological_process,cellular response to oxygen levels
go:GO:0071456,biological_process,cellular response to hypoxia
go:GO:0071466,biological_process,cellular response to xenobiotic stimulus
go:GO:0071470,biological_process,cellular response to osmotic stress
go:GO:0071478,biological_process,cellular response to radiation
go:GO:0071479,biological_process,cellular response to ionizing radiation
go:GO:0071480,biological_process,cellular response to gamma radiation
go:GO:0071481,biological_process,cellular response to X-ray
go:GO:0071482,biological_process,cellular response to light stimulus
go:GO:0071495,biological_process,cellular response to endogenous stimulus
go:GO:0071496,biological_process,cellular response to external stimulus
go:GO:0071498,biological_process,cellular response to fluid shear stress
go:GO:0071500,biological_process,cellular response to nitrosative stress
go:GO:0071501,biological_process,cellular response to sterol depletion
go:GO:0071526,biological_process,semaphorin-plexin signaling pathway
go:GO:0071542,biological_process,dopaminergic neuron differentiation
go:GO:0071559,biological_process,response to transforming growth factor beta
go:GO:0071560,biological_process,cellular response to transforming growth factor beta stimulus
go:GO:0071577,biological_process,zinc ion transmembrane transport
go:GO:0071578,biological_process,zinc ion import across plasma membrane
go:GO:0071604,biological_process,transforming growth factor beta production
go:GO:0071616,biological_process,acyl-CoA biosynthetic process
go:GO:0071622,biological_process,regulation of granulocyte chemotaxis
go:GO:0071624,biological_process,positive regulation of granulocyte chemotaxis
go:GO:0071634,biological_process,regulation of transforming growth factor beta production
go:GO:0071635,biological_process,negative regulation of transforming growth factor beta production
go:GO:0071674,biological_process,mononuclear cell migration
go:GO:0071675,biological_process,regulation of mononuclear cell migration
go:GO:0071677,biological_process,positive regulation of mononuclear cell migration
go:GO:0071680,biological_process,response to indole-3-methanol
go:GO:0071681,biological_process,cellular response to indole-3-methanol
go:GO:0071695,biological_process,anatomical structure maturation
go:GO:0071696,biological_process,ectodermal placode development
go:GO:0071697,biological_process,ectodermal placode morphogenesis
go:GO:0071698,biological_process,olfactory placode development
go:GO:0071699,biological_process,olfactory placode morphogenesis
go:GO:0071705,biological_process,nitrogen compound transport
go:GO:0071709,biological_process,membrane assembly
go:GO:0071731,biological_process,response to nitric oxide
go:GO:0071732,biological_process,cellular response to nitric oxide
go:GO:0071763,biological_process,nuclear membrane organization
go:GO:0071774,biological_process,response to fibroblast growth factor
go:GO:0071805,biological_process,potassium ion transmembrane transport
go:GO:0071806,biological_process,protein transmembrane transport
go:GO:0071824,biological_process,protein-DNA complex organization
go:GO:0071825,biological_process,protein-lipid complex organization
go:GO:0071826,biological_process,protein-RNA complex organization
go:GO:0071827,biological_process,plasma lipoprotein particle organization
go:GO:0071830,biological_process,triglyceride-rich lipoprotein particle clearance
go:GO:0071831,biological_process,intermediate-density lipoprotein particle clearance
go:GO:0071840,biological_process,cellular component organization or biogenesis
go:GO:0071867,biological_process,response to monoamine
go:GO:0071868,biological_process,cellular response to monoamine stimulus
go:GO:0071869,biological_process,response to catecholamine
go:GO:0071870,biological_process,cellular response to catecholamine stimulus
go:GO:0071871,biological_process,response to epinephrine
go:GO:0071872,biological_process,cellular response to epinephrine stimulus
go:GO:0071887,biological_process,leukocyte apoptotic process
go:GO:0071888,biological_process,macrophage apoptotic process
go:GO:0071895,biological_process,odontoblast differentiation
go:GO:0071897,biological_process,DNA biosynthetic process
go:GO:0071900,biological_process,regulation of protein serine/threonine kinase activity
go:GO:0071901,biological_process,negative regulation of protein serine/threonine kinase activity
go:GO:0071902,biological_process,positive regulation of protein serine/threonine kinase activity
go:GO:0071985,biological_process,multivesicular body sorting pathway
go:GO:0072001,biological_process,renal system development
go:GO:0072074,biological_process,kidney mesenchyme development
go:GO:0072075,biological_process,metanephric mesenchyme development
go:GO:0072091,biological_process,regulation of stem cell proliferation
go:GO:0072095,biological_process,regulation of branch elongation involved in ureteric bud branching
go:GO:0072106,biological_process,regulation of ureteric bud formation
go:GO:0072107,biological_process,positive regulation of ureteric bud formation
go:GO:0072111,biological_process,cell proliferation involved in kidney development
go:GO:0072132,biological_process,mesenchyme morphogenesis
go:GO:0072135,biological_process,kidney mesenchymal cell proliferation
go:GO:0072136,biological_process,metanephric mesenchymal cell proliferation involved in metanephros development
go:GO:0072148,biological_process,epithelial cell fate commitment
go:GO:0072161,biological_process,mesenchymal cell differentiation involved in kidney development
go:GO:0072162,biological_process,metanephric mesenchymal cell differentiation
go:GO:0072175,biological_process,epithelial tube formation
go:GO:0072182,biological_process,regulation of nephron tubule epithelial cell differentiation
go:GO:0072183,biological_process,negative regulation of nephron tubule epithelial cell differentiation
go:GO:0072201,biological_process,negative regulation of mesenchymal cell proliferation
go:GO:0072203,biological_process,cell proliferation involved in metanephros development
go:GO:0072307,biological_process,regulation of metanephric nephron tubule epithelial cell differentiation
go:GO:0072308,biological_process,negative regulation of metanephric nephron tubule epithelial cell differentiation
go:GO:0072329,biological_process,monocarboxylic acid catabolic process
go:GO:0072330,biological_process,monocarboxylic acid biosynthetic process
go:GO:0072331,biological_process,signal transduction by p53 class mediator
go:GO:0072332,biological_process,intrinsic apoptotic signaling pathway by p53 class mediator
go:GO:0072337,biological_process,modified amino acid transport
go:GO:0072344,biological_process,rescue of stalled cytosolic ribosome
go:GO:0072347,biological_process,response to anesthetic
go:GO:0072348,biological_process,sulfur compound transport
go:GO:0072350,biological_process,tricarboxylic acid metabolic process
go:GO:0072359,biological_process,circulatory system development
go:GO:0072384,biological_process,organelle transport along microtubule
go:GO:0072497,biological_process,mesenchymal stem cell differentiation
go:GO:0072498,biological_process,embryonic skeletal joint development
go:GO:0072521,biological_process,purine-containing compound metabolic process
go:GO:0072522,biological_process,purine-containing compound biosynthetic process
go:GO:0072523,biological_process,purine-containing compound catabolic process
go:GO:0072524,biological_process,pyridine-containing compound metabolic process
go:GO:0072526,biological_process,pyridine-containing compound catabolic process
go:GO:0072527,biological_process,pyrimidine-containing compound metabolic process
go:GO:0072528,biological_process,pyrimidine-containing compound biosynthetic process
go:GO:0072554,biological_process,blood vessel lumenization
go:GO:0072578,biological_process,neurotransmitter-gated ion channel clustering
go:GO:0072594,biological_process,establishment of protein localization to organelle
go:GO:0072595,biological_process,maintenance of protein localization in organelle
go:GO:0072599,biological_process,establishment of protein localization to endoplasmic reticulum
go:GO:0072657,biological_process,protein localization to membrane
go:GO:0072659,biological_process,protein localization to plasma membrane
go:GO:0072665,biological_process,protein localization to vacuole
go:GO:0072666,biological_process,establishment of protein localization to vacuole
go:GO:0072676,biological_process,lymphocyte migration
go:GO:0072678,biological_process,T cell migration
go:GO:0072733,biological_process,response to staurosporine
go:GO:0072734,biological_process,cellular response to staurosporine
go:GO:0072737,biological_process,response to diamide
go:GO:0072738,biological_process,cellular response to diamide
go:GO:0080090,biological_process,regulation of primary metabolic process
go:GO:0080129,biological_process,proteasome core complex assembly
go:GO:0080134,biological_process,regulation of response to stress
go:GO:0080135,biological_process,regulation of cellular response to stress
go:GO:0080164,biological_process,regulation of nitric oxide metabolic process
go:GO:0080171,biological_process,lytic vacuole organization
go:GO:0085017,biological_process,entry into host cell by a symbiont-containing vacuole
go:GO:0086001,biological_process,cardiac muscle cell action potential
go:GO:0086009,biological_process,membrane repolarization
go:GO:0086011,biological_process,membrane repolarization during action potential
go:GO:0086013,biological_process,membrane repolarization during cardiac muscle cell action potential
go:GO:0086064,biological_process,cell communication by electrical coupling involved in cardiac conduction
go:GO:0086065,biological_process,cell communication involved in cardiac conduction
go:GO:0086091,biological_process,regulation of heart rate by cardiac conduction
go:GO:0090022,biological_process,regulation of neutrophil chemotaxis
go:GO:0090023,biological_process,positive regulation of neutrophil chemotaxis
go:GO:0090025,biological_process,regulation of monocyte chemotaxis
go:GO:0090026,biological_process,positive regulation of monocyte chemotaxis
go:GO:0090034,biological_process,regulation of chaperone-mediated protein complex assembly
go:GO:0090035,biological_process,positive regulation of chaperone-mediated protein complex assembly
go:GO:0090043,biological_process,regulation of tubulin deacetylation
go:GO:0090049,biological_process,regulation of cell migration involved in sprouting angiogenesis
go:GO:0090050,biological_process,positive regulation of cell migration involved in sprouting angiogenesis
go:GO:0090066,biological_process,regulation of anatomical structure size
go:GO:0090068,biological_process,positive regulation of cell cycle process
go:GO:0090075,biological_process,relaxation of muscle
go:GO:0090083,biological_process,regulation of inclusion body assembly
go:GO:0090087,biological_process,regulation of peptide transport
go:GO:0090090,biological_process,negative regulation of canonical Wnt signaling pathway
go:GO:0090092,biological_process,regulation of transmembrane receptor protein serine/threonine kinase signaling pathway
go:GO:0090100,biological_process,positive regulation of transmembrane receptor protein serine/threonine kinase signaling pathway
go:GO:0090101,biological_process,negative regulation of transmembrane receptor protein serine/threonine kinase signaling pathway
go:GO:0090109,biological_process,regulation of cell-substrate junction assembly
go:GO:0090114,biological_process,COPII-coated vesicle budding
go:GO:0090136,biological_process,epithelial cell-cell adhesion
go:GO:0090140,biological_process,regulation of mitochondrial fission
go:GO:0090141,biological_process,positive regulation of mitochondrial fission
go:GO:0090148,biological_process,membrane fission
go:GO:0090150,biological_process,establishment of protein localization to membrane
go:GO:0090160,biological_process,Golgi to lysosome transport
go:GO:0090169,biological_process,regulation of spindle assembly
go:GO:0090174,biological_process,organelle membrane fusion
go:GO:0090181,biological_process,regulation of cholesterol metabolic process
go:GO:0090183,biological_process,regulation of kidney development
go:GO:0090185,biological_process,negative regulation of kidney development
go:GO:0090189,biological_process,regulation of branching involved in ureteric bud morphogenesis
go:GO:0090190,biological_process,positive regulation of branching involved in ureteric bud morphogenesis
go:GO:0090205,biological_process,positive regulation of cholesterol metabolic process
go:GO:0090206,biological_process,negative regulation of cholesterol metabolic process
go:GO:0090224,biological_process,regulation of spindle organization
go:GO:0090235,biological_process,regulation of metaphase plate congression
go:GO:0090257,biological_process,regulation of muscle system process
go:GO:0090261,biological_process,positive regulation of inclusion body assembly
go:GO:0090263,biological_process,positive regulation of canonical Wnt signaling pathway
go:GO:0090276,biological_process,regulation of peptide hormone secretion
go:GO:0090277,biological_process,positive regulation of peptide hormone secretion
go:GO:0090279,biological_process,regulation of calcium ion import
go:GO:0090280,biological_process,positive regulation of calcium ion import
go:GO:0090287,biological_process,regulation of cellular response to growth factor stimulus
go:GO:0090288,biological_process,negative regulation of cellular response to growth factor stimulus
go:GO:0090296,biological_process,regulation of mitochondrial DNA replication
go:GO:0090297,biological_process,positive regulation of mitochondrial DNA replication
go:GO:0090304,biological_process,nucleic acid metabolic process
go:GO:0090307,biological_process,mitotic spindle assembly
go:GO:0090311,biological_process,regulation of protein deacetylation
go:GO:0090313,biological_process,regulation of protein targeting to membrane
go:GO:0090314,biological_process,positive regulation of protein targeting to membrane
go:GO:0090316,biological_process,positive regulation of intracellular protein transport
go:GO:0090324,biological_process,negative regulation of oxidative phosphorylation
go:GO:0090329,biological_process,regulation of DNA-templated DNA replication
go:GO:0090335,biological_process,regulation of brown fat cell differentiation
go:GO:0090370,biological_process,negative regulation of cholesterol efflux
go:GO:0090398,biological_process,cellular senescence
go:GO:0090399,biological_process,replicative senescence
go:GO:0090407,biological_process,organophosphate biosynthetic process
go:GO:0090493,biological_process,catecholamine uptake
go:GO:0090494,biological_process,dopamine uptake
go:GO:0090504,biological_process,epiboly
go:GO:0090505,biological_process,epiboly involved in wound healing
go:GO:0090559,biological_process,regulation of membrane permeability
go:GO:0090596,biological_process,sensory organ morphogenesis
go:GO:0090646,biological_process,mitochondrial tRNA processing
go:GO:0090649,biological_process,response to oxygen-glucose deprivation
go:GO:0090650,biological_process,cellular response to oxygen-glucose deprivation
go:GO:0090669,biological_process,telomerase RNA stabilization
go:GO:0097006,biological_process,regulation of plasma lipoprotein particle levels
go:GO:0097009,biological_process,energy homeostasis
go:GO:0097028,biological_process,dendritic cell differentiation
go:GO:0097035,biological_process,regulation of membrane lipid distribution
go:GO:0097061,biological_process,dendritic spine organization
go:GO:0097062,biological_process,dendritic spine maintenance
go:GO:0097066,biological_process,response to thyroid hormone
go:GO:0097067,biological_process,cellular response to thyroid hormone stimulus
go:GO:0097091,biological_process,synaptic vesicle clustering
go:GO:0097101,biological_process,blood vessel endothelial cell fate specification
go:GO:0097113,biological_process,AMPA glutamate receptor clustering
go:GO:0097114,biological_process,NMDA glutamate receptor clustering
go:GO:0097150,biological_process,neuronal stem cell population maintenance
go:GO:0097176,biological_process,epoxide metabolic process
go:GO:0097190,biological_process,apoptotic signaling pathway
go:GO:0097191,biological_process,extrinsic apoptotic signaling pathway
go:GO:0097192,biological_process,extrinsic apoptotic signaling pathway in absence of ligand
go:GO:0097193,biological_process,intrinsic apoptotic signaling pathway
go:GO:0097194,biological_process,execution phase of apoptosis
go:GO:0097212,biological_process,lysosomal membrane organization
go:GO:0097222,biological_process,mitochondrial mRNA polyadenylation
go:GO:0097237,biological_process,cellular response to toxic substance
go:GO:0097240,biological_process,chromosome attachment to the nuclear envelope
go:GO:0097242,biological_process,amyloid-beta clearance
go:GO:0097300,biological_process,programmed necrotic cell death
go:GO:0097305,biological_process,response to alcohol
go:GO:0097306,biological_process,cellular response to alcohol
go:GO:0097320,biological_process,plasma membrane tubulation
go:GO:0097352,biological_process,autophagosome maturation
go:GO:0097401,biological_process,synaptic vesicle lumen acidification
go:GO:0097435,biological_process,supramolecular fiber organization
go:GO:0097479,biological_process,synaptic vesicle localization
go:GO:0097484,biological_process,dendrite extension
go:GO:0097485,biological_process,neuron projection guidance
go:GO:0097494,biological_process,regulation of vesicle size
go:GO:0097553,biological_process,calcium ion transmembrane import into cytosol
go:GO:0097576,biological_process,vacuole fusion
go:GO:0097581,biological_process,lamellipodium organization
go:GO:0097688,biological_process,glutamate receptor clustering
go:GO:0097694,biological_process,establishment of RNA localization to telomere
go:GO:0097695,biological_process,establishment of protein-containing complex localization to telomere
go:GO:0097696,biological_process,cell surface receptor signaling pathway via STAT
go:GO:0097699,biological_process,vascular endothelial cell response to fluid shear stress
go:GO:0097702,biological_process,response to oscillatory fluid shear stress
go:GO:0097704,biological_process,cellular response to oscillatory fluid shear stress
go:GO:0097706,biological_process,vascular endothelial cell response to oscillatory fluid shear stress
go:GO:0097720,biological_process,calcineurin-mediated signaling
go:GO:0097746,biological_process,blood vessel diameter maintenance
go:GO:0098508,biological_process,endothelial to hematopoietic transition
go:GO:0098528,biological_process,skeletal muscle fiber differentiation
go:GO:0098542,biological_process,defense response to other organism
go:GO:0098586,biological_process,cellular response to virus
go:GO:0098609,biological_process,cell-cell adhesion
go:GO:0098655,biological_process,monoatomic cation transmembrane transport
go:GO:0098656,biological_process,monoatomic anion transmembrane transport
go:GO:0098657,biological_process,import into cell
go:GO:0098659,biological_process,inorganic cation import across plasma membrane
go:GO:0098664,biological_process,G protein-coupled serotonin receptor signaling pathway
go:GO:0098693,biological_process,regulation of synaptic vesicle cycle
go:GO:0098719,biological_process,sodium ion import across plasma membrane
go:GO:0098727,biological_process,maintenance of cell number
go:GO:0098732,biological_process,macromolecule deacylation
go:GO:0098739,biological_process,import across plasma membrane
go:GO:0098754,biological_process,detoxification
go:GO:0098760,biological_process,response to interleukin-7
go:GO:0098761,biological_process,cellular response to interleukin-7
go:GO:0098771,biological_process,inorganic ion homeostasis
go:GO:0098773,biological_process,skin epidermis development
go:GO:0098780,biological_process,response to mitochondrial depolarisation
go:GO:0098810,biological_process,neurotransmitter reuptake
go:GO:0098813,biological_process,nuclear chromosome segregation
go:GO:0098868,biological_process,bone growth
go:GO:0098869,biological_process,cellular oxidant detoxification
go:GO:0098876,biological_process,vesicle-mediated transport to the plasma membrane
go:GO:0098883,biological_process,synapse pruning
go:GO:0098900,biological_process,regulation of action potential
go:GO:0098901,biological_process,regulation of cardiac muscle cell action potential
go:GO:0098916,biological_process,anterograde trans-synaptic signaling
go:GO:0098927,biological_process,vesicle-mediated transport between endosomal compartments
go:GO:0098930,biological_process,axonal transport
go:GO:0099003,biological_process,vesicle-mediated transport in synapse
go:GO:0099011,biological_process,neuronal dense core vesicle exocytosis
go:GO:0099024,biological_process,plasma membrane invagination
go:GO:0099072,biological_process,regulation of postsynaptic membrane neurotransmitter receptor levels
go:GO:0099111,biological_process,microtubule-based transport
go:GO:0099159,biological_process,regulation of modification of postsynaptic structure
go:GO:0099170,biological_process,postsynaptic modulation of chemical synaptic transmission
go:GO:0099171,biological_process,presynaptic modulation of chemical synaptic transmission
go:GO:0099173,biological_process,postsynapse organization
go:GO:0099174,biological_process,regulation of presynapse organization
go:GO:0099175,biological_process,regulation of postsynapse organization
go:GO:0099177,biological_process,regulation of trans-synaptic signaling
go:GO:0099504,biological_process,synaptic vesicle cycle
go:GO:0099514,biological_process,synaptic vesicle cytoskeletal transport
go:GO:0099517,biological_process,synaptic vesicle transport along microtubule
go:GO:0099518,biological_process,vesicle cytoskeletal trafficking
go:GO:0099519,biological_process,dense core granule cytoskeletal transport
go:GO:0099525,biological_process,presynaptic dense core vesicle exocytosis
go:GO:0099536,biological_process,synaptic signaling
go:GO:0099537,biological_process,trans-synaptic signaling
go:GO:0099547,biological_process,"regulation of translation at synapse, modulating synaptic transmission"
go:GO:0099565,biological_process,"chemical synaptic transmission, postsynaptic"
go:GO:0099578,biological_process,"regulation of translation at postsynapse, modulating synaptic transmission"
go:GO:0099587,biological_process,inorganic ion import across plasma membrane
go:GO:0099622,biological_process,cardiac muscle cell membrane repolarization
go:GO:0099643,biological_process,signal release from synapse
go:GO:0104004,biological_process,cellular response to environmental stimulus
go:GO:0106027,biological_process,neuron projection organization
go:GO:0106030,biological_process,neuron projection fasciculation
go:GO:0106056,biological_process,regulation of calcineurin-mediated signaling
go:GO:0106057,biological_process,negative regulation of calcineurin-mediated signaling
go:GO:0106118,biological_process,regulation of sterol biosynthetic process
go:GO:0106119,biological_process,negative regulation of sterol biosynthetic process
go:GO:0106227,biological_process,peptidyl-lysine glutarylation
go:GO:0110030,biological_process,regulation of G2/MI transition of meiotic cell cycle
go:GO:0110032,biological_process,positive regulation of G2/MI transition of meiotic cell cycle
go:GO:0110053,biological_process,regulation of actin filament organization
go:GO:0110075,biological_process,regulation of ferroptosis
go:GO:0110076,biological_process,negative regulation of ferroptosis
go:GO:0110110,biological_process,positive regulation of animal organ morphogenesis
go:GO:0120031,biological_process,plasma membrane bounded cell projection assembly
go:GO:0120032,biological_process,regulation of plasma membrane bounded cell projection assembly
go:GO:0120034,biological_process,positive regulation of plasma membrane bounded cell projection assembly
go:GO:0120035,biological_process,regulation of plasma membrane bounded cell projection organization
go:GO:0120036,biological_process,plasma membrane bounded cell projection organization
go:GO:0120039,biological_process,plasma membrane bounded cell projection morphogenesis
go:GO:0120161,biological_process,regulation of cold-induced thermogenesis
go:GO:0120162,biological_process,positive regulation of cold-induced thermogenesis
go:GO:0120163,biological_process,negative regulation of cold-induced thermogenesis
go:GO:0120178,biological_process,steroid hormone biosynthetic process
go:GO:0120192,biological_process,tight junction assembly
go:GO:0120193,biological_process,tight junction organization
go:GO:0120254,biological_process,olefinic compound metabolic process
go:GO:0140013,biological_process,meiotic nuclear division
go:GO:0140014,biological_process,mitotic nuclear division
go:GO:0140029,biological_process,exocytic process
go:GO:0140053,biological_process,mitochondrial gene expression
go:GO:0140066,biological_process,peptidyl-lysine crotonylation
go:GO:0140067,biological_process,peptidyl-lysine butyrylation
go:GO:0140075,biological_process,regulation of lipoprotein transport
go:GO:0140077,biological_process,positive regulation of lipoprotein transport
go:GO:0140115,biological_process,export across plasma membrane
go:GO:0140212,biological_process,regulation of long-chain fatty acid import into cell
go:GO:0140213,biological_process,negative regulation of long-chain fatty acid import into cell
go:GO:0140238,biological_process,presynaptic endocytosis
go:GO:0140243,biological_process,regulation of translation at synapse
go:GO:0140245,biological_process,regulation of translation at postsynapse
go:GO:0140352,biological_process,export from cell
go:GO:0140374,biological_process,antiviral innate immune response
go:GO:0140448,biological_process,signaling receptor ligand precursor processing
go:GO:0140467,biological_process,integrated stress response signaling
go:GO:0140468,biological_process,HRI-mediated signaling
go:GO:0140507,biological_process,granzyme-mediated programmed cell death signaling pathway
go:GO:0140527,biological_process,reciprocal homologous recombination
go:GO:0140546,biological_process,defense response to symbiont
go:GO:0140588,biological_process,chromatin looping
go:GO:0140627,biological_process,ubiquitin-dependent protein catabolic process via the C-end degron rule pathway
go:GO:0140639,biological_process,positive regulation of pyroptotic inflammatory response
go:GO:0140673,biological_process,transcription elongation-coupled chromatin remodeling
go:GO:0140694,biological_process,membraneless organelle assembly
go:GO:0140718,biological_process,facultative heterochromatin formation
go:GO:0140719,biological_process,constitutive heterochromatin formation
go:GO:0140861,biological_process,DNA repair-dependent chromatin remodeling
go:GO:0140888,biological_process,interferon-mediated signaling pathway
go:GO:0140889,biological_process,DNA replication-dependent chromatin disassembly
go:GO:0140894,biological_process,endolysosomal toll-like receptor signaling pathway
go:GO:0140895,biological_process,cell surface toll-like receptor signaling pathway
go:GO:0140896,biological_process,cGAS/STING signaling pathway
go:GO:0140962,biological_process,multicellular organismal-level chemical homeostasis
go:GO:0141005,biological_process,transposable element silencing by heterochromatin formation
go:GO:0141060,biological_process,disruption of anatomical structure in another organism
go:GO:0141061,biological_process,disruption of cell in another organism
go:GO:0141091,biological_process,transforming growth factor beta receptor superfamily signaling pathway
go:GO:0141111,biological_process,positive regulation of cGAS/STING signaling pathway
go:GO:0141119,biological_process,chromosomal DNA methylation maintenance following DNA replication
go:GO:0141124,biological_process,intracellular signaling cassette
go:GO:0141137,biological_process,"positive regulation of gene expression, epigenetic"
go:GO:0141149,biological_process,regulation of nitric oxide-cGMP mediated signal transduction
go:GO:0141150,biological_process,positive regulation of nitric oxide-cGMP mediated signal transduction
go:GO:0141156,biological_process,cAMP/PKA signal transduction
go:GO:0141164,biological_process,mitochondrial protein quality control
go:GO:0141187,biological_process,nucleic acid biosynthetic process
go:GO:0141188,biological_process,nucleic acid catabolic process
go:GO:0141193,biological_process,nuclear receptor-mediated signaling pathway
go:GO:0150052,biological_process,regulation of postsynapse assembly
go:GO:0150063,biological_process,visual system development
go:GO:0150076,biological_process,neuroinflammatory response
go:GO:0150094,biological_process,amyloid-beta clearance by cellular catabolic process
go:GO:0150098,biological_process,glial cell-neuron signaling
go:GO:0150101,biological_process,regulation of microtubule anchoring at centrosome
go:GO:0150104,biological_process,transport across blood-brain barrier
go:GO:0150106,biological_process,regulation of protein localization to cell-cell junction
go:GO:0150115,biological_process,cell-substrate junction organization
go:GO:0150116,biological_process,regulation of cell-substrate junction organization
go:GO:0150117,biological_process,positive regulation of cell-substrate junction organization
go:GO:0150118,biological_process,negative regulation of cell-substrate junction organization
go:GO:0150146,biological_process,cell junction disassembly
go:GO:0150200,biological_process,regulation of transport across blood-brain barrier
go:GO:0150201,biological_process,positive regulation of transport across blood-brain barrier
go:GO:0150202,biological_process,negative regulation of transport across blood-brain barrier
go:GO:0160020,biological_process,positive regulation of ferroptosis
go:GO:0160108,biological_process,animal gross anatomical part developmental process
go:GO:0160213,biological_process,beta-arrestin-dependent dopamine receptor signaling pathway
go:GO:0160217,biological_process,negative regulation of transcription initiation-coupled chromatin remodeling
go:GO:0160239,biological_process,transcription pausing by RNA polymerase II
go:GO:0160274,biological_process,beige fat cell differentiation
go:GO:0160275,biological_process,negative regulation of white fat cell differentiation
go:GO:0160307,biological_process,protein biosynthetic process
go:GO:0170036,biological_process,import into the mitochondrion
go:GO:0170039,biological_process,proteinogenic amino acid metabolic process
go:GO:0170040,biological_process,proteinogenic amino acid catabolic process
go:GO:0170062,biological_process,nutrient storage
go:GO:0180026,biological_process,mitochondrial small ribosomal subunit assembly
go:GO:0180064,biological_process,protein O-linked glycosylation via xylose
go:GO:1900015,biological_process,regulation of cytokine production involved in inflammatory response
go:GO:1900017,biological_process,positive regulation of cytokine production involved in inflammatory response
go:GO:1900024,biological_process,regulation of substrate adhesion-dependent cell spreading
go:GO:1900026,biological_process,positive regulation of substrate adhesion-dependent cell spreading
go:GO:1900034,biological_process,regulation of cellular response to heat
go:GO:1900037,biological_process,regulation of cellular response to hypoxia
go:GO:1900038,biological_process,negative regulation of cellular response to hypoxia
go:GO:1900044,biological_process,regulation of protein K63-linked ubiquitination
go:GO:1900046,biological_process,regulation of hemostasis
go:GO:1900047,biological_process,negative regulation of hemostasis
go:GO:1900076,biological_process,regulation of cellular response to insulin stimulus
go:GO:1900077,biological_process,negative regulation of cellular response to insulin stimulus
go:GO:1900078,biological_process,positive regulation of cellular response to insulin stimulus
go:GO:1900087,biological_process,positive regulation of G1/S transition of mitotic cell cycle
go:GO:1900101,biological_process,regulation of endoplasmic reticulum unfolded protein response
go:GO:1900102,biological_process,negative regulation of endoplasmic reticulum unfolded protein response
go:GO:1900103,biological_process,positive regulation of endoplasmic reticulum unfolded protein response
go:GO:1900151,biological_process,"regulation of nuclear-transcribed mRNA catabolic process, deadenylation-dependent decay"
go:GO:1900152,biological_process,"negative regulation of nuclear-transcribed mRNA catabolic process, deadenylation-dependent decay"
go:GO:1900153,biological_process,"positive regulation of nuclear-transcribed mRNA catabolic process, deadenylation-dependent decay"
go:GO:1900180,biological_process,regulation of protein localization to nucleus
go:GO:1900181,biological_process,negative regulation of protein localization to nucleus
go:GO:1900182,biological_process,positive regulation of protein localization to nucleus
go:GO:1900221,biological_process,regulation of amyloid-beta clearance
go:GO:1900222,biological_process,negative regulation of amyloid-beta clearance
go:GO:1900223,biological_process,positive regulation of amyloid-beta clearance
go:GO:1900239,biological_process,regulation of phenotypic switching
go:GO:1900240,biological_process,negative regulation of phenotypic switching
go:GO:1900242,biological_process,regulation of synaptic vesicle endocytosis
go:GO:1900244,biological_process,positive regulation of synaptic vesicle endocytosis
go:GO:1900271,biological_process,regulation of long-term synaptic potentiation
go:GO:1900272,biological_process,negative regulation of long-term synaptic potentiation
go:GO:1900371,biological_process,regulation of purine nucleotide biosynthetic process
go:GO:1900373,biological_process,positive regulation of purine nucleotide biosynthetic process
go:GO:1900376,biological_process,regulation of secondary metabolite biosynthetic process
go:GO:1900378,biological_process,positive regulation of secondary metabolite biosynthetic process
go:GO:1900542,biological_process,regulation of purine nucleotide metabolic process
go:GO:1900544,biological_process,positive regulation of purine nucleotide metabolic process
go:GO:1901020,biological_process,negative regulation of calcium ion transmembrane transporter activity
go:GO:1901028,biological_process,regulation of mitochondrial outer membrane permeabilization involved in apoptotic signaling pathway
go:GO:1901030,biological_process,positive regulation of mitochondrial outer membrane permeabilization involved in apoptotic signaling pathway
go:GO:1901135,biological_process,carbohydrate derivative metabolic process
go:GO:1901136,biological_process,carbohydrate derivative catabolic process
go:GO:1901137,biological_process,carbohydrate derivative biosynthetic process
go:GO:1901142,biological_process,insulin metabolic process
go:GO:1901143,biological_process,insulin catabolic process
go:GO:1901163,biological_process,regulation of trophoblast cell migration
go:GO:1901165,biological_process,positive regulation of trophoblast cell migration
go:GO:1901184,biological_process,regulation of ERBB signaling pathway
go:GO:1901186,biological_process,positive regulation of ERBB signaling pathway
go:GO:1901187,biological_process,regulation of ephrin receptor signaling pathway
go:GO:1901189,biological_process,positive regulation of ephrin receptor signaling pathway
go:GO:1901222,biological_process,regulation of non-canonical NF-kappaB signal transduction
go:GO:1901223,biological_process,negative regulation of non-canonical NF-kappaB signal transduction
go:GO:1901224,biological_process,positive regulation of non-canonical NF-kappaB signal transduction
go:GO:1901292,biological_process,nucleoside phosphate catabolic process
go:GO:1901293,biological_process,nucleoside phosphate biosynthetic process
go:GO:1901301,biological_process,regulation of cargo loading into COPII-coated vesicle
go:GO:1901303,biological_process,negative regulation of cargo loading into COPII-coated vesicle
go:GO:1901317,biological_process,regulation of flagellated sperm motility
go:GO:1901329,biological_process,regulation of odontoblast differentiation
go:GO:1901331,biological_process,positive regulation of odontoblast differentiation
go:GO:1901342,biological_process,regulation of vasculature development
go:GO:1901343,biological_process,negative regulation of vasculature development
go:GO:1901379,biological_process,regulation of potassium ion transmembrane transport
go:GO:1901381,biological_process,positive regulation of potassium ion transmembrane transport
go:GO:1901385,biological_process,regulation of voltage-gated calcium channel activity
go:GO:1901386,biological_process,negative regulation of voltage-gated calcium channel activity
go:GO:1901475,biological_process,pyruvate transmembrane transport
go:GO:1901524,biological_process,regulation of mitophagy
go:GO:1901526,biological_process,positive regulation of mitophagy
go:GO:1901532,biological_process,regulation of hematopoietic progenitor cell differentiation
go:GO:1901533,biological_process,negative regulation of hematopoietic progenitor cell differentiation
go:GO:1901534,biological_process,positive regulation of hematopoietic progenitor cell differentiation
go:GO:1901550,biological_process,regulation of endothelial cell development
go:GO:1901568,biological_process,fatty acid derivative metabolic process
go:GO:1901569,biological_process,fatty acid derivative catabolic process
go:GO:1901626,biological_process,regulation of postsynaptic membrane organization
go:GO:1901627,biological_process,negative regulation of postsynaptic membrane organization
go:GO:1901629,biological_process,regulation of presynaptic membrane organization
go:GO:1901631,biological_process,positive regulation of presynaptic membrane organization
go:GO:1901632,biological_process,regulation of synaptic vesicle membrane organization
go:GO:1901652,biological_process,response to peptide
go:GO:1901654,biological_process,response to ketone
go:GO:1901655,biological_process,cellular response to ketone
go:GO:1901673,biological_process,regulation of mitotic spindle assembly
go:GO:1901698,biological_process,response to nitrogen compound
go:GO:1901699,biological_process,cellular response to nitrogen compound
go:GO:1901700,biological_process,response to oxygen-containing compound
go:GO:1901701,biological_process,cellular response to oxygen-containing compound
go:GO:1901796,biological_process,regulation of signal transduction by p53 class mediator
go:GO:1901797,biological_process,negative regulation of signal transduction by p53 class mediator
go:GO:1901798,biological_process,positive regulation of signal transduction by p53 class mediator
go:GO:1901799,biological_process,negative regulation of proteasomal protein catabolic process
go:GO:1901800,biological_process,positive regulation of proteasomal protein catabolic process
go:GO:1901836,biological_process,regulation of transcription of nucleolar large rRNA by RNA polymerase I
go:GO:1901838,biological_process,positive regulation of transcription of nucleolar large rRNA by RNA polymerase I
go:GO:1901842,biological_process,negative regulation of high voltage-gated calcium channel activity
go:GO:1901844,biological_process,regulation of cell communication by electrical coupling involved in cardiac conduction
go:GO:1901856,biological_process,negative regulation of cellular respiration
go:GO:1901858,biological_process,regulation of mitochondrial DNA metabolic process
go:GO:1901860,biological_process,positive regulation of mitochondrial DNA metabolic process
go:GO:1901861,biological_process,regulation of muscle tissue development
go:GO:1901863,biological_process,positive regulation of muscle tissue development
go:GO:1901873,biological_process,regulation of post-translational protein modification
go:GO:1901874,biological_process,negative regulation of post-translational protein modification
go:GO:1901875,biological_process,positive regulation of post-translational protein modification
go:GO:1901879,biological_process,regulation of protein depolymerization
go:GO:1901880,biological_process,negative regulation of protein depolymerization
go:GO:1901888,biological_process,regulation of cell junction assembly
go:GO:1901889,biological_process,negative regulation of cell junction assembly
go:GO:1901890,biological_process,positive regulation of cell junction assembly
go:GO:1901950,biological_process,dense core granule transport
go:GO:1901987,biological_process,regulation of cell cycle phase transition
go:GO:1901988,biological_process,negative regulation of cell cycle phase transition
go:GO:1901989,biological_process,positive regulation of cell cycle phase transition
go:GO:1901990,biological_process,regulation of mitotic cell cycle phase transition
go:GO:1901991,biological_process,negative regulation of mitotic cell cycle phase transition
go:GO:1901992,biological_process,positive regulation of mitotic cell cycle phase transition
go:GO:1901993,biological_process,regulation of meiotic cell cycle phase transition
go:GO:1901995,biological_process,positive regulation of meiotic cell cycle phase transition
go:GO:1902003,biological_process,regulation of amyloid-beta formation
go:GO:1902004,biological_process,positive regulation of amyloid-beta formation
go:GO:1902017,biological_process,regulation of cilium assembly
go:GO:1902019,biological_process,regulation of cilium-dependent cell motility
go:GO:1902036,biological_process,regulation of hematopoietic stem cell differentiation
go:GO:1902037,biological_process,negative regulation of hematopoietic stem cell differentiation
go:GO:1902041,biological_process,regulation of extrinsic apoptotic signaling pathway via death domain receptors
go:GO:1902042,biological_process,negative regulation of extrinsic apoptotic signaling pathway via death domain receptors
go:GO:1902065,biological_process,response to L-glutamate
go:GO:1902074,biological_process,response to salt
go:GO:1902075,biological_process,cellular response to salt
go:GO:1902093,biological_process,positive regulation of flagellated sperm motility
go:GO:1902099,biological_process,regulation of metaphase/anaphase transition of cell cycle
go:GO:1902100,biological_process,negative regulation of metaphase/anaphase transition of cell cycle
go:GO:1902105,biological_process,regulation of leukocyte differentiation
go:GO:1902107,biological_process,positive regulation of leukocyte differentiation
go:GO:1902115,biological_process,regulation of organelle assembly
go:GO:1902116,biological_process,negative regulation of organelle assembly
go:GO:1902117,biological_process,positive regulation of organelle assembly
go:GO:1902165,biological_process,regulation of intrinsic apoptotic signaling pathway in response to DNA damage by p53 class mediator
go:GO:1902166,biological_process,negative regulation of intrinsic apoptotic signaling pathway in response to DNA damage by p53 class mediator
go:GO:1902170,biological_process,cellular response to reactive nitrogen species
go:GO:1902175,biological_process,regulation of oxidative stress-induced intrinsic apoptotic signaling pathway
go:GO:1902176,biological_process,negative regulation of oxidative stress-induced intrinsic apoptotic signaling pathway
go:GO:1902202,biological_process,regulation of hepatocyte growth factor receptor signaling pathway
go:GO:1902229,biological_process,regulation of intrinsic apoptotic signaling pathway in response to DNA damage
go:GO:1902230,biological_process,negative regulation of intrinsic apoptotic signaling pathway in response to DNA damage
go:GO:1902235,biological_process,regulation of endoplasmic reticulum stress-induced intrinsic apoptotic signaling pathway
go:GO:1902236,biological_process,negative regulation of endoplasmic reticulum stress-induced intrinsic apoptotic signaling pathway
go:GO:1902237,biological_process,positive regulation of endoplasmic reticulum stress-induced intrinsic apoptotic signaling pathway
go:GO:1902253,biological_process,regulation of intrinsic apoptotic signaling pathway by p53 class mediator
go:GO:1902254,biological_process,negative regulation of intrinsic apoptotic signaling pathway by p53 class mediator
go:GO:1902267,biological_process,regulation of polyamine transmembrane transport
go:GO:1902268,biological_process,negative regulation of polyamine transmembrane transport
go:GO:1902275,biological_process,regulation of chromatin organization
go:GO:1902305,biological_process,regulation of sodium ion transmembrane transport
go:GO:1902307,biological_process,positive regulation of sodium ion transmembrane transport
go:GO:1902340,biological_process,negative regulation of chromosome condensation
go:GO:1902369,biological_process,negative regulation of RNA catabolic process
go:GO:1902373,biological_process,negative regulation of mRNA catabolic process
go:GO:1902410,biological_process,mitotic cytokinetic process
go:GO:1902423,biological_process,regulation of attachment of mitotic spindle microtubules to kinetochore
go:GO:1902425,biological_process,positive regulation of attachment of mitotic spindle microtubules to kinetochore
go:GO:1902430,biological_process,negative regulation of amyloid-beta formation
go:GO:1902455,biological_process,negative regulation of stem cell population maintenance
go:GO:1902459,biological_process,positive regulation of stem cell population maintenance
go:GO:1902498,biological_process,regulation of protein autoubiquitination
go:GO:1902499,biological_process,positive regulation of protein autoubiquitination
go:GO:1902510,biological_process,regulation of apoptotic DNA fragmentation
go:GO:1902512,biological_process,positive regulation of apoptotic DNA fragmentation
go:GO:1902523,biological_process,positive regulation of protein K63-linked ubiquitination
go:GO:1902524,biological_process,positive regulation of protein K48-linked ubiquitination
go:GO:1902525,biological_process,regulation of protein monoubiquitination
go:GO:1902527,biological_process,positive regulation of protein monoubiquitination
go:GO:1902531,biological_process,regulation of intracellular signal transduction
go:GO:1902532,biological_process,negative regulation of intracellular signal transduction
go:GO:1902533,biological_process,positive regulation of intracellular signal transduction
go:GO:1902563,biological_process,regulation of neutrophil activation
go:GO:1902564,biological_process,negative regulation of neutrophil activation
go:GO:1902600,biological_process,proton transmembrane transport
go:GO:1902622,biological_process,regulation of neutrophil migration
go:GO:1902624,biological_process,positive regulation of neutrophil migration
go:GO:1902652,biological_process,secondary alcohol metabolic process
go:GO:1902653,biological_process,secondary alcohol biosynthetic process
go:GO:1902659,biological_process,regulation of glucose mediated signaling pathway
go:GO:1902661,biological_process,positive regulation of glucose mediated signaling pathway
go:GO:1902679,biological_process,negative regulation of RNA biosynthetic process
go:GO:1902680,biological_process,positive regulation of RNA biosynthetic process
go:GO:1902692,biological_process,regulation of neuroblast proliferation
go:GO:1902725,biological_process,negative regulation of satellite cell differentiation
go:GO:1902730,biological_process,positive regulation of proteoglycan biosynthetic process
go:GO:1902742,biological_process,apoptotic process involved in development
go:GO:1902743,biological_process,regulation of lamellipodium organization
go:GO:1902745,biological_process,positive regulation of lamellipodium organization
go:GO:1902749,biological_process,regulation of cell cycle G2/M phase transition
go:GO:1902750,biological_process,negative regulation of cell cycle G2/M phase transition
go:GO:1902751,biological_process,positive regulation of cell cycle G2/M phase transition
go:GO:1902774,biological_process,late endosome to lysosome transport
go:GO:1902806,biological_process,regulation of cell cycle G1/S phase transition
go:GO:1902807,biological_process,negative regulation of cell cycle G1/S phase transition
go:GO:1902808,biological_process,positive regulation of cell cycle G1/S phase transition
go:GO:1902850,biological_process,microtubule cytoskeleton organization involved in mitosis
go:GO:1902893,biological_process,regulation of miRNA transcription
go:GO:1902894,biological_process,negative regulation of miRNA transcription
go:GO:1902895,biological_process,positive regulation of miRNA transcription
go:GO:1902903,biological_process,regulation of supramolecular fiber organization
go:GO:1902904,biological_process,negative regulation of supramolecular fiber organization
go:GO:1902905,biological_process,positive regulation of supramolecular fiber organization
go:GO:1902913,biological_process,positive regulation of neuroepithelial cell differentiation
go:GO:1902914,biological_process,regulation of protein polyubiquitination
go:GO:1902916,biological_process,positive regulation of protein polyubiquitination
go:GO:1902930,biological_process,regulation of alcohol biosynthetic process
go:GO:1902931,biological_process,negative regulation of alcohol biosynthetic process
go:GO:1902932,biological_process,positive regulation of alcohol biosynthetic process
go:GO:1902950,biological_process,regulation of dendritic spine maintenance
go:GO:1902951,biological_process,negative regulation of dendritic spine maintenance
go:GO:1902952,biological_process,positive regulation of dendritic spine maintenance
go:GO:1902956,biological_process,"regulation of mitochondrial electron transport, NADH to ubiquinone"
go:GO:1902957,biological_process,"negative regulation of mitochondrial electron transport, NADH to ubiquinone"
go:GO:1902991,biological_process,regulation of amyloid precursor protein catabolic process
go:GO:1902992,biological_process,negative regulation of amyloid precursor protein catabolic process
go:GO:1902993,biological_process,positive regulation of amyloid precursor protein catabolic process
go:GO:1902994,biological_process,regulation of phospholipid efflux
go:GO:1902995,biological_process,positive regulation of phospholipid efflux
go:GO:1902996,biological_process,regulation of neurofibrillary tangle assembly
go:GO:1902998,biological_process,positive regulation of neurofibrillary tangle assembly
go:GO:1902999,biological_process,negative regulation of phospholipid efflux
go:GO:1903000,biological_process,regulation of lipid transport across blood-brain barrier
go:GO:1903001,biological_process,negative regulation of lipid transport across blood-brain barrier
go:GO:1903002,biological_process,positive regulation of lipid transport across blood-brain barrier
go:GO:1903008,biological_process,organelle disassembly
go:GO:1903010,biological_process,regulation of bone development
go:GO:1903018,biological_process,regulation of glycoprotein metabolic process
go:GO:1903020,biological_process,positive regulation of glycoprotein metabolic process
go:GO:1903025,biological_process,regulation of RNA polymerase II regulatory region sequence-specific DNA binding
go:GO:1903026,biological_process,negative regulation of RNA polymerase II regulatory region sequence-specific DNA binding
go:GO:1903034,biological_process,regulation of response to wounding
go:GO:1903035,biological_process,negative regulation of response to wounding
go:GO:1903037,biological_process,regulation of leukocyte cell-cell adhesion
go:GO:1903038,biological_process,negative regulation of leukocyte cell-cell adhesion
go:GO:1903039,biological_process,positive regulation of leukocyte cell-cell adhesion
go:GO:1903044,biological_process,protein localization to membrane raft
go:GO:1903046,biological_process,meiotic cell cycle process
go:GO:1903047,biological_process,mitotic cell cycle process
go:GO:1903076,biological_process,regulation of protein localization to plasma membrane
go:GO:1903077,biological_process,negative regulation of protein localization to plasma membrane
go:GO:1903078,biological_process,positive regulation of protein localization to plasma membrane
go:GO:1903126,biological_process,negative regulation of centriole-centriole cohesion
go:GO:1903131,biological_process,mononuclear cell differentiation
go:GO:1903140,biological_process,regulation of establishment of endothelial barrier
go:GO:1903146,biological_process,regulation of autophagy of mitochondrion
go:GO:1903169,biological_process,regulation of calcium ion transmembrane transport
go:GO:1903170,biological_process,negative regulation of calcium ion transmembrane transport
go:GO:1903236,biological_process,regulation of leukocyte tethering or rolling
go:GO:1903237,biological_process,negative regulation of leukocyte tethering or rolling
go:GO:1903241,biological_process,U2-type prespliceosome assembly
go:GO:1903276,biological_process,regulation of sodium ion export across plasma membrane
go:GO:1903278,biological_process,positive regulation of sodium ion export across plasma membrane
go:GO:1903285,biological_process,positive regulation of hydrogen peroxide catabolic process
go:GO:1903286,biological_process,regulation of potassium ion import
go:GO:1903288,biological_process,positive regulation of potassium ion import across plasma membrane
go:GO:1903294,biological_process,"regulation of glutamate secretion, neurotransmission"
go:GO:1903296,biological_process,"positive regulation of glutamate secretion, neurotransmission"
go:GO:1903297,biological_process,regulation of hypoxia-induced intrinsic apoptotic signaling pathway
go:GO:1903298,biological_process,negative regulation of hypoxia-induced intrinsic apoptotic signaling pathway
go:GO:1903302,biological_process,regulation of pyruvate kinase activity
go:GO:1903305,biological_process,regulation of regulated secretory pathway
go:GO:1903307,biological_process,positive regulation of regulated secretory pathway
go:GO:1903311,biological_process,regulation of mRNA metabolic process
go:GO:1903312,biological_process,negative regulation of mRNA metabolic process
go:GO:1903313,biological_process,positive regulation of mRNA metabolic process
go:GO:1903317,biological_process,regulation of protein maturation
go:GO:1903319,biological_process,positive regulation of protein maturation
go:GO:1903320,biological_process,regulation of protein modification by small protein conjugation or removal
go:GO:1903321,biological_process,negative regulation of protein modification by small protein conjugation or removal
go:GO:1903322,biological_process,positive regulation of protein modification by small protein conjugation or removal
go:GO:1903350,biological_process,response to dopamine
go:GO:1903351,biological_process,cellular response to dopamine
go:GO:1903358,biological_process,regulation of Golgi organization
go:GO:1903365,biological_process,regulation of fear response
go:GO:1903376,biological_process,regulation of oxidative stress-induced neuron intrinsic apoptotic signaling pathway
go:GO:1903377,biological_process,negative regulation of oxidative stress-induced neuron intrinsic apoptotic signaling pathway
go:GO:1903379,biological_process,regulation of mitotic chromosome condensation
go:GO:1903421,biological_process,regulation of synaptic vesicle recycling
go:GO:1903423,biological_process,positive regulation of synaptic vesicle recycling
go:GO:1903426,biological_process,regulation of reactive oxygen species biosynthetic process
go:GO:1903427,biological_process,negative regulation of reactive oxygen species biosynthetic process
go:GO:1903432,biological_process,regulation of TORC1 signaling
go:GO:1903444,biological_process,negative regulation of brown fat cell differentiation
go:GO:1903509,biological_process,liposaccharide metabolic process
go:GO:1903522,biological_process,regulation of blood circulation
go:GO:1903524,biological_process,positive regulation of blood circulation
go:GO:1903530,biological_process,regulation of secretion by cell
go:GO:1903531,biological_process,negative regulation of secretion by cell
go:GO:1903532,biological_process,positive regulation of secretion by cell
go:GO:1903533,biological_process,regulation of protein targeting
go:GO:1903541,biological_process,regulation of exosomal secretion
go:GO:1903543,biological_process,positive regulation of exosomal secretion
go:GO:1903551,biological_process,regulation of extracellular exosome assembly
go:GO:1903553,biological_process,positive regulation of extracellular exosome assembly
go:GO:1903555,biological_process,regulation of tumor necrosis factor superfamily cytokine production
go:GO:1903557,biological_process,positive regulation of tumor necrosis factor superfamily cytokine production
go:GO:1903564,biological_process,regulation of protein localization to cilium
go:GO:1903566,biological_process,positive regulation of protein localization to cilium
go:GO:1903573,biological_process,negative regulation of response to endoplasmic reticulum stress
go:GO:1903575,biological_process,cornified envelope assembly
go:GO:1903578,biological_process,regulation of ATP metabolic process
go:GO:1903580,biological_process,positive regulation of ATP metabolic process
go:GO:1903599,biological_process,positive regulation of autophagy of mitochondrion
go:GO:1903608,biological_process,protein localization to cytoplasmic stress granule
go:GO:1903624,biological_process,regulation of DNA catabolic process
go:GO:1903626,biological_process,positive regulation of DNA catabolic process
go:GO:1903670,biological_process,regulation of sprouting angiogenesis
go:GO:1903672,biological_process,positive regulation of sprouting angiogenesis
go:GO:1903674,biological_process,regulation of cap-dependent translational initiation
go:GO:1903676,biological_process,positive regulation of cap-dependent translational initiation
go:GO:1903677,biological_process,regulation of cap-independent translational initiation
go:GO:1903679,biological_process,positive regulation of cap-independent translational initiation
go:GO:1903706,biological_process,regulation of hemopoiesis
go:GO:1903708,biological_process,positive regulation of hemopoiesis
go:GO:1903715,biological_process,regulation of aerobic respiration
go:GO:1903729,biological_process,regulation of plasma membrane organization
go:GO:1903747,biological_process,regulation of protein localization to mitochondrion
go:GO:1903798,biological_process,regulation of miRNA processing
go:GO:1903828,biological_process,negative regulation of protein localization
go:GO:1903829,biological_process,positive regulation of protein localization
go:GO:1903830,biological_process,magnesium ion transmembrane transport
go:GO:1903842,biological_process,response to arsenite ion
go:GO:1903843,biological_process,cellular response to arsenite ion
go:GO:1903844,biological_process,regulation of cellular response to transforming growth factor beta stimulus
go:GO:1903846,biological_process,positive regulation of cellular response to transforming growth factor beta stimulus
go:GO:1903867,biological_process,extraembryonic membrane development
go:GO:1903891,biological_process,regulation of ATF6-mediated unfolded protein response
go:GO:1903892,biological_process,negative regulation of ATF6-mediated unfolded protein response
go:GO:1903894,biological_process,regulation of IRE1-mediated unfolded protein response
go:GO:1903895,biological_process,negative regulation of IRE1-mediated unfolded protein response
go:GO:1903896,biological_process,positive regulation of IRE1-mediated unfolded protein response
go:GO:1903897,biological_process,regulation of PERK-mediated unfolded protein response
go:GO:1903898,biological_process,negative regulation of PERK-mediated unfolded protein response
go:GO:1903900,biological_process,regulation of viral life cycle
go:GO:1903935,biological_process,response to sodium arsenite
go:GO:1903936,biological_process,cellular response to sodium arsenite
go:GO:1903939,biological_process,regulation of TORC2 signaling
go:GO:1903940,biological_process,negative regulation of TORC2 signaling
go:GO:1904018,biological_process,positive regulation of vasculature development
go:GO:1904035,biological_process,regulation of epithelial cell apoptotic process
go:GO:1904036,biological_process,negative regulation of epithelial cell apoptotic process
go:GO:1904062,biological_process,regulation of monoatomic cation transmembrane transport
go:GO:1904063,biological_process,negative regulation of cation transmembrane transport
go:GO:1904064,biological_process,positive regulation of cation transmembrane transport
go:GO:1904098,biological_process,regulation of protein O-linked glycosylation
go:GO:1904100,biological_process,positive regulation of protein O-linked glycosylation
go:GO:1904157,biological_process,DN4 thymocyte differentiation
go:GO:1904180,biological_process,negative regulation of membrane depolarization
go:GO:1904181,biological_process,positive regulation of membrane depolarization
go:GO:1904200,biological_process,iodide transmembrane transport
go:GO:1904262,biological_process,negative regulation of TORC1 signaling
go:GO:1904263,biological_process,positive regulation of TORC1 signaling
go:GO:1904292,biological_process,regulation of ERAD pathway
go:GO:1904294,biological_process,positive regulation of ERAD pathway
go:GO:1904307,biological_process,response to desipramine
go:GO:1904338,biological_process,regulation of dopaminergic neuron differentiation
go:GO:1904339,biological_process,negative regulation of dopaminergic neuron differentiation
go:GO:1904353,biological_process,regulation of telomere capping
go:GO:1904354,biological_process,negative regulation of telomere capping
go:GO:1904356,biological_process,regulation of telomere maintenance via telomere lengthening
go:GO:1904358,biological_process,positive regulation of telomere maintenance via telomere lengthening
go:GO:1904375,biological_process,regulation of protein localization to cell periphery
go:GO:1904376,biological_process,negative regulation of protein localization to cell periphery
go:GO:1904377,biological_process,positive regulation of protein localization to cell periphery
go:GO:1904385,biological_process,cellular response to angiotensin
go:GO:1904427,biological_process,positive regulation of calcium ion transmembrane transport
go:GO:1904515,biological_process,positive regulation of TORC2 signaling
go:GO:1904580,biological_process,regulation of intracellular mRNA localization
go:GO:1904582,biological_process,positive regulation of intracellular mRNA localization
go:GO:1904640,biological_process,response to methionine
go:GO:1904645,biological_process,response to amyloid-beta
go:GO:1904646,biological_process,cellular response to amyloid-beta
go:GO:1904688,biological_process,regulation of cytoplasmic translational initiation
go:GO:1904690,biological_process,positive regulation of cytoplasmic translational initiation
go:GO:1904694,biological_process,negative regulation of vascular associated smooth muscle contraction
go:GO:1904702,biological_process,regulation of protein localization to adherens junction
go:GO:1904705,biological_process,regulation of vascular associated smooth muscle cell proliferation
go:GO:1904707,biological_process,positive regulation of vascular associated smooth muscle cell proliferation
go:GO:1904714,biological_process,regulation of chaperone-mediated autophagy
go:GO:1904715,biological_process,negative regulation of chaperone-mediated autophagy
go:GO:1904752,biological_process,regulation of vascular associated smooth muscle cell migration
go:GO:1904753,biological_process,negative regulation of vascular associated smooth muscle cell migration
go:GO:1904754,biological_process,positive regulation of vascular associated smooth muscle cell migration
go:GO:1904760,biological_process,regulation of myofibroblast differentiation
go:GO:1904761,biological_process,negative regulation of myofibroblast differentiation
go:GO:1904772,biological_process,response to tetrachloromethane
go:GO:1904776,biological_process,regulation of protein localization to cell cortex
go:GO:1904778,biological_process,positive regulation of protein localization to cell cortex
go:GO:1904779,biological_process,regulation of protein localization to centrosome
go:GO:1904780,biological_process,negative regulation of protein localization to centrosome
go:GO:1904781,biological_process,positive regulation of protein localization to centrosome
go:GO:1904880,biological_process,response to hydrogen sulfide
go:GO:1904881,biological_process,cellular response to hydrogen sulfide
go:GO:1904882,biological_process,regulation of telomerase catalytic core complex assembly
go:GO:1904884,biological_process,positive regulation of telomerase catalytic core complex assembly
go:GO:1904888,biological_process,cranial skeletal system development
go:GO:1904892,biological_process,regulation of receptor signaling pathway via STAT
go:GO:1904893,biological_process,negative regulation of receptor signaling pathway via STAT
go:GO:1904894,biological_process,positive regulation of receptor signaling pathway via STAT
go:GO:1904948,biological_process,midbrain dopaminergic neuron differentiation
go:GO:1904950,biological_process,negative regulation of establishment of protein localization
go:GO:1904951,biological_process,positive regulation of establishment of protein localization
go:GO:1904975,biological_process,response to bleomycin
go:GO:1904994,biological_process,regulation of leukocyte adhesion to vascular endothelial cell
go:GO:1904995,biological_process,negative regulation of leukocyte adhesion to vascular endothelial cell
go:GO:1905005,biological_process,regulation of epithelial to mesenchymal transition involved in endocardial cushion formation
go:GO:1905007,biological_process,positive regulation of epithelial to mesenchymal transition involved in endocardial cushion formation
go:GO:1905037,biological_process,autophagosome organization
go:GO:1905039,biological_process,carboxylic acid transmembrane transport
go:GO:1905063,biological_process,regulation of vascular associated smooth muscle cell differentiation
go:GO:1905064,biological_process,negative regulation of vascular associated smooth muscle cell differentiation
go:GO:1905135,biological_process,biotin import across plasma membrane
go:GO:1905168,biological_process,positive regulation of double-strand break repair via homologous recombination
go:GO:1905207,biological_process,regulation of cardiocyte differentiation
go:GO:1905209,biological_process,positive regulation of cardiocyte differentiation
go:GO:1905213,biological_process,negative regulation of mitotic chromosome condensation
go:GO:1905244,biological_process,regulation of modification of synaptic structure
go:GO:1905268,biological_process,negative regulation of chromatin organization
go:GO:1905274,biological_process,regulation of modification of postsynaptic actin cytoskeleton
go:GO:1905276,biological_process,regulation of epithelial tube formation
go:GO:1905278,biological_process,positive regulation of epithelial tube formation
go:GO:1905314,biological_process,semi-lunar valve development
go:GO:1905317,biological_process,inferior endocardial cushion morphogenesis
go:GO:1905330,biological_process,regulation of morphogenesis of an epithelium
go:GO:1905332,biological_process,positive regulation of morphogenesis of an epithelium
go:GO:1905446,biological_process,regulation of mitochondrial ATP synthesis coupled electron transport
go:GO:1905447,biological_process,negative regulation of mitochondrial ATP synthesis coupled electron transport
go:GO:1905453,biological_process,regulation of myeloid progenitor cell differentiation
go:GO:1905454,biological_process,negative regulation of myeloid progenitor cell differentiation
go:GO:1905459,biological_process,regulation of vascular associated smooth muscle cell apoptotic process
go:GO:1905460,biological_process,negative regulation of vascular associated smooth muscle cell apoptotic process
go:GO:1905475,biological_process,regulation of protein localization to membrane
go:GO:1905476,biological_process,negative regulation of protein localization to membrane
go:GO:1905477,biological_process,positive regulation of protein localization to membrane
go:GO:1905553,biological_process,regulation of blood vessel branching
go:GO:1905555,biological_process,positive regulation of blood vessel branching
go:GO:1905562,biological_process,regulation of vascular endothelial cell proliferation
go:GO:1905564,biological_process,positive regulation of vascular endothelial cell proliferation
go:GO:1905606,biological_process,regulation of presynapse assembly
go:GO:1905637,biological_process,regulation of mitochondrial mRNA catabolic process
go:GO:1905638,biological_process,negative regulation of mitochondrial mRNA catabolic process
go:GO:1905651,biological_process,regulation of artery morphogenesis
go:GO:1905653,biological_process,positive regulation of artery morphogenesis
go:GO:1905671,biological_process,regulation of lysosome organization
go:GO:1905672,biological_process,negative regulation of lysosome organization
go:GO:1905710,biological_process,positive regulation of membrane permeability
go:GO:1905780,biological_process,regulation of phosphatidylserine exposure on apoptotic cell surface
go:GO:1905782,biological_process,positive regulation of phosphatidylserine exposure on apoptotic cell surface
go:GO:1905809,biological_process,negative regulation of synapse organization
go:GO:1905818,biological_process,regulation of chromosome separation
go:GO:1905819,biological_process,negative regulation of chromosome separation
go:GO:1905890,biological_process,regulation of cellular response to very-low-density lipoprotein particle stimulus
go:GO:1905897,biological_process,regulation of response to endoplasmic reticulum stress
go:GO:1905898,biological_process,positive regulation of response to endoplasmic reticulum stress
go:GO:1905906,biological_process,regulation of amyloid fibril formation
go:GO:1905907,biological_process,negative regulation of amyloid fibril formation
go:GO:1905908,biological_process,positive regulation of amyloid fibril formation
go:GO:1905912,biological_process,regulation of calcium ion export across plasma membrane
go:GO:1905913,biological_process,negative regulation of calcium ion export across plasma membrane
go:GO:1905952,biological_process,regulation of lipid localization
go:GO:1905953,biological_process,negative regulation of lipid localization
go:GO:1905954,biological_process,positive regulation of lipid localization
go:GO:1990000,biological_process,amyloid fibril formation
go:GO:1990049,biological_process,retrograde neuronal dense core vesicle transport
go:GO:1990089,biological_process,response to nerve growth factor
go:GO:1990090,biological_process,cellular response to nerve growth factor stimulus
go:GO:1990116,biological_process,ribosome-associated ubiquitin-dependent protein catabolic process
go:GO:1990138,biological_process,neuron projection extension
go:GO:1990166,biological_process,protein localization to site of double-strand break
go:GO:1990180,biological_process,mitochondrial tRNA 3'-end processing
go:GO:1990253,biological_process,cellular response to leucine starvation
go:GO:1990261,biological_process,pre-mRNA catabolic process
go:GO:1990403,biological_process,embryonic brain development
go:GO:1990418,biological_process,response to insulin-like growth factor stimulus
go:GO:1990428,biological_process,miRNA transport
go:GO:1990478,biological_process,response to ultrasound
go:GO:1990504,biological_process,dense core granule exocytosis
go:GO:1990542,biological_process,mitochondrial transmembrane transport
go:GO:1990547,biological_process,mitochondrial phosphate ion transmembrane transport
go:GO:1990573,biological_process,potassium ion import across plasma membrane
go:GO:1990683,biological_process,DNA double-strand break attachment to nuclear envelope
go:GO:1990700,biological_process,nucleolar chromatin organization
go:GO:1990709,biological_process,presynaptic active zone organization
go:GO:1990737,biological_process,response to manganese-induced endoplasmic reticulum stress
go:GO:1990748,biological_process,cellular detoxification
go:GO:1990776,biological_process,response to angiotensin
go:GO:1990778,biological_process,protein localization to cell periphery
go:GO:1990791,biological_process,dorsal root ganglion development
go:GO:1990840,biological_process,response to lectin
go:GO:1990858,biological_process,cellular response to lectin
go:GO:1990868,biological_process,response to chemokine
go:GO:1990869,biological_process,cellular response to chemokine
go:GO:1990928,biological_process,response to amino acid starvation
go:GO:2000008,biological_process,regulation of protein localization to cell surface
go:GO:2000010,biological_process,positive regulation of protein localization to cell surface
go:GO:2000026,biological_process,regulation of multicellular organismal development
go:GO:2000027,biological_process,regulation of animal organ morphogenesis
go:GO:2000036,biological_process,regulation of stem cell population maintenance
go:GO:2000042,biological_process,negative regulation of double-strand break repair via homologous recombination
go:GO:2000045,biological_process,regulation of G1/S transition of mitotic cell cycle
go:GO:2000050,biological_process,regulation of non-canonical Wnt signaling pathway
go:GO:2000052,biological_process,positive regulation of non-canonical Wnt signaling pathway
go:GO:2000058,biological_process,regulation of ubiquitin-dependent protein catabolic process
go:GO:2000059,biological_process,negative regulation of ubiquitin-dependent protein catabolic process
go:GO:2000060,biological_process,positive regulation of ubiquitin-dependent protein catabolic process
go:GO:2000074,biological_process,regulation of type B pancreatic cell development
go:GO:2000077,biological_process,negative regulation of type B pancreatic cell development
go:GO:2000105,biological_process,positive regulation of DNA-templated DNA replication
go:GO:2000106,biological_process,regulation of leukocyte apoptotic process
go:GO:2000107,biological_process,negative regulation of leukocyte apoptotic process
go:GO:2000134,biological_process,negative regulation of G1/S transition of mitotic cell cycle
go:GO:2000136,biological_process,regulation of cell proliferation involved in heart morphogenesis
go:GO:2000138,biological_process,positive regulation of cell proliferation involved in heart morphogenesis
go:GO:2000142,biological_process,regulation of DNA-templated transcription initiation
go:GO:2000143,biological_process,negative regulation of DNA-templated transcription initiation
go:GO:2000144,biological_process,positive regulation of DNA-templated transcription initiation
go:GO:2000145,biological_process,regulation of cell motility
go:GO:2000146,biological_process,negative regulation of cell motility
go:GO:2000147,biological_process,positive regulation of cell motility
go:GO:2000155,biological_process,positive regulation of cilium-dependent cell motility
go:GO:2000177,biological_process,regulation of neural precursor cell proliferation
go:GO:2000178,biological_process,negative regulation of neural precursor cell proliferation
go:GO:2000179,biological_process,positive regulation of neural precursor cell proliferation
go:GO:2000181,biological_process,negative regulation of blood vessel morphogenesis
go:GO:2000191,biological_process,regulation of fatty acid transport
go:GO:2000192,biological_process,negative regulation of fatty acid transport
go:GO:2000209,biological_process,regulation of anoikis
go:GO:2000241,biological_process,regulation of reproductive process
go:GO:2000243,biological_process,positive regulation of reproductive process
go:GO:2000278,biological_process,regulation of DNA biosynthetic process
go:GO:2000295,biological_process,regulation of hydrogen peroxide catabolic process
go:GO:2000300,biological_process,regulation of synaptic vesicle exocytosis
go:GO:2000316,biological_process,regulation of T-helper 17 type immune response
go:GO:2000318,biological_process,positive regulation of T-helper 17 type immune response
go:GO:2000319,biological_process,regulation of T-helper 17 cell differentiation
go:GO:2000321,biological_process,positive regulation of T-helper 17 cell differentiation
go:GO:2000328,biological_process,regulation of T-helper 17 cell lineage commitment
go:GO:2000330,biological_process,positive regulation of T-helper 17 cell lineage commitment
go:GO:2000351,biological_process,regulation of endothelial cell apoptotic process
go:GO:2000352,biological_process,negative regulation of endothelial cell apoptotic process
go:GO:2000353,biological_process,positive regulation of endothelial cell apoptotic process
go:GO:2000367,biological_process,regulation of acrosomal vesicle exocytosis
go:GO:2000377,biological_process,regulation of reactive oxygen species metabolic process
go:GO:2000378,biological_process,negative regulation of reactive oxygen species metabolic process
go:GO:2000379,biological_process,positive regulation of reactive oxygen species metabolic process
go:GO:2000392,biological_process,regulation of lamellipodium morphogenesis
go:GO:2000394,biological_process,positive regulation of lamellipodium morphogenesis
go:GO:2000401,biological_process,regulation of lymphocyte migration
go:GO:2000403,biological_process,positive regulation of lymphocyte migration
go:GO:2000404,biological_process,regulation of T cell migration
go:GO:2000406,biological_process,positive regulation of T cell migration
go:GO:2000465,biological_process,regulation of glycogen (starch) synthase activity
go:GO:2000466,biological_process,negative regulation of glycogen (starch) synthase activity
go:GO:2000508,biological_process,regulation of dendritic cell chemotaxis
go:GO:2000510,biological_process,positive regulation of dendritic cell chemotaxis
go:GO:2000514,biological_process,"regulation of CD4-positive, alpha-beta T cell activation"
go:GO:2000516,biological_process,"positive regulation of CD4-positive, alpha-beta T cell activation"
go:GO:2000535,biological_process,regulation of entry of bacterium into host cell
go:GO:2000536,biological_process,negative regulation of entry of bacterium into host cell
go:GO:2000561,biological_process,"regulation of CD4-positive, alpha-beta T cell proliferation"
go:GO:2000563,biological_process,"positive regulation of CD4-positive, alpha-beta T cell proliferation"
go:GO:2000573,biological_process,positive regulation of DNA biosynthetic process
go:GO:2000583,biological_process,regulation of platelet-derived growth factor receptor-alpha signaling pathway
go:GO:2000584,biological_process,negative regulation of platelet-derived growth factor receptor-alpha signaling pathway
go:GO:2000601,biological_process,positive regulation of Arp2/3 complex-mediated actin nucleation
go:GO:2000628,biological_process,regulation of miRNA metabolic process
go:GO:2000629,biological_process,negative regulation of miRNA metabolic process
go:GO:2000630,biological_process,positive regulation of miRNA metabolic process
go:GO:2000638,biological_process,regulation of SREBP signaling pathway
go:GO:2000639,biological_process,negative regulation of SREBP signaling pathway
go:GO:2000641,biological_process,regulation of early endosome to late endosome transport
go:GO:2000644,biological_process,regulation of receptor catabolic process
go:GO:2000646,biological_process,positive regulation of receptor catabolic process
go:GO:2000648,biological_process,positive regulation of stem cell proliferation
go:GO:2000668,biological_process,regulation of dendritic cell apoptotic process
go:GO:2000669,biological_process,negative regulation of dendritic cell apoptotic process
go:GO:2000674,biological_process,regulation of type B pancreatic cell apoptotic process
go:GO:2000675,biological_process,negative regulation of type B pancreatic cell apoptotic process
go:GO:2000677,biological_process,regulation of transcription regulatory region DNA binding
go:GO:2000678,biological_process,negative regulation of transcription regulatory region DNA binding
go:GO:2000696,biological_process,regulation of epithelial cell differentiation involved in kidney development
go:GO:2000697,biological_process,negative regulation of epithelial cell differentiation involved in kidney development
go:GO:2000725,biological_process,regulation of cardiac muscle cell differentiation
go:GO:2000727,biological_process,positive regulation of cardiac muscle cell differentiation
go:GO:2000736,biological_process,regulation of stem cell differentiation
go:GO:2000737,biological_process,negative regulation of stem cell differentiation
go:GO:2000738,biological_process,positive regulation of stem cell differentiation
go:GO:2000739,biological_process,regulation of mesenchymal stem cell differentiation
go:GO:2000740,biological_process,negative regulation of mesenchymal stem cell differentiation
go:GO:2000765,biological_process,regulation of cytoplasmic translation
go:GO:2000767,biological_process,positive regulation of cytoplasmic translation
go:GO:2000779,biological_process,regulation of double-strand break repair
go:GO:2000780,biological_process,negative regulation of double-strand break repair
go:GO:2000781,biological_process,positive regulation of double-strand break repair
go:GO:2000785,biological_process,regulation of autophagosome assembly
go:GO:2000786,biological_process,positive regulation of autophagosome assembly
go:GO:2000791,biological_process,negative regulation of mesenchymal cell proliferation involved in lung development
go:GO:2000811,biological_process,negative regulation of anoikis
go:GO:2000816,biological_process,negative regulation of mitotic sister chromatid separation
go:GO:2000819,biological_process,regulation of nucleotide-excision repair
go:GO:2000822,biological_process,regulation of behavioral fear response
go:GO:2000827,biological_process,mitochondrial RNA surveillance
go:GO:2001014,biological_process,regulation of skeletal muscle cell differentiation
go:GO:2001015,biological_process,negative regulation of skeletal muscle cell differentiation
go:GO:2001026,biological_process,regulation of endothelial cell chemotaxis
go:GO:2001028,biological_process,positive regulation of endothelial cell chemotaxis
go:GO:2001138,biological_process,regulation of phospholipid transport
go:GO:2001139,biological_process,negative regulation of phospholipid transport
go:GO:2001140,biological_process,positive regulation of phospholipid transport
go:GO:2001141,biological_process,regulation of RNA biosynthetic process
go:GO:2001169,biological_process,regulation of ATP biosynthetic process
go:GO:2001171,biological_process,positive regulation of ATP biosynthetic process
go:GO:2001176,biological_process,regulation of mediator complex assembly
go:GO:2001178,biological_process,positive regulation of mediator complex assembly
go:GO:2001212,biological_process,regulation of vasculogenesis
go:GO:2001214,biological_process,positive regulation of vasculogenesis
go:GO:2001233,biological_process,regulation of apoptotic signaling pathway
go:GO:2001234,biological_process,negative regulation of apoptotic signaling pathway
go:GO:2001235,biological_process,positive regulation of apoptotic signaling pathway
go:GO:2001236,biological_process,regulation of extrinsic apoptotic signaling pathway
go:GO:2001237,biological_process,negative regulation of extrinsic apoptotic signaling pathway
go:GO:2001238,biological_process,positive regulation of extrinsic apoptotic signaling pathway
go:GO:2001242,biological_process,regulation of intrinsic apoptotic signaling pathway
go:GO:2001243,biological_process,negative regulation of intrinsic apoptotic signaling pathway
go:GO:2001244,biological_process,positive regulation of intrinsic apoptotic signaling pathway
go:GO:2001251,biological_process,negative regulation of chromosome organization
go:GO:2001252,biological_process,positive regulation of chromosome organization
go:GO:2001286,biological_process,regulation of caveolin-mediated endocytosis
go:GO:2001293,biological_process,malonyl-CoA metabolic process
go:GO:2001295,biological_process,malonyl-CoA biosynthetic process
root,root,biological_process
target:AASS,target,AASS
target:ACAT2,target,ACAT2
target:ACLY,target,ACLY
target:ACTN1,target,ACTN1
target:ACVR1B,target,ACVR1B
target:ADNP,target,ADNP
target:AKT2,target,AKT2
target:ANKZF1,target,ANKZF1
target:ANTXR1,target,ANTXR1
target:ANXA6,target,ANXA6
target:APOE,target,APOE
target:ARID1A,target,ARID1A
target:ARID3A,target,ARID3A
target:ARPC2,target,ARPC2
target:ASF1A,target,ASF1A
target:ATF4,target,ATF4
target:ATM,target,ATM
target:ATP1B1,target,ATP1B1
target:ATP6V0B,target,ATP6V0B
target:ATP6V0C,target,ATP6V0C
target:BECN1,target,BECN1
target:BIRC2,target,BIRC2
target:BRD9,target,BRD9
target:BRPF1,target,BRPF1
target:C1QBP,target,C1QBP
target:CALM3,target,CALM3
target:CAMSAP2,target,CAMSAP2
target:CASP2,target,CASP2
target:CASP3,target,CASP3
target:CAST,target,CAST
target:CD276,target,CD276
target:CDC25B,target,CDC25B
target:CDCA2,target,CDCA2
target:CENPB,target,CENPB
target:CENPO,target,CENPO
target:CHMP3,target,CHMP3
target:CLDN6,target,CLDN6
target:CLDN7,target,CLDN7
target:CNN3,target,CNN3
target:COASY,target,COASY
target:COL6A1,target,COL6A1
target:COX4I1,target,COX4I1
target:COX6C,target,COX6C
target:CREG1,target,CREG1
target:CREM,target,CREM
target:CSK,target,CSK
target:CSNK1E,target,CSNK1E
target:CTBP2,target,CTBP2
target:CTNNB1,target,CTNNB1
target:CTSV,target,CTSV
target:CXCL12,target,CXCL12
target:CYCS,target,CYCS
target:CYFIP1,target,CYFIP1
target:DAXX,target,DAXX
target:DCK,target,DCK
target:DHCR24,target,DHCR24
target:DHX36,target,DHX36
target:DHX9,target,DHX9
target:DLG5,target,DLG5
target:DNAJA3,target,DNAJA3
target:DNMT1,target,DNMT1
target:DOT1L,target,DOT1L
target:DPF2,target,DPF2
target:DPH2,target,DPH2
target:DZIP3,target,DZIP3
target:EHMT1,target,EHMT1
target:EHMT2,target,EHMT2
target:EID2,target,EID2
target:EIF3H,target,EIF3H
target:EIF4B,target,EIF4B
target:ELAC2,target,ELAC2
target:EP300,target,EP300
target:EPB41L2,target,EPB41L2
target:EPHB4,target,EPHB4
target:EPHX1,target,EPHX1
target:ETV4,target,ETV4
target:EWSR1,target,EWSR1
target:FDPS,target,FDPS
target:FGFR1,target,FGFR1
target:FIBP,target,FIBP
target:FOXH1,target,FOXH1
target:FUBP1,target,FUBP1
target:GNG12,target,GNG12
target:GRB10,target,GRB10
target:GSK3B,target,GSK3B
target:GSTZ1,target,GSTZ1
target:GULP1,target,GULP1
target:HAT1,target,HAT1
target:HAX1,target,HAX1
target:HDAC3,target,HDAC3
target:HDAC8,target,HDAC8
target:HDGF,target,HDGF
target:HIRA,target,HIRA
target:HMGB2,target,HMGB2
target:HMGCR,target,HMGCR
target:HMGCS1,target,HMGCS1
target:HMGN1,target,HMGN1
target:HMGXB4,target,HMGXB4
target:HSBP1,target,HSBP1
target:HSP90B1,target,HSP90B1
target:HTATSF1,target,HTATSF1
target:IDE,target,IDE
target:IGF1R,target,IGF1R
target:IGF2R,target,IGF2R
target:IKBKG,target,IKBKG
target:INO80B,target,INO80B
target:INSIG1,target,INSIG1
target:IRF3,target,IRF3
target:ITGAV,target,ITGAV
target:JAZF1,target,JAZF1
target:JMJD1C,target,JMJD1C
target:JMJD8,target,JMJD8
target:KAT2A,target,KAT2A
target:KDM1A,target,KDM1A
target:KDM2B,target,KDM2B
target:KDR,target,KDR
target:KIF1B,target,KIF1B
target:KIF20A,target,KIF20A
target:KLF10,target,KLF10
target:KLHDC2,target,KLHDC2
target:KRT18,target,KRT18
target:LAD1,target,LAD1
target:LAP3,target,LAP3
target:LBR,target,LBR
target:LRPPRC,target,LRPPRC
target:LTBR,target,LTBR
target:LZTR1,target,LZTR1
target:MAP1B,target,MAP1B
target:MAP3K7,target,MAP3K7
target:MAPKAPK2,target,MAPKAPK2
target:MAST2,target,MAST2
target:MAT2A,target,MAT2A
target:MAU2,target,MAU2
target:MAX,target,MAX
target:MBTPS1,target,MBTPS1
target:MED1,target,MED1
target:MED12,target,MED12
target:MED13,target,MED13
target:MED13L,target,MED13L
target:MED15,target,MED15
target:MED19,target,MED19
target:MED23,target,MED23
target:MED24,target,MED24
target:MED25,target,MED25
target:METTL14,target,METTL14
target:METTL17,target,METTL17
target:METTL3,target,METTL3
target:MFSD10,target,MFSD10
target:MGST1,target,MGST1
target:MKI67,target,MKI67
target:MLLT1,target,MLLT1
target:MORN2,target,MORN2
target:MPC2,target,MPC2
target:MTA1,target,MTA1
target:MTFR1,target,MTFR1
target:NCAPH2,target,NCAPH2
target:NCK2,target,NCK2
target:NCKAP1,target,NCKAP1
target:NDUFB4,target,NDUFB4
target:NDUFB6,target,NDUFB6
target:NDUFB9,target,NDUFB9
target:NDUFC2,target,NDUFC2
target:NEK2,target,NEK2
target:NELFE,target,NELFE
target:NFATC3,target,NFATC3
target:NFE2L1,target,NFE2L1
target:NFX1,target,NFX1
target:NGRN,target,NGRN
target:NISCH,target,NISCH
target:NIT1,target,NIT1
target:NRAS,target,NRAS
target:NREP,target,NREP
target:NSDHL,target,NSDHL
target:NUDT9,target,NUDT9
target:OAZ1,target,OAZ1
target:OSTC,target,OSTC
target:OXA1L,target,OXA1L
target:OXCT1,target,OXCT1
target:PACSIN3,target,PACSIN3
target:PAGR1,target,PAGR1
target:PAXIP1,target,PAXIP1
target:PBX1,target,PBX1
target:PBX3,target,PBX3
target:PCCB,target,PCCB
target:PGAM1,target,PGAM1
target:PHF10,target,PHF10
target:PHF12,target,PHF12
target:PHF14,target,PHF14
target:PIAS1,target,PIAS1
target:PLAGL2,target,PLAGL2
target:PLCB3,target,PLCB3
target:PMEL,target,PMEL
target:PMS1,target,PMS1
target:POLB,target,POLB
target:PPP2R3C,target,PPP2R3C
target:PRCP,target,PRCP
target:PRDM14,target,PRDM14
target:PRR12,target,PRR12
target:PSME1,target,PSME1
target:PSMG1,target,PSMG1
target:PTPN1,target,PTPN1
target:RAB3B,target,RAB3B
target:RAF1,target,RAF1
target:RBPJ,target,RBPJ
target:RFX5,target,RFX5
target:RNF2,target,RNF2
target:RNF20,target,RNF20
target:RNF40,target,RNF40
target:RRM1,target,RRM1
target:RRM2,target,RRM2
target:SAFB,target,SAFB
target:SAFB2,target,SAFB2
target:SALL4,target,SALL4
target:SBDS,target,SBDS
target:SCCPDH,target,SCCPDH
target:SDC1,target,SDC1
target:SEC62,target,SEC62
target:SET,target,SET
target:SETDB1,target,SETDB1
target:SH3BP4,target,SH3BP4
target:SHPRH,target,SHPRH
target:SIN3B,target,SIN3B
target:SIX4,target,SIX4
target:SLC25A3,target,SLC25A3
target:SLC39A6,target,SLC39A6
target:SLC5A6,target,SLC5A6
target:SLIRP,target,SLIRP
target:SMAGP,target,SMAGP
target:SMARCA4,target,SMARCA4
target:SMARCA5,target,SMARCA5
target:SMARCB1,target,SMARCB1
target:SMARCE1,target,SMARCE1
target:SNCA,target,SNCA
target:SOX2,target,SOX2
target:SOX4,target,SOX4
target:SRC,target,SRC
target:SSBP1,target,SSBP1
target:STAG2,target,STAG2
target:STAT1,target,STAT1
target:STAT6,target,STAT6
target:STRAP,target,STRAP
target:STUB1,target,STUB1
target:STX4,target,STX4
target:STXBP1,target,STXBP1
target:SUPT4H1,target,SUPT4H1
target:SUPV3L1,target,SUPV3L1
target:SV2A,target,SV2A
target:TADA1,target,TADA1
target:TAF11,target,TAF11
target:TAF13,target,TAF13
target:TARBP2,target,TARBP2
target:TAZ,target,TAZ
target:TCF3,target,TCF3
target:TCF7L2,target,TCF7L2
target:TET1,target,TET1
target:TFAM,target,TFAM
target:TGFBR2,target,TGFBR2
target:THAP11,target,THAP11
target:THY1,target,THY1
target:TMBIM6,target,TMBIM6
target:TMSB10,target,TMSB10
target:TMSB4X,target,TMSB4X
target:TNFRSF12A,target,TNFRSF12A
target:TOR1A,target,TOR1A
target:TRAFD1,target,TRAFD1
target:TRAM2,target,TRAM2
target:TRAPPC6A,target,TRAPPC6A
target:TSC22D4,target,TSC22D4
target:TSFM,target,TSFM
target:TSKU,target,TSKU
target:TUSC3,target,TUSC3
target:TWF2,target,TWF2
target:TXNDC9,target,TXNDC9
target:UBE3C,target,UBE3C
target:UGDH,target,UGDH
target:UGP2,target,UGP2
target:UQCRB,target,UQCRB
target:UQCRQ,target,UQCRQ
target:USF2,target,USF2
target:USP22,target,USP22
target:VCL,target,VCL
target:WAC,target,WAC
target:WFS1,target,WFS1
target:WSB2,target,WSB2
target:XRCC4,target,XRCC4
target:ZBTB39,target,ZBTB39
target:ZFP62,target,ZFP62
target:ZNF107,target,ZNF107
target:ZNF286A,target,ZNF286A
target:ZNF32,target,ZNF32
target:ZNF426,target,ZNF426
target:ZNF562,target,ZNF562
target:ZNF581,target,ZNF581
target:ZNF593,target,ZNF593
target:ZNF598,target,ZNF598
target:ZNF664,target,ZNF664
target:ZNF714,target,ZNF714
target:ZNF850,target,ZNF850
target:ZNF92,target,ZNF92
target:ZRSR2,target,ZRSR2
